[
    {
        "type": "message",
        "user": "U2GK97M1A",
        "text": "exclusive link for you guys before I publicize on Saturday: <https:\/\/www.eventbrite.com\/e\/intro-to-cryptocurrency-trading-class-tickets-35415737424>",
        "attachments": [
            {
                "service_name": "Eventbrite",
                "title": "Intro to Cryptocurrency Trading Class",
                "title_link": "https:\/\/www.eventbrite.com\/e\/intro-to-cryptocurrency-trading-class-tickets-35415737424",
                "text": "Interested in learning how to invest in crypto? This intro to trading class will cover the basics, such as what exchanges to use and how to use them, a cursory overview of the top 5-10 market cap cryptos, examples of ICO analysis, and other tips, tricks, and best practices that will be useful to anyone looking to get involved.",
                "fallback": "Eventbrite: Intro to Cryptocurrency Trading Class",
                "image_url": "https:\/\/img.evbuc.com\/https%3A%2F%2Fcdn.evbuc.com%2Fimages%2F32388219%2F162768740960%2F1%2Foriginal.jpg?w=1000&rect=198%2C0%2C1260%2C630&s=72d45d0686f9131c96317bcb48287a6a",
                "fields": [
                    {
                        "title": "Where",
                        "value": "2560 Bancroft Way, Berkeley, CA 94704",
                        "short": true
                    },
                    {
                        "title": "When",
                        "value": "Wed, Jun 28, 2017 at 7:30 PM",
                        "short": true
                    }
                ],
                "from_url": "https:\/\/www.eventbrite.com\/e\/intro-to-cryptocurrency-trading-class-tickets-35415737424",
                "image_width": 500,
                "image_height": 250,
                "image_bytes": 140204,
                "service_icon": "https:\/\/cdn.evbstatic.com\/s3-build\/perm_001\/1aab42\/django\/images\/touch_icons\/apple-touch-icon-57x57.png",
                "id": 1
            }
        ],
        "ts": "1497584487.487672"
    }
]