[
    {
        "type": "message",
        "user": "U2D0K9866",
        "text": "any thoughts on participating in the Raiden ICO?",
        "ts": "1508871980.000433"
    },
    {
        "type": "message",
        "user": "U2CU0HV7D",
        "text": "Current implied valuation is about $10m, expect it in the range of about $30m (within a factor of two incl not sure how much of the token they hold in reserve)",
        "ts": "1508888043.000228"
    },
    {
        "type": "message",
        "user": "U2CU0HV7D",
        "text": "Daily ETH volume is roughly $500m",
        "ts": "1508888062.000202"
    },
    {
        "type": "message",
        "user": "U2CU0HV7D",
        "text": "I think Raiden might capture a decent market share, but a fair amount of volume may be large-ish transfers? Though allowing micropayments could create that new market",
        "ts": "1508888154.000026"
    },
    {
        "type": "message",
        "user": "U2CU0HV7D",
        "text": "Anyways, seems plausible their valuation could go up relatively quickly, but downside is that the implementation looks pretty technical and may take a while",
        "ts": "1508888195.000030"
    },
    {
        "type": "message",
        "user": "U2CU0HV7D",
        "text": "But also only fees are paid for via Raiden, which means much lower amount needed to be held",
        "ts": "1508888684.000192"
    },
    {
        "type": "message",
        "user": "U2CU0HV7D",
        "text": "So I’d guess something like maybe this allows double market volume (500m*2=1000m), half of that’s on Raiden (500m), fees are .1% (.5m), people hold 100x what they need (50m), and maybe some hype pushes this a little higher",
        "ts": "1508888874.000080"
    },
    {
        "type": "message",
        "user": "U2CU0HV7D",
        "text": "But also only some probability of reaching such a large market share, so bring that down to maybe 25m total",
        "ts": "1508888923.000065"
    },
    {
        "type": "message",
        "user": "U2CU0HV7D",
        "text": "Of course, this is only what valuation would be without weird extra hype and bumps, so I may buy some and see if it irrationally spikes afterward despite the Dutch auction format",
        "ts": "1508888983.000154"
    },
    {
        "type": "message",
        "user": "U2D0K9866",
        "text": "thank you!! so helpful",
        "ts": "1508890405.000176"
    }
]