[
    {
        "type": "message",
        "user": "U2D08CYRK",
        "text": "<@U2D0K9866> I’m happy to do that sometime this weekend.",
        "ts": "1495757720.717965"
    },
    {
        "type": "message",
        "user": "U2D0K9866",
        "text": "Alex connected me with someone, thank you though ",
        "ts": "1495759864.114098"
    },
    {
        "text": "Please clap.",
        "type": "message",
        "subtype": "slackbot_response",
        "user": "USLACKBOT",
        "ts": "1495759864.114133"
    }
]