[
    {
        "type": "message",
        "user": "U2CU0HV7D",
        "text": "\"In fact most of the money to be made from big trends is made indirectly. It was not the railroads themselves that made the most money during the railroad boom, but the companies on either side, like Carnegie's steelworks, which made the rails, and Standard Oil, which used railroads to get oil to the East Coast, where it could be shipped to Europe.\" -PG",
        "ts": "1504631805.000224",
        "reactions": [
            {
                "name": "+1",
                "users": [
                    "U2D0CPE6M",
                    "U2D0K9866"
                ],
                "count": 2
            }
        ]
    }
]