[
    {
        "type": "message",
        "user": "U2CU0HV7D",
        "text": "0x is about to blow up. I thought their $24m cap was for day 1, but it's for the entire ICO. I'm trying to figure out when it'll hit exchanges: they're already issuing the tokens, but are they locked for some time period? Anyways, it's a risky move, but I'm anticipating it shooting up high enough that for once it may actually be reasonable to try to buy right after it hits exchanges and flip it a day later. I'm still pegging it at about $250m market cap, so if it opens significantly lower than this...",
        "thread_ts": "1502830807.000263",
        "reply_count": 1,
        "replies": [
            {
                "user": "U2D0K9866",
                "ts": "1502860844.000097"
            }
        ],
        "unread_count": 1,
        "ts": "1502830807.000263",
        "reactions": [
            {
                "name": "+1",
                "users": [
                    "U2D0K9866"
                ],
                "count": 1
            }
        ]
    },
    {
        "type": "message",
        "user": "U2GK97M1A",
        "text": "Just putting this out there, if anyone is interested in more diverse and active discussion on crypto trading, I can invite you to the Blockchain at Berkeley community slack. We have members who have been involved in the space for 5+ years, industry leaders, and accredited investors who sometimes set up pools. We also talk technical stuff, jobs, current events, blockchain dev, etc, in various channels. React if you want an invite.",
        "ts": "1502831966.000495",
        "reactions": [
            {
                "name": "crab",
                "users": [
                    "U2CU0HV7D"
                ],
                "count": 1
            },
            {
                "name": "zap",
                "users": [
                    "U2D0CPE6M"
                ],
                "count": 1
            },
            {
                "name": "tropical_fish",
                "users": [
                    "U2D0C4SH5"
                ],
                "count": 1
            },
            {
                "name": "bomb",
                "users": [
                    "U2D0K9866"
                ],
                "count": 1
            },
            {
                "name": "alembic",
                "users": [
                    "U2CU0JCGK"
                ],
                "count": 1
            },
            {
                "name": "table_tennis_paddle_and_ball",
                "users": [
                    "U2D08CYRK"
                ],
                "count": 1
            }
        ]
    },
    {
        "text": "Interesting, thanks. Would appreciate update if you figure out when hit exchanges ",
        "thread_ts": "1502830807.000263",
        "type": "message",
        "subtype": "thread_broadcast",
        "user": "U2D0K9866",
        "root": {
            "type": "message",
            "user": "U2CU0HV7D",
            "text": "0x is about to blow up. I thought their $24m cap was for day 1, but it's for the entire ICO. I'm trying to figure out when it'll hit exchanges: they're already issuing the tokens, but are they locked for some time period? Anyways, it's a risky move, but I'm anticipating it shooting up high enough that for once it may actually be reasonable to try to buy right after it hits exchanges and flip it a day later. I'm still pegging it at about $250m market cap, so if it opens significantly lower than this...",
            "thread_ts": "1502830807.000263",
            "reply_count": 1,
            "replies": [
                {
                    "user": "U2D0K9866",
                    "ts": "1502860844.000097"
                }
            ],
            "unread_count": 1,
            "ts": "1502830807.000263"
        },
        "ts": "1502860844.000097"
    },
    {
        "timestamp": "1502860844000097",
        "is_multiteam": false,
        "slog_is_shared": "0",
        "slog_is_mpdm": "0",
        "slog_is_slackbot_dm": false,
        "slog_is_self_dm": false,
        "is_thread_broadcast": true,
        "plain_text": "Interesting, thanks. Would appreciate update if you figure out when hit exchanges ",
        "new_broadcast": true,
        "attachments": [
            {
                "from_url": "https:\/\/theeventhorizon.slack.com\/archives\/C5D769HS8\/p1502830807000263",
                "fallback": "[August 15th, 2017 2:00 PM] flexman: 0x is about to blow up. I thought their $24m cap was for day 1, but it's for the entire ICO. I'm trying to figure out when it'll hit exchanges: they're already issuing the tokens, but are they locked for some time period? Anyways, it's a risky move, but I'm anticipating it shooting up high enough that for once it may actually be reasonable to try to buy right after it hits exchanges and flip it a day later. I'm still pegging it at about $250m market cap, so if it opens significantly lower than this...",
                "ts": "1502830807.000263",
                "author_subname": "flexman",
                "channel_id": "C5D769HS8",
                "channel_name": "investing",
                "is_msg_unfurl": true,
                "is_thread_root_unfurl": true,
                "text": "0x is about to blow up. I thought their $24m cap was for day 1, but it's for the entire ICO. I'm trying to figure out when it'll hit exchanges: they're already issuing the tokens, but are they locked for some time period? Anyways, it's a risky move, but I'm anticipating it shooting up high enough that for once it may actually be reasonable to try to buy right after it hits exchanges and flip it a day later. I'm still pegging it at about $250m market cap, so if it opens significantly lower than this...",
                "author_name": "Connor Flexman",
                "author_link": "https:\/\/theeventhorizon.slack.com\/team\/flexman",
                "author_icon": "https:\/\/avatars.slack-edge.com\/2016-09-28\/85379946961_852b1cbc71f04f89bfaa_48.png",
                "mrkdwn_in": [
                    "text"
                ],
                "id": 1,
                "footer": "1 reply"
            },
            {
                "fallback": "Interesting, thanks. Would appreciate update if you figure out when hit exchanges ",
                "author_name": "Adam Scholl",
                "author_subname": "adam",
                "text": "Interesting, thanks. Would appreciate update if you figure out when hit exchanges ",
                "mrkdwn_in": [
                    "text"
                ],
                "author_link": "https:\/\/theeventhorizon.slack.com\/team\/adam",
                "from_url": "https:\/\/theeventhorizon.slack.com\/archives\/C5D769HS8\/p1502860844000097?thread_ts=1502830807000263&cid=C5D769HS8",
                "ts": "1502860844.000097",
                "author_icon": "https:\/\/avatars.slack-edge.com\/2017-01-19\/129940200755_51dadd8474322e283bc0_48.jpg",
                "id": 2
            }
        ],
        "text": "",
        "type": "message",
        "subtype": "reply_broadcast",
        "user": "U2D0K9866",
        "ts": "1502860844.000114"
    }
]