[
    {
        "type": "message",
        "user": "U2D08CYRK",
        "text": "Eliezer comments in Tezos subreddit:\n\n<https:\/\/www.reddit.com\/r\/tezos\/comments\/72qrqk\/tezos_addresses_should_seriously_implement\/dnliimq\/?context=3>",
        "attachments": [
            {
                "service_name": "reddit",
                "title": "Tezos addresses should seriously implement checksums • r\/tezos",
                "title_link": "https:\/\/www.reddit.com\/r\/tezos\/comments\/72qrqk\/tezos_addresses_should_seriously_implement\/dnliimq\/?context=3",
                "text": "+1 on this seeming like one of the few features worth implementing early instead of waiting for a vote.",
                "fallback": "reddit: Tezos addresses should seriously implement checksums • r\/tezos",
                "thumb_url": "https:\/\/www.redditstatic.com\/icon.png",
                "from_url": "https:\/\/www.reddit.com\/r\/tezos\/comments\/72qrqk\/tezos_addresses_should_seriously_implement\/dnliimq\/?context=3",
                "thumb_width": 256,
                "thumb_height": 256,
                "service_icon": "https:\/\/www.reddit.com\/favicon.ico",
                "id": 1
            }
        ],
        "ts": "1506718841.000029",
        "reactions": [
            {
                "name": "+1",
                "users": [
                    "U2D0K9866"
                ],
                "count": 1
            }
        ]
    },
    {
        "type": "message",
        "user": "U2D08CYRK",
        "text": "(first indication i’ve seen that he’s aware of Tezos)",
        "ts": "1506718872.000247"
    },
    {
        "type": "message",
        "user": "U2D08CYRK",
        "text": "(surprising because he hasn’t previously seemed super interested in cryptos)",
        "ts": "1506718908.000257"
    }
]