[
    {
        "type": "message",
        "user": "U2D08CYRK",
        "text": "Tezos won’t be released until Feb. Short the BitMEX future (which resolves to ICO price if chain is not launched by December).\n\n<https:\/\/medium.com\/@arthurb\/the-path-forward-eb2e6f63be67>",
        "attachments": [
            {
                "service_name": "Medium",
                "title": "The Path Forward – ArthurB – Medium",
                "title_link": "https:\/\/medium.com\/@arthurb\/the-path-forward-eb2e6f63be67",
                "text": "A letter from Arthur &amp; Kathleen Breitman to the Tezos community.",
                "fallback": "Medium: The Path Forward – ArthurB – Medium",
                "fields": [
                    {
                        "title": "Reading time",
                        "value": "5 min read",
                        "short": true
                    }
                ],
                "ts": 1508355363,
                "from_url": "https:\/\/medium.com\/@arthurb\/the-path-forward-eb2e6f63be67",
                "service_icon": "https:\/\/cdn-images-1.medium.com\/fit\/c\/304\/304\/1*8I-HPL0bfoIzGied-dzOvA.png",
                "id": 1
            }
        ],
        "ts": "1508448361.000150"
    },
    {
        "type": "message",
        "user": "U2CU0HV7D",
        "text": "Still can’t do this since Bitmex excludes US",
        "ts": "1508448505.000110"
    }
]