[
    {
        "type": "message",
        "user": "U2CU0HV7D",
        "text": "Damn you're totally right",
        "thread_ts": "1503191262.000064",
        "parent_user_id": "U2CU0HV7D",
        "ts": "1503339066.000375"
    },
    {
        "type": "message",
        "user": "U2CU0HV7D",
        "text": "Also remembering now that Poor Economics mentioned that the first thing people spent money on past subsistence was basically more tasteful food",
        "edited": {
            "user": "U2CU0HV7D",
            "ts": "1503339140.000000"
        },
        "thread_ts": "1503191262.000064",
        "parent_user_id": "U2CU0HV7D",
        "ts": "1503339123.000338"
    }
]