[
    {
        "type": "message",
        "user": "U2CU0HV7D",
        "text": "Looks like you have to be an accredited investor (more than 1m in assets or 200k salary for last two years) to invest on AngelList now? Was this always the case? Thought I talked to someone a few months ago about using this",
        "ts": "1501875775.841967"
    },
    {
        "type": "message",
        "user": "U2CU0HV7D",
        "text": "Also, anyone in the house have accredited investor status? I'm really bullish on this filecoin IPO, but it's on CoinList, a subsidiary of AngelList that also requires investor status",
        "ts": "1501875825.863624"
    },
    {
        "type": "message",
        "user": "U2D0K9866",
        "text": "Pretty sure was always the case. Am also v interested in filecoin ",
        "ts": "1501896327.104534"
    }
]