[
    {
        "type": "message",
        "user": "U2D0K9866",
        "text": "At one point I planned to do this as my PhD thesis",
        "thread_ts": "1503190478.000026",
        "parent_user_id": "U2CU0HV7D",
        "ts": "1503231830.000065",
        "reactions": [
            {
                "name": "notes",
                "users": [
                    "U2CU0HV7D"
                ],
                "count": 1
            }
        ]
    },
    {
        "type": "message",
        "user": "U2D0K9866",
        "text": "Seems to me plausible tho unlikely over the long-term;  even if algae happens now I expect the cultural shift would take really long. Food is culturally important almost everywhere. Further the ones who I'd think would benefit most from it e.g. Africa don't import much American food (<https:\/\/www.ers.usda.gov\/webdocs\/charts\/58435\/-thurs-mted-us-agricultural-exports-by-global-region.png?v=42614>); Asia imports a lot, but my impression is that the poor (i.e. people with strong incentive to switch to Soylent) mostly eat hella cheap rice anyway",
        "attachments": [
            {
                "fallback": "939x688px image",
                "image_url": "https:\/\/www.ers.usda.gov\/webdocs\/charts\/58435\/-thurs-mted-us-agricultural-exports-by-global-region.png?v=42614",
                "image_width": 939,
                "image_height": 688,
                "image_bytes": 35866,
                "from_url": "https:\/\/www.ers.usda.gov\/webdocs\/charts\/58435\/-thurs-mted-us-agricultural-exports-by-global-region.png?v=42614",
                "id": 1
            }
        ],
        "thread_ts": "1503191262.000064",
        "parent_user_id": "U2CU0HV7D",
        "ts": "1503232182.000005"
    },
    {
        "type": "message",
        "user": "U2D08CYRK",
        "text": "What does this mean?",
        "thread_ts": "1503190478.000026",
        "parent_user_id": "U2CU0HV7D",
        "ts": "1503266334.000101"
    }
]