[
    {
        "type": "message",
        "user": "U2J7GJ50Q",
        "text": "Ah.\nI have the strong impression that he's read the Sequences.\nHe seems to be good at generating business ideas and I've heard it claimed that he runs several. He apparently sits down every week and intentionally brainstorms new business ideas to pursue.\nHe was at the AI Safety retreat.\nMichael Vassar likes him a lot and Michael is pretty picky.",
        "thread_ts": "1502664755.320670",
        "parent_user_id": "U2J7GJ50Q",
        "ts": "1502756416.389890",
        "reactions": [
            {
                "name": "+1",
                "users": [
                    "U2CU0HV7D"
                ],
                "count": 1
            }
        ]
    }
]