[
    {
        "type": "message",
        "user": "U2D0K9866",
        "text": "Tried variations of the former a few times, have to enter social to withdraw though and once I do they close the new account too. Haven't tried the latter, but am really sketched out by the site\/its reviews - think I shouldn't be?",
        "thread_ts": "1495591729.786907",
        "parent_user_id": "U2D0K9866",
        "ts": "1495612505.832715"
    },
    {
        "type": "message",
        "user": "U2GK97M1A",
        "text": "I've only known people who've had successful experiences with it, don't know if that's saying much. 3.5 is a lot to risk, for sure.",
        "thread_ts": "1495591729.786907",
        "parent_user_id": "U2D0K9866",
        "ts": "1495643341.356527"
    }
]