[
    {
        "type": "message",
        "user": "U2CU0HV7D",
        "text": "Indeterminacy of translation is something like the idea that you can't ever prove a translation is right because the word \"rock\" could mean a whole bunch of different things since concept space is super fuzzy and different to different people, and if you try to translate it into another language how can you tell if you're right because you don't know the other words they're using, etc. And the counterargument should go that you can achieve successively better models with more and more sophisticated data to figure out which words correlate with which sub-states of the universe and which brain-states are had by different viewers when viewing different state vectors and generally hash out any differences in translation in the limit of infinite computation, etc. And then empirics",
        "thread_ts": "1503190478.000026",
        "parent_user_id": "U2CU0HV7D",
        "ts": "1503528656.000079"
    }
]