[
    {
        "type": "message",
        "user": "U2D08CYRK",
        "text": "<@U2CU0HV7D> <@U2D0K9866> Have you guys looked into NEO (formerly Antshares) at all?\n\nI’m intrigued by the fact that they’ve created a compiler from MSIL (Microsoft intermediate language) into their VM, so you can write smart contracts w\/ C# code. Also, it’s local to China, and people seem to favor local stuff there.",
        "ts": "1502270544.835570"
    },
    {
        "type": "message",
        "user": "U2CU0HV7D",
        "text": "Filecoin IPO might be $600m with a valuation of $1.8b? No longer as interested in investing: current cloud storage market is only ~25b",
        "ts": "1502304659.032152",
        "reactions": [
            {
                "name": "+1",
                "users": [
                    "U2D0K9866"
                ],
                "count": 1
            }
        ]
    },
    {
        "type": "message",
        "user": "U2CU0HV7D",
        "text": "I hadn't looked into NEO. Another competitor :disappointed:",
        "ts": "1502304843.140338"
    },
    {
        "type": "message",
        "user": "U2CU0HV7D",
        "text": "Also 0x goes up in 6 days, registration required in the next 3. Do you guys have any thoughts on this? Esp <@U2D08CYRK> , as it seems like a competitor with Evermarkets, though I know the latter is more about futures",
        "edited": {
            "user": "U2CU0HV7D",
            "ts": "1502307810.000000"
        },
        "ts": "1502307772.764628"
    },
    {
        "type": "message",
        "user": "U2D0K9866",
        "text": "Haven't looked into either much. <@U2D08CYRK>, any thoughts on 0x v. Inter-coin v. Evermarkets?",
        "edited": {
            "user": "U2D0K9866",
            "ts": "1502308834.000000"
        },
        "ts": "1502308793.320858"
    }
]