[
    {
        "type": "message",
        "user": "U2D08CYRK",
        "text": "<@U2CU0HV7D> Does your valuation depend linearly on that 100x from “people hold 100x what they need”?",
        "ts": "1509042744.000070"
    },
    {
        "type": "message",
        "user": "U2D08CYRK",
        "text": "Such that if people only hold 5x what they need, the valuation drops by a factor of 20?",
        "ts": "1509042763.000286"
    },
    {
        "type": "message",
        "user": "U2D08CYRK",
        "text": "Seems like a case for “point estimates considered harmful” :wink:\n\n<http:\/\/www.jodrellbank.manchester.ac.uk\/media\/eps\/jodrell-bank-centre-for-astrophysics\/news-and-events\/2017\/uksrn-slides\/Anders-Sandberg---Dissolving-Fermi-Paradox-UKSRN.pdf>",
        "thread_ts": "1509042851.000310",
        "reply_count": 1,
        "replies": [
            {
                "user": "U2D0CPE6M",
                "ts": "1509042953.000257"
            }
        ],
        "unread_count": 1,
        "ts": "1509042851.000310"
    },
    {
        "type": "message",
        "user": "U2D0CPE6M",
        "text": "mm, only glanced at this last time.  thanks!",
        "thread_ts": "1509042851.000310",
        "parent_user_id": "U2D08CYRK",
        "ts": "1509042953.000257"
    },
    {
        "type": "message",
        "user": "U2CU0HV7D",
        "text": "Assumed we were putting gigantic error bars on all my numbers, could have clarified",
        "ts": "1509049986.000073"
    },
    {
        "type": "message",
        "user": "U2CU0HV7D",
        "text": "In the long term the whole market has this “how much extra is held, 2x or 2000x” problem",
        "edited": {
            "user": "U2CU0HV7D",
            "ts": "1509050089.000000"
        },
        "ts": "1509050052.000031"
    },
    {
        "type": "message",
        "user": "U2CU0HV7D",
        "text": "So I try not to endlessly repeat that I’m off by an expected factor of 10 or whatever in either direction ",
        "ts": "1509050214.000271"
    },
    {
        "type": "message",
        "user": "U2CU0HV7D",
        "text": "But definitely my cutoff for “likely profit” is if my valuation is more than 10x+ what it’s currently at, and anything only 5x off seems very much within reason (for all tokens used for exchange and not tied to more obvious market numbers like GridX)",
        "ts": "1509050417.000386",
        "reactions": [
            {
                "name": "+1",
                "users": [
                    "U2D08CYRK",
                    "U2D0K9866"
                ],
                "count": 2
            }
        ]
    }
]