[
    {
        "type": "message",
        "user": "U2D08CYRK",
        "text": "Oh, so he didn’t necessarily write it?",
        "ts": "1498837938.446578"
    },
    {
        "type": "message",
        "user": "U2GK97M1A",
        "text": "No, he wrote it.",
        "ts": "1498839722.102691",
        "reactions": [
            {
                "name": "+1",
                "users": [
                    "U2D08CYRK"
                ],
                "count": 1
            }
        ]
    }
]