[
    {
        "type": "message",
        "user": "U2CU0HV7D",
        "text": "People seem to handcode semantic structure into robots and repeat in many different labs. Possible to make a large library of semantic structure (rooms are in a building, couch is in living room, chair is in any room, chairs frequently near tables) in a standardized format that could be either open-sourced or bought by companies if there is a drone spike in the near future? Or collect such a library using results of different CV \/ NLP algorithms running in various locations and find a way to graft the different semantics together? Not really sure what this would look like but seems like there is a niche available. <@U2CU0JCGK> ",
        "edited": {
            "user": "U2CU0HV7D",
            "ts": "1503190344.000000"
        },
        "ts": "1503190165.000029"
    },
    {
        "type": "message",
        "user": "U2CU0HV7D",
        "text": "Would be fun to have empirics on an asymptotically correct refutation of the indeterminacy of translation problem to lay that to rest ",
        "thread_ts": "1503190478.000026",
        "reply_count": 3,
        "replies": [
            {
                "user": "U2D0K9866",
                "ts": "1503231830.000065"
            },
            {
                "user": "U2D08CYRK",
                "ts": "1503266334.000101"
            },
            {
                "user": "U2CU0HV7D",
                "ts": "1503528656.000079"
            }
        ],
        "unread_count": 3,
        "ts": "1503190478.000026",
        "reactions": [
            {
                "name": "100",
                "users": [
                    "U2D0K9866"
                ],
                "count": 1
            }
        ]
    },
    {
        "type": "message",
        "user": "U2CU0HV7D",
        "text": "If GridPlus becomes a reliable service enabling lower transaction costs on electricity-sharing, could be possible to short power companies, but I'm not sure if there would be a reliable event to short on",
        "ts": "1503190753.000030"
    },
    {
        "type": "message",
        "user": "U2CU0HV7D",
        "text": "Also not especially impressed by GridPlus on the most cursory of glances ",
        "ts": "1503190770.000006"
    },
    {
        "type": "message",
        "user": "U2CU0HV7D",
        "text": "If soylent gets food-producing algae soon, will the cost of land drop precipitously?",
        "thread_ts": "1503191262.000064",
        "reply_count": 3,
        "replies": [
            {
                "user": "U2D0K9866",
                "ts": "1503232182.000005"
            },
            {
                "user": "U2CU0HV7D",
                "ts": "1503339066.000375"
            },
            {
                "user": "U2CU0HV7D",
                "ts": "1503339123.000338"
            }
        ],
        "unread_count": 3,
        "ts": "1503191262.000064"
    },
    {
        "type": "message",
        "user": "U2CU0HV7D",
        "text": "In the middle of the country, I mean, where no one wants to live",
        "ts": "1503191316.000030"
    }
]