[
    {
        "type": "message",
        "user": "U2D0CPE6M",
        "text": "<http:\/\/effective-altruism.com\/ea\/1cc\/invest\/>",
        "attachments": [
            {
                "title": " Introducing Antigravity Investments: Free Investment Management for the EA Community - Effective Altruism Forum ",
                "title_link": "http:\/\/effective-altruism.com\/ea\/1cc\/invest\/",
                "text": "Introduction Antigravity Investments is an EA social enterprise with the charitable mission of substantially increasing funding for high impact causes by provid",
                "fallback": " Introducing Antigravity Investments: Free Investment Management for the EA Community - Effective Altruism Forum ",
                "from_url": "http:\/\/effective-altruism.com\/ea\/1cc\/invest\/",
                "service_name": "effective-altruism.com",
                "id": 1
            }
        ],
        "ts": "1499589252.773858"
    }
]