[
    {
        "type": "message",
        "user": "U2GK97M1A",
        "text": "This is my club’s public “cryptoacademia” folder if you’re looking for interesting papers to read. Tezos postponed their fundraiser and took down their whitepaper and position paper but we have a copies in the “governance” subfolder: <https:\/\/drive.google.com\/drive\/u\/0\/folders\/0B7TsBdkClBm1c3lzaHBneEt1dU0>",
        "ts": "1495576342.114437",
        "reactions": [
            {
                "name": "+1",
                "users": [
                    "U2D0K9866"
                ],
                "count": 1
            }
        ]
    },
    {
        "type": "message",
        "user": "U2D0K9866",
        "text": "Thanks!",
        "ts": "1495590780.606110"
    },
    {
        "type": "message",
        "user": "U2D0K9866",
        "text": "PSA that all cryptohumans should be registered and verified with multiple exchanges capable of converting to fiat long before any intention to sell. I thought I had followed this advice but was wrong (gdax banned me because I used Coinbase to buy modafinil once, thought Poloniex or Bittrex could convert to fiat but they can't) and am now having hella trouble selling. Have spent all day trying to figure out how to convert to USD and I think I basically just can't until whenever my Kraken verification goes through",
        "edited": {
            "user": "U2D0K9866",
            "ts": "1495599478.000000"
        },
        "thread_ts": "1495591729.786907",
        "reply_count": 3,
        "replies": [
            {
                "user": "U2GK97M1A",
                "ts": "1495606273.259346"
            },
            {
                "user": "U2D0K9866",
                "ts": "1495612505.832715"
            },
            {
                "user": "U2GK97M1A",
                "ts": "1495643341.356527"
            }
        ],
        "unread_count": 3,
        "ts": "1495591729.786907"
    },
    {
        "type": "message",
        "user": "U2D0K9866",
        "text": "(Will happily pay $100 if anyone's willing to sell ~3.5 of my BTC, then transfer me USD)",
        "ts": "1495605058.041773"
    },
    {
        "type": "message",
        "user": "U2GK97M1A",
        "text": "adam: can you transfer it to a new coinbase acct and sell? or localbitcoins?",
        "thread_ts": "1495591729.786907",
        "parent_user_id": "U2D0K9866",
        "ts": "1495606273.259346"
    }
]