[
    {
        "type": "message",
        "user": "U2D01HLT0",
        "text": "I’m reading this as a case study to get a more concrete understanding of ICOs: <https:\/\/crowdsale.idice.io\/idice-whitepaper.pdf>",
        "ts": "1498769052.186797"
    },
    {
        "type": "message",
        "user": "U2D01HLT0",
        "text": "After skimming a few whitepapers, I feel like I understand a little bit more of the nuance. I’m gonna set aside a whole day to just read about crowdsales.",
        "ts": "1498769890.475991"
    },
    {
        "type": "message",
        "subtype": "file_share",
        "text": "<@U2GK97M1A> uploaded a file: <https:\/\/theeventhorizon.slack.com\/files\/U2GK97M1A\/F61V3T6QK\/-.txt|Untitled> and commented: ^ from Peter Borah, who stayed at EH last month. <@U2CU0HV7D>",
        "file": {
            "id": "F61V3T6QK",
            "created": 1498801822,
            "timestamp": 1498801822,
            "name": "-.txt",
            "title": "Untitled",
            "mimetype": "text\/plain",
            "filetype": "text",
            "pretty_type": "Plain Text",
            "user": "U2GK97M1A",
            "editable": true,
            "size": 4142,
            "mode": "snippet",
            "is_external": false,
            "external_type": "",
            "is_public": true,
            "public_url_shared": false,
            "display_as_bot": false,
            "username": "",
            "url_private": "https:\/\/files.slack.com\/files-pri\/T29RXEZQV-F61V3T6QK\/-.txt?t=xoxe-77881509845-278458240181-277799076385-f7aff9668b2352bc9174110ca96b42af",
            "url_private_download": "https:\/\/files.slack.com\/files-pri\/T29RXEZQV-F61V3T6QK\/download\/-.txt?t=xoxe-77881509845-278458240181-277799076385-f7aff9668b2352bc9174110ca96b42af",
            "permalink": "https:\/\/theeventhorizon.slack.com\/files\/U2GK97M1A\/F61V3T6QK\/-.txt",
            "permalink_public": "https:\/\/slack-files.com\/T29RXEZQV-F61V3T6QK-8ed1e91f5b",
            "edit_link": "https:\/\/theeventhorizon.slack.com\/files\/U2GK97M1A\/F61V3T6QK\/-.txt\/edit",
            "preview": "“I read through the various Tezos documents (the overview, whitepaper, position paper, and language spec) today. The following thoughts are not relevant to a mathematical review of the protocol, so feel free to ignore them, but I thought I’d summarize my reactions for interest’s sake.\r\n\r\n1) The primary innovations over something like Ethereum are the automated protocol upgrades, and the focus on easy formal verification. As both of these are fairly “invisible” features which don’t directly add any new functionality, the Tezos team will have to work hard to differentiate itself and gain adoption.\r\n\r\n2) The fees system (Whitepaper 3.3.6) is poorly thought-out and seems strictly worse than Ethereum’s. The Ethereum model charges a variable cost based on the length of the execution, which gives contract authors an economic incentive to be efficient. The Tezos model of a fixed cap on execution length has no such dynamic, and so can be expected to lead to less efficient contracts. The stated rationale is that this p...",
            "preview_highlight": "<div class=\"CodeMirror cm-s-default CodeMirrorServer\" oncopy=\"if(event.clipboardData){event.clipboardData.setData('text\/plain',window.getSelection().toString().replace(\/\\u200b\/g,''));event.preventDefault();event.stopPropagation();}\">\n<div class=\"CodeMirror-code\">\n<div><pre>“I read through the various Tezos documents (the overview, whitepaper, position paper, and language spec) today. The following thoughts are not relevant to a mathematical review of the protocol, so feel free to ignore them, but I thought I’d summarize my reactions for interest’s sake.<\/pre><\/div>\n<div><pre><\/pre><\/div>\n<div><pre>1) The primary innovations over something like Ethereum are the automated protocol upgrades, and the focus on easy formal verification. As both of these are fairly “invisible” features which don’t directly add any new functionality, the Tezos team will have to work hard to differentiate itself and gain adoption.<\/pre><\/div>\n<div><pre><\/pre><\/div>\n<div><pre>2) The fees system (Whitepaper 3.3.6) is poorly thought-out and seems strictly worse than Ethereum’s. The Ethereum model charges a variable cost based on the length of the execution, which gives contract authors an economic incentive to be efficient. The Tezos model of a fixed cap on execution length has no such dynamic, and so can be expected to lead to less efficient contracts. The stated rationale is that this p...<\/pre><\/div>\n<\/div>\n<\/div>\n",
            "lines": 19,
            "lines_more": 14,
            "preview_is_truncated": true,
            "channels": [],
            "groups": [],
            "ims": [],
            "comments_count": 1,
            "initial_comment": {
                "id": "Fc624UKQQ5",
                "created": 1498801822,
                "timestamp": 1498801822,
                "user": "U2GK97M1A",
                "is_intro": true,
                "comment": "^ from Peter Borah, who stayed at EH last month. <@U2CU0HV7D>"
            },
            "reactions": [
                {
                    "name": "+1",
                    "users": [
                        "U2D0K9866"
                    ],
                    "count": 1
                }
            ]
        },
        "user": "U2GK97M1A",
        "upload": true,
        "display_as_bot": false,
        "username": "alex",
        "bot_id": null,
        "ts": "1498801822.326838"
    },
    {
        "type": "message",
        "user": "U2D08CYRK",
        "text": "<@U2GK97M1A> Where did Peter write that?",
        "ts": "1498803031.470495"
    },
    {
        "text": "Please clap.",
        "type": "message",
        "subtype": "slackbot_response",
        "user": "USLACKBOT",
        "ts": "1498803032.470513"
    },
    {
        "type": "message",
        "user": "U2GK97M1A",
        "text": "I’m not sure; we were discussing Tezos and he emailed me that text, copied from some other thread.",
        "ts": "1498803304.504040"
    }
]