[
    {
        "type": "message",
        "user": "U2CU0HV7D",
        "text": "<@U2GK97M1A> you've done at least rudimentary programming for Ethereum apps, yes? What's your take on how good\/easy verification is on their contracts? I know verification is pretty good\/easy with Tezos' OCaml and I've not heard great things about Solidity",
        "thread_ts": "1497195990.433987",
        "reply_count": 1,
        "replies": [
            {
                "user": "U2GK97M1A",
                "ts": "1497197037.490860"
            }
        ],
        "unread_count": 1,
        "ts": "1497195990.433987"
    },
    {
        "text": "Please clap.",
        "type": "message",
        "subtype": "slackbot_response",
        "user": "USLACKBOT",
        "ts": "1497195990.433997"
    },
    {
        "type": "message",
        "user": "U2GK97M1A",
        "text": "<@U2CU0HV7D> yeah, Tezos seems to be far better. Verification isn't built in the ethereum ecosystem.",
        "thread_ts": "1497195990.433987",
        "parent_user_id": "U2CU0HV7D",
        "ts": "1497197037.490860"
    }
]