[
    {
        "type": "message",
        "user": "U2CU0HV7D",
        "text": "Anyone know about Kevin Fischer? He's the rationalist drug dealer, he's on MIRI's board, he tried a CBD startup, he knows about BTC and stuff, he is reasonably well-spoken on the CFAR listserv when chiming in, but I don't know much about his rationalist credentials or why he's a good choice to lead a crypto hedge fund. (Also know nothing about his co-founder Josh Goldbard.) Looks like his fund's strategy is very conservative which is not my usual desire, but still wondering if a partnership with him is worth pursuing at all",
        "ts": "1502653258.414106"
    },
    {
        "text": "*spank me*",
        "type": "message",
        "subtype": "slackbot_response",
        "user": "USLACKBOT",
        "ts": "1502653258.414118"
    },
    {
        "type": "message",
        "user": "U2J7GJ50Q",
        "text": "he has personal wealth. supposedly over a million (or a few million? unknown) made from kratom.",
        "edited": {
            "user": "U2J7GJ50Q",
            "ts": "1502664737.000000"
        },
        "ts": "1502664711.316927",
        "reactions": [
            {
                "name": "+1",
                "users": [
                    "U2CU0HV7D"
                ],
                "count": 1
            }
        ]
    },
    {
        "type": "message",
        "user": "U2J7GJ50Q",
        "text": "i'm not sure what rationalist credentials means. seems like an odd term.",
        "thread_ts": "1502664755.320670",
        "reply_count": 3,
        "replies": [
            {
                "user": "U2CU0HV7D",
                "ts": "1502684227.593185"
            },
            {
                "user": "U2J7GJ50Q",
                "ts": "1502756416.389890"
            },
            {
                "user": "U2CU0HV7D",
                "ts": "1503037636.000035"
            }
        ],
        "unread_count": 3,
        "ts": "1502664755.320670"
    },
    {
        "type": "message",
        "user": "U2D0K9866",
        "text": "Seems like a grassroots ICO review process is starting <https:\/\/www.reddit.com\/r\/ethtrader\/comments\/6tg8up\/ethtrader_ico_review_for_project_0x_the_form\/>",
        "attachments": [
            {
                "service_name": "reddit",
                "title": "EthTrader ICO Review for project 0x: the form • r\/ethtrader",
                "title_link": "https:\/\/www.reddit.com\/r\/ethtrader\/comments\/6tg8up\/ethtrader_ico_review_for_project_0x_the_form\/",
                "text": "Couple of weeks ago, after...",
                "fallback": "reddit: EthTrader ICO Review for project 0x: the form • r\/ethtrader",
                "thumb_url": "https:\/\/i.redditmedia.com\/st4v-PWrNxjlNXax4les-5K2duqUs8UKQbVkXZ_HdSk.jpg?w=320&s=ee3419c30cb16ce8afa0985a3b83b2a6",
                "from_url": "https:\/\/www.reddit.com\/r\/ethtrader\/comments\/6tg8up\/ethtrader_ico_review_for_project_0x_the_form\/",
                "thumb_width": 320,
                "thumb_height": 168,
                "service_icon": "https:\/\/www.reddit.com\/favicon.ico",
                "id": 1
            }
        ],
        "ts": "1502667544.559644",
        "reactions": [
            {
                "name": "+1",
                "users": [
                    "U2CU0HV7D"
                ],
                "count": 1
            }
        ]
    },
    {
        "type": "message",
        "user": "U2CU0HV7D",
        "text": "Meant like is he good at generative models or a good aggregator or reasonable and read the sequences or whatever—not like real credentials, if that's what you were worried about",
        "thread_ts": "1502664755.320670",
        "parent_user_id": "U2J7GJ50Q",
        "ts": "1502684227.593185"
    }
]