[
    {
        "type": "message",
        "user": "U2CU0HV7D",
        "text": "Looks like Inter-coin launch is on hiatus to consider the SEC ruling",
        "ts": "1502472428.909573"
    },
    {
        "type": "message",
        "user": "U2CU0HV7D",
        "text": "I think I'm going to put ~5% of my crypto cap in 0x on the following reasoning:\n\nCurrently there are $100b in crypto assets but only $4b in ETH tokens, and most tokens have a trading volume of 1-10% their market cap. Then about $200m is being traded in ETH tokens each day. Since a lot of this is probably tokens to USD, which 0x can't handle, this further cuts down inter-token volume to maybe $40m\/day? Traders probably want extra tokens so they aren't caught shorthanded, so let's say $120m\/day is being utilized. Further, a lot of people will want to hold tokens for the appreciation potential, so the immediate valuation looks closer to $300m. Add in potential for the ETH token ecosystem to 30x (only $100b still) in the next 2 years with proportionate increase in volume, and you'd want to raise this valuation a good bit.\n\nThe biggest downside risk is that decentralized exchanges that include USD will take this whole market—looking specifically at WAVES and OmiseGO, though I don't have a good grasp on the decentralized exchange space.",
        "edited": {
            "user": "U2CU0HV7D",
            "ts": "1502472535.000000"
        },
        "ts": "1502472515.955360",
        "reactions": [
            {
                "name": "+1",
                "users": [
                    "U2D0K9866"
                ],
                "count": 1
            }
        ]
    },
    {
        "type": "message",
        "user": "U2D08CYRK",
        "text": "<@U2CU0HV7D> I forget, does 0x make you trade everything in and out of the 0x token?\n\nIs that why you're using the daily trade volume to figure out likely demand to hold 0x tokens?",
        "ts": "1502504023.602354"
    }
]