[
    {
        "type": "message",
        "user": "U2D0CPE6M",
        "text": "Looks like the Segwit2x fork was called off.  <@U2D08CYRK>",
        "ts": "1510178974.000133"
    },
    {
        "type": "message",
        "user": "U2CU0HV7D",
        "text": "One VC had the hypothesis that tokenized securities may become the largest part of the blockchain market by far. You couldn’t make great returns directly investing in these, but decentralized exchanges would go up in step with the securitized market share, and it’s possible that if they’re put on a parent chain like Ethereum then that chain would capture much of the value (though it seems to me that parent chains only capture the value if they use PoS instead of PoW—please correct me if wrong). Another option is to try venture investing in companies that help launch or publicize ICOs, as they might capture some of the value even if standard i-banks do much of the legwork here",
        "thread_ts": "1510205219.000102",
        "reply_count": 4,
        "replies": [
            {
                "user": "U2D08CYRK",
                "ts": "1510269863.000307"
            },
            {
                "user": "U2D08CYRK",
                "ts": "1510269901.000234"
            },
            {
                "user": "U2CU0HV7D",
                "ts": "1510270891.000408"
            },
            {
                "user": "U2CU0HV7D",
                "ts": "1510270939.000275"
            }
        ],
        "unread_count": 4,
        "ts": "1510205219.000102"
    }
]