[
    {
        "user": "U2D08CYRK",
        "text": "<@U2D08CYRK> has joined the channel",
        "type": "message",
        "subtype": "channel_join",
        "ts": "1494704461.803936"
    },
    {
        "user": "U2D0K9866",
        "inviter": "U2D08CYRK",
        "text": "<@U2D0K9866> has joined the channel",
        "type": "message",
        "subtype": "channel_join",
        "ts": "1494704462.803980"
    },
    {
        "user": "U2CU0HV7D",
        "inviter": "U2D08CYRK",
        "text": "<@U2CU0HV7D> has joined the channel",
        "type": "message",
        "subtype": "channel_join",
        "ts": "1494704462.803984"
    },
    {
        "type": "message",
        "user": "U2D08CYRK",
        "text": "Hot new cryptocurrency, Tezos goes on sale in 8 days.",
        "ts": "1494704497.806728"
    },
    {
        "type": "message",
        "user": "U2D08CYRK",
        "text": "&gt; Billionaire venture capitalist Tim Draper soon plans to take a step that even he, a long-time bitcoin aficionado, has eschewed to now: buying a new digital currency offered by a technology startup.\n\n<http:\/\/www.reuters.com\/article\/us-tezos-blockchain-draper-idUSKBN181250>",
        "ts": "1494704536.809654"
    },
    {
        "type": "message",
        "user": "U2D08CYRK",
        "text": "The founder, Arthur Breitman, is a former Goldman quant, who’s also a rationalist.",
        "ts": "1494704602.814516"
    },
    {
        "type": "message",
        "user": "U2D08CYRK",
        "text": "Tezos is similar to Ethereum, but there’s a built-in procedure for changing the protocol.",
        "ts": "1494704653.818543"
    },
    {
        "type": "message",
        "user": "U2CU0HV7D",
        "text": "Is anyone gonna do a quick write-up?",
        "ts": "1494704654.818644"
    },
    {
        "type": "message",
        "user": "U2D08CYRK",
        "text": "So no hard forks w\/o a vote.",
        "ts": "1494704663.819409"
    },
    {
        "type": "message",
        "user": "U2D08CYRK",
        "text": "The white paper is pretty technical, but I’ve been reading\/skimming and it seems pretty well thought-out.",
        "ts": "1494704695.821744"
    },
    {
        "type": "message",
        "user": "U2D08CYRK",
        "text": "<https:\/\/tezos.com\/pdf\/white_paper.pdf>",
        "ts": "1494704698.821954"
    },
    {
        "type": "message",
        "user": "U2D08CYRK",
        "text": "This overview provides an easier introduction:\n<https:\/\/www.tezos.com\/static\/papers\/Tezos_Overview.pdf>",
        "ts": "1494704715.823481"
    },
    {
        "type": "message",
        "user": "U2D08CYRK",
        "text": "I’m going to spend some time over the next week trying to figure out how good Tezos will be, and how to value Tezzies.",
        "ts": "1494704764.827624"
    },
    {
        "type": "message",
        "user": "U2CU0HV7D",
        "text": "Not very highly, if they're called Tezzies",
        "ts": "1494704873.836622",
        "reactions": [
            {
                "name": "laughing",
                "users": [
                    "U2D08CYRK",
                    "U2D026HHN"
                ],
                "count": 2
            }
        ]
    },
    {
        "user": "U2D0C4SH5",
        "text": "<@U2D0C4SH5> has joined the channel",
        "type": "message",
        "subtype": "channel_join",
        "ts": "1494704929.840734"
    },
    {
        "type": "message",
        "user": "U2D08CYRK",
        "text": "Explainer by the creators: <https:\/\/www.youtube.com\/watch?v=7m7EU4JWI88>",
        "attachments": [
            {
                "service_name": "YouTube",
                "service_url": "https:\/\/www.youtube.com\/",
                "title": "Tezos, an explainer video",
                "title_link": "https:\/\/www.youtube.com\/watch?v=7m7EU4JWI88",
                "author_name": "Tezos",
                "author_link": "https:\/\/www.youtube.com\/channel\/UCMeXYClRGsIfqS_sqMeolqQ",
                "thumb_url": "https:\/\/i.ytimg.com\/vi\/7m7EU4JWI88\/hqdefault.jpg",
                "thumb_width": 480,
                "thumb_height": 360,
                "fallback": "YouTube Video: Tezos, an explainer video",
                "video_html": "<iframe width=\"400\" height=\"225\" src=\"https:\/\/www.youtube.com\/embed\/7m7EU4JWI88?feature=oembed&autoplay=1&iv_load_policy=3\" frameborder=\"0\" allowfullscreen><\/iframe>",
                "video_html_width": 400,
                "video_html_height": 225,
                "from_url": "https:\/\/www.youtube.com\/watch?v=7m7EU4JWI88",
                "service_icon": "https:\/\/fst.slack-edge.com\/2089\/img\/unfurl_icons\/youtube.png",
                "id": 1
            }
        ],
        "ts": "1494706228.949533"
    },
    {
        "type": "message",
        "user": "U2D08CYRK",
        "text": "Interview with founder Arthur Breitman: <https:\/\/www.youtube.com\/watch?v=3mgaDpuMSc0>",
        "attachments": [
            {
                "service_name": "YouTube",
                "service_url": "https:\/\/www.youtube.com\/",
                "title": "EB136 – Arthur Breitman: Tezos - A Self-Amending Crypto-Ledger",
                "title_link": "https:\/\/www.youtube.com\/watch?v=3mgaDpuMSc0",
                "author_name": "Epicenter",
                "author_link": "https:\/\/www.youtube.com\/user\/epicenterbtc",
                "thumb_url": "https:\/\/i.ytimg.com\/vi\/3mgaDpuMSc0\/hqdefault.jpg",
                "thumb_width": 480,
                "thumb_height": 360,
                "fallback": "YouTube Video: EB136 – Arthur Breitman: Tezos - A Self-Amending Crypto-Ledger",
                "video_html": "<iframe width=\"400\" height=\"225\" src=\"https:\/\/www.youtube.com\/embed\/3mgaDpuMSc0?feature=oembed&autoplay=1&iv_load_policy=3\" frameborder=\"0\" allowfullscreen><\/iframe>",
                "video_html_width": 400,
                "video_html_height": 225,
                "from_url": "https:\/\/www.youtube.com\/watch?v=3mgaDpuMSc0",
                "service_icon": "https:\/\/fst.slack-edge.com\/2089\/img\/unfurl_icons\/youtube.png",
                "id": 1
            }
        ],
        "edited": {
            "user": "U2D08CYRK",
            "ts": "1494706727.000000"
        },
        "ts": "1494706715.986957"
    },
    {
        "user": "U2D0CPE6M",
        "text": "<@U2D0CPE6M> has joined the channel",
        "type": "message",
        "subtype": "channel_join",
        "ts": "1494710209.252317"
    },
    {
        "user": "U2D026HHN",
        "text": "<@U2D026HHN> has joined the channel",
        "type": "message",
        "subtype": "channel_join",
        "ts": "1494710368.263111"
    },
    {
        "user": "U2GK97M1A",
        "text": "<@U2GK97M1A> has joined the channel",
        "type": "message",
        "subtype": "channel_join",
        "ts": "1494715162.580605"
    },
    {
        "type": "message",
        "user": "U2GK97M1A",
        "text": "whitepaper worth reading (plus relatively short). one of the few cryptos that emphasize governance",
        "ts": "1494715265.586846",
        "reactions": [
            {
                "name": "+1",
                "users": [
                    "U2D08CYRK"
                ],
                "count": 1
            }
        ]
    },
    {
        "user": "U2D01HLT0",
        "inviter": "U2GK97M1A",
        "text": "<@U2D01HLT0> has joined the channel",
        "type": "message",
        "subtype": "channel_join",
        "ts": "1494715332.591259"
    }
]