[
    {
        "type": "message",
        "user": "U2GK97M1A",
        "text": "<https:\/\/cryptominded.com\/>",
        "attachments": [
            {
                "service_name": "Cryptominded",
                "title": "Cryptominded - Curated directory of cryptocurrency resources",
                "title_link": "https:\/\/cryptominded.com\/",
                "text": "Find the best cryptocurrency resources with ease, learn more through our in-depth guides and join our community",
                "fallback": "Cryptominded: Cryptominded - Curated directory of cryptocurrency resources",
                "image_url": "https:\/\/cryptominded.com\/wp-content\/uploads\/2017\/06\/cryptominded_opengraph.png",
                "from_url": "https:\/\/cryptominded.com\/",
                "image_width": 476,
                "image_height": 250,
                "image_bytes": 64269,
                "service_icon": "https:\/\/crypto-muc3mconxtxewee6orxv.netdna-ssl.com\/wp-content\/uploads\/2017\/06\/icon-center.png",
                "id": 1
            }
        ],
        "ts": "1499142556.449992"
    }
]