[
    {
        "type": "message",
        "user": "U2D08CYRK",
        "text": "I think 0x and inter-coin are competitors",
        "ts": "1502400252.692552"
    },
    {
        "type": "message",
        "user": "U2D08CYRK",
        "text": "EverMarkets is trying to do something pretty different",
        "ts": "1502400260.696036"
    },
    {
        "type": "message",
        "user": "U2D08CYRK",
        "text": "the first two are exchanges for ERC20 tokens",
        "ts": "1502400267.699161"
    },
    {
        "type": "message",
        "user": "U2D08CYRK",
        "text": "we talked to the 0x founder, he seems like a reasonably sharp guy",
        "ts": "1502400290.709485"
    },
    {
        "type": "message",
        "user": "U2D08CYRK",
        "text": "and they’ve got some smart backers (like Olaf Carlson-Wee, and Fred Ehrsam)",
        "ts": "1502400316.721372"
    },
    {
        "type": "message",
        "user": "U2D08CYRK",
        "text": "Inter-coin I haven’t looked into much",
        "ts": "1502400335.729984"
    },
    {
        "type": "message",
        "user": "U2D08CYRK",
        "text": "but you know it’s Jack and Jessica’s project, right?",
        "ts": "1502400345.734457"
    },
    {
        "type": "message",
        "user": "U2D08CYRK",
        "text": "so you could talk to them",
        "ts": "1502400382.751317"
    },
    {
        "type": "message",
        "user": "U2D0K9866",
        "text": "Interesting, thanks",
        "ts": "1502406057.780022"
    },
    {
        "type": "message",
        "user": "U2D0K9866",
        "text": "I added NEO to my spray-and-pray hopefully-pareto pile",
        "ts": "1502406079.786900"
    }
]