[
    {
        "type": "message",
        "user": "U2D08CYRK",
        "text": "Some familiar faces here: <https:\/\/www.trusttoken.com\/>",
        "ts": "1509996556.000286",
        "reactions": [
            {
                "name": "+1",
                "users": [
                    "U2D0K9866",
                    "U2CU0HV7D"
                ],
                "count": 2
            },
            {
                "name": "smiley",
                "users": [
                    "U2D0C4SH5",
                    "U2D026HHN"
                ],
                "count": 2
            }
        ]
    },
    {
        "type": "message",
        "user": "U2CU0HV7D",
        "text": "Unexpected familiar face, the contributor on the bottom left is a dude from Brown I despise",
        "ts": "1509998858.000398"
    },
    {
        "type": "message",
        "user": "U2J7GJ50Q",
        "text": "<@U2GK97M1A> got contacted by them a bunch",
        "edited": {
            "user": "U2J7GJ50Q",
            "ts": "1510017394.000000"
        },
        "ts": "1510017370.000235"
    }
]