[
    {
        "type": "message",
        "user": "U2D08CYRK",
        "text": "For tracking top coins: <http:\/\/coinmarketcap.com|coinmarketcap.com>",
        "ts": "1495229006.113003"
    },
    {
        "type": "message",
        "user": "U2D08CYRK",
        "text": "Plausible explanation for XRP and XEM price spikes: <https:\/\/medium.com\/@coin_and_peace\/new-wave-of-japanese-investors-are-fueling-the-great-altcoin-bubble-a504383172ff>",
        "attachments": [
            {
                "service_name": "Medium",
                "title": "New wave of Japanese investors are fueling the great altcoin bubble",
                "title_link": "https:\/\/medium.com\/@coin_and_peace\/new-wave-of-japanese-investors-are-fueling-the-great-altcoin-bubble-a504383172ff",
                "text": "The altcoin bubble is in full force and is creating a lot of buzz and euphoria in the crypto space. Some may argue it’s not a bubble and…",
                "fallback": "Medium: New wave of Japanese investors are fueling the great altcoin bubble",
                "image_url": "https:\/\/cdn-images-1.medium.com\/max\/1200\/0*XFgcoZ6DHmK_Fkqr.",
                "fields": [
                    {
                        "title": "Reading time",
                        "value": "10 min read",
                        "short": true
                    }
                ],
                "ts": 1494495939,
                "from_url": "https:\/\/medium.com\/@coin_and_peace\/new-wave-of-japanese-investors-are-fueling-the-great-altcoin-bubble-a504383172ff",
                "image_width": 1024,
                "image_height": 220,
                "image_bytes": 168611,
                "service_icon": "https:\/\/cdn-images-1.medium.com\/fit\/c\/152\/152\/1*W0nmth_X8nFKjn6BZ388UQ.png",
                "id": 1
            }
        ],
        "ts": "1495229061.131281",
        "reactions": [
            {
                "name": "+1",
                "users": [
                    "U2D0K9866"
                ],
                "count": 1
            }
        ]
    },
    {
        "type": "message",
        "user": "U2D0K9866",
        "text": "best guide to various ICOs I've found <https:\/\/blog.cyber.fund\/>",
        "attachments": [
            {
                "title": "cyber • Blog",
                "title_link": "https:\/\/blog.cyber.fund\/",
                "text": "Unraveling the Chains.",
                "fallback": "cyber • Blog",
                "image_url": "https:\/\/cdn-images-1.medium.com\/max\/1200\/1*xRgCVaA2CErMbVTPrcHy_g.png",
                "from_url": "https:\/\/blog.cyber.fund\/",
                "image_width": 250,
                "image_height": 250,
                "image_bytes": 7423,
                "service_icon": "https:\/\/cdn-images-1.medium.com\/fit\/c\/152\/152\/1*xRgCVaA2CErMbVTPrcHy_g.png",
                "service_name": "blog.cyber.fund",
                "id": 1
            }
        ],
        "edited": {
            "user": "U2D0K9866",
            "ts": "1495240269.000000"
        },
        "ts": "1495240249.503149"
    }
]