[
    {
        "type": "message",
        "user": "U2D08CYRK",
        "text": "<https:\/\/www.reddit.com\/r\/tezos\/comments\/6kwsy8\/simple_webb_site_to_get_tezos_fundraiser_stats\/>",
        "attachments": [
            {
                "service_name": "reddit",
                "title": "Simple webb site to get Tezos fundraiser stats. For PHP-code: https:\/\/pastebin.com\/j0UJjDVQ • r\/tezos",
                "title_link": "https:\/\/www.reddit.com\/r\/tezos\/comments\/6kwsy8\/simple_webb_site_to_get_tezos_fundraiser_stats\/",
                "text": "14 points and 14 comments so far on reddit",
                "fallback": "reddit: Simple webb site to get Tezos fundraiser stats. For PHP-code: https:\/\/pastebin.com\/j0UJjDVQ • r\/tezos",
                "thumb_url": "https:\/\/www.redditstatic.com\/icon.png",
                "from_url": "https:\/\/www.reddit.com\/r\/tezos\/comments\/6kwsy8\/simple_webb_site_to_get_tezos_fundraiser_stats\/",
                "thumb_width": 256,
                "thumb_height": 256,
                "service_icon": "https:\/\/www.reddit.com\/favicon.ico",
                "id": 1
            }
        ],
        "ts": "1499055313.735417"
    },
    {
        "type": "message",
        "user": "U2D08CYRK",
        "text": "<@U2D0CPE6M> did you get that BTC you were looking for? I'm happy to sell you some if not",
        "thread_ts": "1499055596.773258",
        "reply_count": 1,
        "replies": [
            {
                "user": "U2D0CPE6M",
                "ts": "1499056239.858977"
            }
        ],
        "unread_count": 1,
        "ts": "1499055596.773258"
    },
    {
        "type": "message",
        "user": "U2D0CPE6M",
        "text": "Sorted :)",
        "thread_ts": "1499055596.773258",
        "parent_user_id": "U2D08CYRK",
        "ts": "1499056239.858977"
    }
]