[
    {
        "type": "message",
        "user": "U2CU0HV7D",
        "text": "Despite flirting with diversification for a while, enough risk in crypto seems systemic instead of specific and markets seem inefficient enough that I’m largely taking the low-diversification route and think it’s mathematically justified",
        "thread_ts": "1510558682.000002",
        "reply_count": 2,
        "replies": [
            {
                "user": "U2D08CYRK",
                "ts": "1510602244.000325"
            },
            {
                "user": "U2CU0HV7D",
                "ts": "1510602269.000304"
            }
        ],
        "unread_count": 2,
        "ts": "1510558682.000002"
    }
]