[
    {
        "type": "message",
        "user": "U2D08CYRK",
        "text": "Do you mean low-diversification within crypto? (I.e. you’re holding just a few coins and not a basket of many different coins.)",
        "thread_ts": "1510558682.000002",
        "parent_user_id": "U2CU0HV7D",
        "ts": "1510602244.000325"
    },
    {
        "type": "message",
        "user": "U2CU0HV7D",
        "text": "Yep",
        "thread_ts": "1510558682.000002",
        "parent_user_id": "U2CU0HV7D",
        "ts": "1510602269.000304"
    }
]