[
    {
        "type": "message",
        "user": "U2CU0HV7D",
        "text": "Oops, guess it’s not bottom left on the non-mobile version. Don’t want to tar an innocent man",
        "ts": "1510044793.000292"
    },
    {
        "type": "message",
        "user": "U2CU0HV7D",
        "text": "Does anyone understand how it works? Looks like somehow they set up the infrastructure for “this entity owns this smart contract and\/or has legally binding responsibility to act in a certain manner toward it”, but I don’t quite understand how that works (everyone signs a contract every time they want a new asset?). I thought the idea of having escalating arbitration by smart contract and burning stakes of any defecting arbiters was a cleaner blockchainy solution, but I guess this is pretty good for a solution that leans more on meatspace.",
        "ts": "1510045097.000027"
    },
    {
        "type": "message",
        "subtype": "file_share",
        "text": "<@U2CU0HV7D> uploaded a file: <https:\/\/theeventhorizon.slack.com\/files\/U2CU0HV7D\/F7W3ACA82\/gazecoin_whitepaper.pdf|GazeCoin_WhitePaper.pdf> and commented: Also, I’m pretty interested in GazeCoin, a company using eye-tracking in VR\/AR to track which advertising things you look at, letting the advertising-deal process be much simpler by having the advertisor pay the advertisement host \/ content creator per gaze-second or something rather than on a basis of clicks or other gameable metric that by default gave rise to adversarial pricing and PDs between parties",
        "file": {
            "id": "F7W3ACA82",
            "created": 1510045415,
            "timestamp": 1510045415,
            "name": "GazeCoin_WhitePaper.pdf",
            "title": "GazeCoin_WhitePaper.pdf",
            "mimetype": "application\/pdf",
            "filetype": "pdf",
            "pretty_type": "PDF",
            "user": "U2CU0HV7D",
            "editable": false,
            "size": 8691679,
            "mode": "hosted",
            "is_external": false,
            "external_type": "",
            "is_public": true,
            "public_url_shared": false,
            "display_as_bot": false,
            "username": "",
            "url_private": "https:\/\/files.slack.com\/files-pri\/T29RXEZQV-F7W3ACA82\/gazecoin_whitepaper.pdf?t=xoxe-77881509845-278458240181-277799076385-f7aff9668b2352bc9174110ca96b42af",
            "url_private_download": "https:\/\/files.slack.com\/files-pri\/T29RXEZQV-F7W3ACA82\/download\/gazecoin_whitepaper.pdf?t=xoxe-77881509845-278458240181-277799076385-f7aff9668b2352bc9174110ca96b42af",
            "thumb_pdf": "https:\/\/files.slack.com\/files-tmb\/T29RXEZQV-F7W3ACA82-ffcfbf4c63\/gazecoin_whitepaper_thumb_pdf.png?t=xoxe-77881509845-278458240181-277799076385-f7aff9668b2352bc9174110ca96b42af",
            "thumb_pdf_w": 909,
            "thumb_pdf_h": 1286,
            "permalink": "https:\/\/theeventhorizon.slack.com\/files\/U2CU0HV7D\/F7W3ACA82\/gazecoin_whitepaper.pdf",
            "permalink_public": "https:\/\/slack-files.com\/T29RXEZQV-F7W3ACA82-9397b60761",
            "channels": [],
            "groups": [],
            "ims": [],
            "comments_count": 1,
            "initial_comment": {
                "id": "Fc7X5QT9RD",
                "created": 1510045415,
                "timestamp": 1510045415,
                "user": "U2CU0HV7D",
                "is_intro": true,
                "comment": "Also, I’m pretty interested in GazeCoin, a company using eye-tracking in VR\/AR to track which advertising things you look at, letting the advertising-deal process be much simpler by having the advertisor pay the advertisement host \/ content creator per gaze-second or something rather than on a basis of clicks or other gameable metric that by default gave rise to adversarial pricing and PDs between parties"
            }
        },
        "user": "U2CU0HV7D",
        "upload": true,
        "display_as_bot": false,
        "username": "flexman",
        "bot_id": null,
        "ts": "1510045417.000198"
    },
    {
        "type": "message",
        "user": "U2CU0HV7D",
        "text": "Wondering what people think of it. The CEO gave me a pretty good pitch about how long he’s been in the VR space and how well he understands the current broken incentives of the funding model, but I’m not sure whether I should default to believing every business person is trying to fuck me. My next qs for him are probably\n1. how does the gaze data get securely and immutably stored if each headset is built by different companies and running different protocols (maybe eye-tracking is important enough in all of them that you can’t mess with that without destroying the product? and maybe protocols for metaverse-like VR are standard enough that it would be easy to interface with each?)\n2. how often does gaze data get committed to the blockchain? Can’t be instantaneous or transaction fees will be enormous, but if it’s not instantaneous then there are easy ways to pervert the data (you aren’t paying money and so have no incentive to do so, but the company selling the advertisement has incentive to)\n3. This seems like it’s set up for a metaverse-like system, but could you do it in games too? What current VR modes are there and how much of this market can be funded by Gaze?",
        "ts": "1510046066.000279"
    }
]