[
    {
        "type": "message",
        "user": "U2CU0HV7D",
        "text": "I think one of the dumbest mistakes I made in the last two years is not noticing that Nvidia stock would go up a ton from blockchain mining and ML. Adam even asked whether we as rationalists had any extra knowledge that would beat the stock market, and I stopped at AI rather than looking for upstream and downstream nodes. I'll be sitting down to think about this more some time in the near future, but for now, some other possibilities that are pitifully nearby:\n- if Mechanical Turk wasn't owned by Amazon\n- storage hardware might go up or down depending on the cost exponential v demand exponential, but I haven't seen anyone put these two side by side yet\n- cargo planes will be made cheaper by autonomous navigation significantly before passenger planes: any company specializing in the former will have an advantage",
        "ts": "1503036119.000122"
    },
    {
        "type": "message",
        "user": "U2CU0HV7D",
        "text": "- police offices will need new ways of earning money once autonomous cars roll out, so demand for radar guns and lincoln towncars will drop significantly",
        "ts": "1503036217.000107",
        "reactions": [
            {
                "name": "joy",
                "users": [
                    "U2D0K9866"
                ],
                "count": 1
            },
            {
                "name": "+1",
                "users": [
                    "U2D08CYRK"
                ],
                "count": 1
            }
        ]
    },
    {
        "type": "message",
        "user": "U2D0K9866",
        "text": "I actually looked into this a year ago, and decided not to invest given uncertainty about whether Google etc would start to make things in-house + whether ASIC's would replace GPUs for many things and the GPU boom might stop",
        "ts": "1503036315.000237"
    },
    {
        "type": "message",
        "user": "U2D0K9866",
        "text": "many of the custom psudo-ETF's offered on e.g. Motif include Nvidia et all",
        "ts": "1503036352.000005"
    },
    {
        "type": "message",
        "user": "U2CU0HV7D",
        "text": "- some banks should have differential disruption by crypto: some will be made much more efficient (and own stakes in big crypto opportunities) and others will have demand replaced or be able to collect fewer fees",
        "ts": "1503036379.000176"
    },
    {
        "type": "message",
        "user": "U2D0K9866",
        "text": "how much of cargo plane cost is operator salary?",
        "ts": "1503036403.000088"
    },
    {
        "type": "message",
        "user": "U2CU0HV7D",
        "text": "I still think we should have invested in Google, Nvidia, AMD, and some ASIC companies, and have done a little more research",
        "ts": "1503036454.000020"
    },
    {
        "type": "message",
        "user": "U2CU0HV7D",
        "text": "~11%",
        "ts": "1503036476.000039"
    },
    {
        "type": "message",
        "user": "U2CU0HV7D",
        "text": "I think, but probably depends a bit on jurisdiction",
        "ts": "1503036499.000122"
    },
    {
        "type": "message",
        "user": "U2D0K9866",
        "text": "seems clearly true in retrospect",
        "ts": "1503036507.000248"
    },
    {
        "type": "message",
        "user": "U2D0K9866",
        "text": "wow, 11% is much higher than I'd expect",
        "ts": "1503036526.000084"
    },
    {
        "type": "message",
        "user": "U2CU0HV7D",
        "text": "Same",
        "ts": "1503036535.000012"
    },
    {
        "type": "message",
        "user": "U2D0K9866",
        "text": "unsure implications of if mechanical turk wasn't owned by Amazon?",
        "ts": "1503036620.000104"
    },
    {
        "type": "message",
        "user": "U2CU0HV7D",
        "text": "It might be a good investment in itself, as it's used for a bunch of ML data labeling, as well as is a good platform to outsource small jobs in a credentialist economy",
        "ts": "1503036735.000071",
        "reactions": [
            {
                "name": "+1",
                "users": [
                    "U2D0K9866"
                ],
                "count": 1
            }
        ]
    },
    {
        "type": "message",
        "user": "U2CU0HV7D",
        "text": "With regards to storage, does anyone here know much about it? Perhaps <@U2CU0JCGK> ? I'd be willing to ransom a sheet with a bunch of links and relevant quantities on it for ~$60 if anyone is interested, maybe <@U2D01HLT0> or <@U3K49B8H0> . Specifically important because there's a raging war between all the cloud storage providers and three or four big crypto companies, and the numbers I'm getting don't add up, and this would be a great time to have some competitive intelligence or to just tug the rope sideways by investing in some random upstream manufacturer of hard disks or SSDs or whatever the kids want these days.",
        "ts": "1503036946.000091"
    },
    {
        "text": "smells like teen spirit",
        "type": "message",
        "subtype": "slackbot_response",
        "user": "USLACKBOT",
        "ts": "1503036946.000123"
    },
    {
        "type": "message",
        "user": "U2CU0HV7D",
        "text": "Startup idea owed in part to Steidley: build a data storage center, sell space with Siacoin\/Storj and then be ready for Filecoin as soon as it goes online",
        "ts": "1503037148.000162"
    },
    {
        "type": "message",
        "user": "U2D0K9866",
        "text": "Eliana Lorch worked at filecoin, may be willing to answer questions if you pursue that",
        "ts": "1503037280.000072",
        "reactions": [
            {
                "name": "+1",
                "users": [
                    "U2CU0HV7D"
                ],
                "count": 1
            }
        ]
    },
    {
        "type": "message",
        "user": "U2CU0HV7D",
        "text": "Electricity is usually the biggest cost in data centers so they are built where electrons are cheap, but SSDs bring this down by a factor of 2 so you might not have to make as many sacrifices",
        "ts": "1503037326.000090"
    },
    {
        "type": "message",
        "user": "U2D0K9866",
        "text": "they're still the overwhelming cost though right? and hence the overwhelming factor in relative advantage?",
        "ts": "1503037392.000219"
    },
    {
        "type": "message",
        "user": "U2CU0HV7D",
        "text": "Was thinking maybe if it brought it from 50% of cost down to 33%, or you could get more than a factor of 2... but you're probably right",
        "ts": "1503037479.000055"
    },
    {
        "type": "message",
        "user": "U2CU0HV7D",
        "text": "So much for the EH basement hydroponics + data farm addition",
        "thread_ts": "1503037557.000119",
        "reply_count": 4,
        "replies": [
            {
                "user": "U2D0K9866",
                "ts": "1503037655.000105"
            },
            {
                "user": "U2D0K9866",
                "ts": "1503037696.000070"
            },
            {
                "user": "U2CU0HV7D",
                "ts": "1503037697.000137"
            },
            {
                "user": "U2CU0HV7D",
                "ts": "1503037700.000093"
            }
        ],
        "unread_count": 4,
        "ts": "1503037557.000119"
    },
    {
        "type": "message",
        "user": "U2CU0HV7D",
        "text": "Thank you!",
        "thread_ts": "1502664755.320670",
        "parent_user_id": "U2J7GJ50Q",
        "ts": "1503037636.000035"
    },
    {
        "type": "message",
        "user": "U2D0K9866",
        "text": "<http:\/\/www.datacenterknowledge.com\/data-centers-that-recycle-waste-heat\/>",
        "attachments": [
            {
                "service_name": "Data Center Knowledge",
                "title": "Data Centers That Recycle Waste Heat | Data Center Knowledge",
                "title_link": "http:\/\/www.datacenterknowledge.com\/data-centers-that-recycle-waste-heat\/",
                "text": "A growing number of data centers are redirecting the heat from their hot aisles to nearby homes, offices, greenhouses and even swimming pools. The ability to re-use excess heat from servers is being built into new data centers, helping to improve the energy efficiency profile of these facilities. We’ve pulled… Read More",
                "fallback": "Data Center Knowledge: Data Centers That Recycle Waste Heat | Data Center Knowledge",
                "image_url": "http:\/\/www.datacenterknowledge.com\/wp-content\/uploads\/2010\/02\/Telecity-Paris.jpg",
                "from_url": "http:\/\/www.datacenterknowledge.com\/data-centers-that-recycle-waste-heat\/",
                "image_width": 314,
                "image_height": 250,
                "image_bytes": 35969,
                "service_icon": "http:\/\/www.datacenterknowledge.com\/wp-content\/themes\/inet-dck-wp-theme\/favicon.ico",
                "id": 1
            }
        ],
        "thread_ts": "1503037557.000119",
        "parent_user_id": "U2CU0HV7D",
        "ts": "1503037655.000105"
    },
    {
        "type": "message",
        "user": "U2D0K9866",
        "text": "we could use our crypto to grow our weed #flyingcars",
        "thread_ts": "1503037557.000119",
        "parent_user_id": "U2CU0HV7D",
        "ts": "1503037696.000070"
    },
    {
        "type": "message",
        "user": "U2CU0HV7D",
        "text": "Hahaha literally pre-plagiarized my idea",
        "thread_ts": "1503037557.000119",
        "parent_user_id": "U2CU0HV7D",
        "ts": "1503037697.000137"
    },
    {
        "type": "message",
        "user": "U2CU0HV7D",
        "text": "hate that",
        "thread_ts": "1503037557.000119",
        "parent_user_id": "U2CU0HV7D",
        "ts": "1503037700.000093"
    },
    {
        "type": "message",
        "user": "U2CU0HV7D",
        "text": "Did you see my text about cryptos",
        "ts": "1503037770.000111"
    },
    {
        "type": "message",
        "user": "U2D0K9866",
        "text": "yes, didn't know what Raikoth was tho so was confused, will read posts",
        "ts": "1503037935.000239"
    }
]