[
    {
        "type": "message",
        "user": "U2D0CPE6M",
        "text": "Hey, anyone willing to sell me some bitcoin so I can buy tezos?  I just started my coinbase account and it is going to take like a week to buy more than $200 worth of bitcoin.",
        "edited": {
            "user": "U2D0CPE6M",
            "ts": "1498932225.000000"
        },
        "ts": "1498932217.204211"
    },
    {
        "type": "message",
        "user": "U2D0CPE6M",
        "text": "<@U2D0K9866> <@U2CU0HV7D> <@U2D08CYRK> <@U2GK97M1A>",
        "ts": "1498942108.943470"
    },
    {
        "text": "Please clap.",
        "type": "message",
        "subtype": "slackbot_response",
        "user": "USLACKBOT",
        "ts": "1498942108.943475"
    }
]