[
    {
        "type": "message",
        "user": "U2CU0HV7D",
        "text": "Lykke announced support for holding (but not yet trading) ERC20 tokens in their wallet about 8 hours ago. Price hasn’t moved yet, so I’ll probably make a bet on it and in the worst case have no expected loss",
        "ts": "1510268778.000144"
    },
    {
        "type": "message",
        "user": "U2D08CYRK",
        "text": "&gt; tokenized securities\n\nWhich could be implemented with TrustToken’s “Smart Trust”, right?",
        "thread_ts": "1510205219.000102",
        "parent_user_id": "U2CU0HV7D",
        "ts": "1510269863.000307"
    },
    {
        "type": "message",
        "user": "U2D08CYRK",
        "text": "Are there other proposals for giving legal ownership of off-blockchain assets?",
        "thread_ts": "1510205219.000102",
        "parent_user_id": "U2CU0HV7D",
        "ts": "1510269901.000234"
    },
    {
        "type": "message",
        "user": "U2CU0HV7D",
        "text": "I’m not sure that you need any sort of legal ownership for it: I’m imagining someone just creating a token, registering it with the SEC, selling only to accredited investors, and having dividends being paid back in e.g. ETH sent to the wallet that the security is held in.",
        "thread_ts": "1510205219.000102",
        "parent_user_id": "U2CU0HV7D",
        "ts": "1510270891.000408"
    },
    {
        "type": "message",
        "user": "U2CU0HV7D",
        "text": "Though the “registering with the SEC” step is a black box, perhaps you need legal ownership for that? The other thing is that I have no idea how legal ownership or TT works",
        "thread_ts": "1510205219.000102",
        "parent_user_id": "U2CU0HV7D",
        "ts": "1510270939.000275"
    }
]