[
    {
        "type": "message",
        "user": "U2D01HLT0",
        "text": "<https:\/\/www.facebook.com\/strohl89\/posts\/10155351096954598?pnref=story>",
        "attachments": [
            {
                "title": "Brienne Yudkowsky",
                "title_link": "https:\/\/www.facebook.com\/strohl89\/posts\/10155351096954598?pnref=story",
                "text": "bitcoin vs etherium: pros and cons. whither a marginal 100USD?",
                "fallback": "Brienne Yudkowsky",
                "from_url": "https:\/\/www.facebook.com\/strohl89\/posts\/10155351096954598?pnref=story",
                "thumb_url": "https:\/\/scontent.xx.fbcdn.net\/v\/t1.0-1\/p200x200\/15727065_10154807571899598_6727618087908935809_n.jpg?oh=6ed7481f9f23e3cb2593cbbbd8f44193&oe=59D4755E",
                "thumb_width": 200,
                "thumb_height": 200,
                "service_icon": "https:\/\/static.xx.fbcdn.net\/rsrc.php\/yV\/r\/hzMapiNYYpW.ico",
                "service_name": "facebook.com",
                "id": 1
            }
        ],
        "ts": "1497749618.036038"
    }
]