[
    {
        "user": "U2D0C4SH5",
        "text": "<@U2D0C4SH5> has joined the channel",
        "type": "message",
        "subtype": "channel_join",
        "ts": "1498847654.453890"
    },
    {
        "user": "U5ZPXDVLK",
        "inviter": "U2D0C4SH5",
        "text": "<@U5ZPXDVLK> has joined the channel",
        "type": "message",
        "subtype": "channel_join",
        "ts": "1498847694.466776"
    },
    {
        "user": "U5ZSLKXPB",
        "inviter": "U2D0C4SH5",
        "text": "<@U5ZSLKXPB> has joined the channel",
        "type": "message",
        "subtype": "channel_join",
        "ts": "1498847694.466801"
    },
    {
        "user": "U614WV9NC",
        "inviter": "U2D0C4SH5",
        "text": "<@U614WV9NC> has joined the channel",
        "type": "message",
        "subtype": "channel_join",
        "ts": "1498847694.466824"
    },
    {
        "user": "U5ZV6L94G",
        "inviter": "U2D0C4SH5",
        "text": "<@U5ZV6L94G> has joined the channel",
        "type": "message",
        "subtype": "channel_join",
        "ts": "1498847694.466851"
    },
    {
        "type": "message",
        "user": "U2D0C4SH5",
        "text": "Yo! The shower curtain bar arrived and is on the 3rd fl if anyone wants to attempt assembly :)",
        "ts": "1498847773.492399"
    }
]