[
    {
        "type": "message",
        "user": "U7A2UJJC8",
        "text": "I think the problem may actually be that the water that goes through the hole in the kiddy pool doesn't all go down the drain",
        "thread_ts": "1510447528.000047",
        "parent_user_id": "U614WV9NC",
        "ts": "1510615361.000139"
    },
    {
        "type": "message",
        "user": "U7A2UJJC8",
        "text": "didn't even think it might be your thing",
        "thread_ts": "1510447528.000047",
        "parent_user_id": "U614WV9NC",
        "ts": "1510615370.000203"
    }
]