[
    {
        "type": "message",
        "user": "U614WV9NC",
        "text": "Ok, I am creating a bunch of open bounties for stuff I want to see on the first floor",
        "edited": {
            "user": "U614WV9NC",
            "ts": "1510447494.000000"
        },
        "ts": "1510447474.000028"
    },
    {
        "user": "U5EPK7WET",
        "text": "<@U5EPK7WET> has joined the channel",
        "type": "message",
        "subtype": "channel_join",
        "ts": "1510447496.000066"
    },
    {
        "type": "message",
        "user": "U614WV9NC",
        "text": "I am willing to pay $150 dollars to anyone who makes it so that I can use our shower without setting the floor under water",
        "thread_ts": "1510447528.000047",
        "reply_count": 5,
        "replies": [
            {
                "user": "U5ZSLKXPB",
                "ts": "1510465344.000055"
            },
            {
                "user": "U5ZSLKXPB",
                "ts": "1510465508.000017"
            },
            {
                "user": "U5ZSLKXPB",
                "ts": "1510465514.000031"
            },
            {
                "user": "U7A2UJJC8",
                "ts": "1510615361.000139"
            },
            {
                "user": "U7A2UJJC8",
                "ts": "1510615370.000203"
            }
        ],
        "unread_count": 5,
        "ts": "1510447528.000047",
        "reactions": [
            {
                "name": "rowboat",
                "users": [
                    "U5EPK7WET"
                ],
                "count": 1
            }
        ]
    },
    {
        "type": "message",
        "user": "U614WV9NC",
        "text": "I don't care about the solution, as long as I no longer need to be worried about the floor being under water when I use the bathroom for other things than showering",
        "ts": "1510447564.000018"
    },
    {
        "type": "message",
        "user": "U614WV9NC",
        "text": "I am also putting out a $70 bounty for getting us a freezer",
        "ts": "1510447584.000018"
    },
    {
        "type": "message",
        "user": "U614WV9NC",
        "text": "Instead of just a fridge set to the coldest setting",
        "ts": "1510447592.000026"
    },
    {
        "type": "message",
        "user": "U614WV9NC",
        "text": "These alone might not be enough, but if other people chime in, we can probably get critical mass for someone to solve a bunch of stuff on the floor",
        "ts": "1510447621.000077"
    },
    {
        "type": "message",
        "user": "U5ZSLKXPB",
        "text": "I think I have a solution",
        "thread_ts": "1510447528.000047",
        "parent_user_id": "U614WV9NC",
        "ts": "1510465344.000055"
    },
    {
        "type": "message",
        "user": "U5ZSLKXPB",
        "text": "conditional on the cause of the problem being that water goes around the sides of the kiddie pool",
        "thread_ts": "1510447528.000047",
        "parent_user_id": "U614WV9NC",
        "ts": "1510465508.000017"
    },
    {
        "type": "message",
        "user": "U5ZSLKXPB",
        "text": "will attempt implementation within the week",
        "thread_ts": "1510447528.000047",
        "parent_user_id": "U614WV9NC",
        "ts": "1510465514.000031"
    }
]