[
    {
        "type": "message",
        "user": "U614WV9NC",
        "text": "<!channel> Feel free to take any of my food while I am gone",
        "thread_ts": "1510699413.000203",
        "reply_count": 2,
        "replies": [
            {
                "user": "U5ZSLKXPB",
                "ts": "1510699460.000264"
            },
            {
                "user": "U614WV9NC",
                "ts": "1510699485.000030"
            }
        ],
        "unread_count": 2,
        "ts": "1510699413.000203"
    },
    {
        "type": "message",
        "user": "U5ZSLKXPB",
        "text": "Bye &lt;3",
        "thread_ts": "1510699413.000203",
        "parent_user_id": "U614WV9NC",
        "ts": "1510699460.000264"
    },
    {
        "type": "message",
        "user": "U614WV9NC",
        "text": "This includes the coffee, the lemonade and the bananas in the fridge (and given the current consumption rate we probably also want to make the apples public)",
        "ts": "1510699463.000318"
    },
    {
        "type": "message",
        "user": "U614WV9NC",
        "text": "Thanks! ^_^ &lt;3 ",
        "thread_ts": "1510699413.000203",
        "parent_user_id": "U614WV9NC",
        "ts": "1510699485.000030"
    },
    {
        "type": "message",
        "user": "U5EPK7WET",
        "text": "<!channel> ^^ me too, I'm out for the week so my bananas and carrots and nuts and such are all up for grabs",
        "ts": "1510712191.000066"
    }
]