[
    {
        "type": "message",
        "subtype": "file_share",
        "text": "<@U5ZSLKXPB> shared a file: <https:\/\/theeventhorizon.slack.com\/files\/U5ZSLKXPB\/F62V2BUKE\/List_of_things_we_need|List of things we need>",
        "file": {
            "id": "F62V2BUKE",
            "created": 1499047678,
            "timestamp": 1499048069,
            "name": "List_of_things_we_need",
            "title": "List of things we need",
            "mimetype": "text\/plain",
            "filetype": "space",
            "pretty_type": "Post",
            "user": "U5ZSLKXPB",
            "editable": true,
            "size": 202,
            "mode": "space",
            "is_external": false,
            "external_type": "",
            "is_public": true,
            "public_url_shared": false,
            "display_as_bot": false,
            "username": "",
            "url_private": "https:\/\/files.slack.com\/files-pri\/T29RXEZQV-F62V2BUKE\/List_of_things_we_need?t=xoxe-77881509845-278458240181-277799076385-f7aff9668b2352bc9174110ca96b42af",
            "url_private_download": "https:\/\/files.slack.com\/files-pri\/T29RXEZQV-F62V2BUKE\/download\/List_of_things_we_need?t=xoxe-77881509845-278458240181-277799076385-f7aff9668b2352bc9174110ca96b42af",
            "permalink": "https:\/\/theeventhorizon.slack.com\/files\/U5ZSLKXPB\/F62V2BUKE\/List_of_things_we_need",
            "permalink_public": "https:\/\/slack-files.com\/T29RXEZQV-F62V2BUKE-7cbf4ca5c5",
            "preview": "<document><p>A knife that can actually cut things<\/p><p>A broom<\/p><p>Lights for the living room \/ café area<\/p><\/document>",
            "updated": 1499048069,
            "editor": "U5ZSLKXPB",
            "last_editor": "U5ZSLKXPB",
            "state": "inactive",
            "channels": [],
            "groups": [],
            "ims": [],
            "comments_count": 1
        },
        "user": "U5ZSLKXPB",
        "upload": false,
        "display_as_bot": false,
        "username": "claire.wang",
        "bot_id": null,
        "ts": "1499048290.549832"
    },
    {
        "type": "message",
        "subtype": "file_comment",
        "text": "<@U5ZSLKXPB> commented on <@U5ZSLKXPB>’s file <https:\/\/theeventhorizon.slack.com\/files\/U5ZSLKXPB\/F62V2BUKE\/List_of_things_we_need|List of things we need>: add things if you think of them!",
        "file": {
            "id": "F62V2BUKE",
            "created": 1499047678,
            "timestamp": 1499048069,
            "name": "List_of_things_we_need",
            "title": "List of things we need",
            "mimetype": "text\/plain",
            "filetype": "space",
            "pretty_type": "Post",
            "user": "U5ZSLKXPB",
            "editable": true,
            "size": 202,
            "mode": "space",
            "is_external": false,
            "external_type": "",
            "is_public": true,
            "public_url_shared": false,
            "display_as_bot": false,
            "username": "",
            "url_private": "https:\/\/files.slack.com\/files-pri\/T29RXEZQV-F62V2BUKE\/List_of_things_we_need?t=xoxe-77881509845-278458240181-277799076385-f7aff9668b2352bc9174110ca96b42af",
            "url_private_download": "https:\/\/files.slack.com\/files-pri\/T29RXEZQV-F62V2BUKE\/download\/List_of_things_we_need?t=xoxe-77881509845-278458240181-277799076385-f7aff9668b2352bc9174110ca96b42af",
            "permalink": "https:\/\/theeventhorizon.slack.com\/files\/U5ZSLKXPB\/F62V2BUKE\/List_of_things_we_need",
            "permalink_public": "https:\/\/slack-files.com\/T29RXEZQV-F62V2BUKE-7cbf4ca5c5",
            "preview": "<document><p>A knife that can actually cut things<\/p><p>A broom<\/p><p>Lights for the living room \/ café area<\/p><\/document>",
            "updated": 1499048069,
            "editor": "U5ZSLKXPB",
            "last_editor": "U5ZSLKXPB",
            "state": "inactive",
            "channels": [],
            "groups": [],
            "ims": [],
            "comments_count": 1
        },
        "comment": {
            "id": "Fc62TNG7FC",
            "created": 1499048290,
            "timestamp": 1499048290,
            "user": "U5ZSLKXPB",
            "is_intro": false,
            "comment": "add things if you think of them!"
        },
        "is_intro": false,
        "ts": "1499048290.549849"
    }
]