[
    {
        "type": "message",
        "user": "U5ZSLKXPB",
        "text": "<@U2D0C4SH5> are there rules about use of the 1st floor common space? because a sizable group of people, none of whom live here, just showed up unannounced for a 3-hour hackathon. it doesn't seem right to kick them out but it seems like it would be good to have policies around this kind of thing",
        "ts": "1504988018.000007"
    },
    {
        "type": "message",
        "user": "U2D0C4SH5",
        "text": "Hmmm, that seems problematic. What hackathon? ",
        "ts": "1504988061.000093"
    },
    {
        "type": "message",
        "user": "U5ZSLKXPB",
        "text": "I... don't know",
        "ts": "1504988069.000128"
    },
    {
        "type": "message",
        "user": "U2D0C4SH5",
        "text": "Did they say they got approval from someone? ",
        "ts": "1504988095.000105"
    },
    {
        "type": "message",
        "user": "U2D0C4SH5",
        "text": "(I'm pretty confident I didn't ok it)",
        "ts": "1504988110.000030"
    },
    {
        "type": "message",
        "user": "U2D0C4SH5",
        "text": "Or are they random people that think It's still.a cafe?",
        "ts": "1504988130.000004"
    },
    {
        "type": "message",
        "user": "U5ZSLKXPB",
        "text": "No and no, they're rationalists and apparently they were going to do it at a cafe but there was no space there so they just showed up here",
        "ts": "1504988143.000055"
    },
    {
        "type": "message",
        "user": "U5ZSLKXPB",
        "text": "some of them have also been meeting here the past two days",
        "ts": "1504988151.000058"
    },
    {
        "type": "message",
        "user": "U2D0C4SH5",
        "text": "Uhg",
        "ts": "1504988221.000009",
        "reactions": [
            {
                "name": "upside_down_face",
                "users": [
                    "U5ZSLKXPB"
                ],
                "count": 1
            }
        ]
    },
    {
        "type": "message",
        "user": "U2D0C4SH5",
        "text": "Well, I think It's pretty unacceptable to host an event at someone else's home without permission...",
        "ts": "1504988286.000098"
    },
    {
        "type": "message",
        "user": "U2D0C4SH5",
        "text": "Could you possibly send me a picture of the group?",
        "ts": "1504988313.000043"
    },
    {
        "type": "message",
        "user": "U2D0C4SH5",
        "text": "Also, while I have you, how would you like a room with a bathroom (and real shower!) On the 2nd fl?",
        "ts": "1504988528.000081"
    },
    {
        "type": "message",
        "subtype": "file_share",
        "text": "<@U5ZSLKXPB> uploaded a file: <https:\/\/theeventhorizon.slack.com\/files\/U5ZSLKXPB\/F70M26BM0\/img_5714.jpg|IMG_5714.jpg>",
        "file": {
            "id": "F70M26BM0",
            "created": 1504988670,
            "timestamp": 1504988670,
            "name": "IMG_5714.jpg",
            "title": "IMG_5714.jpg",
            "mimetype": "image\/jpeg",
            "filetype": "jpg",
            "pretty_type": "JPEG",
            "user": "U5ZSLKXPB",
            "editable": false,
            "size": 1889748,
            "mode": "hosted",
            "is_external": false,
            "external_type": "",
            "is_public": true,
            "public_url_shared": false,
            "display_as_bot": false,
            "username": "",
            "url_private": "https:\/\/files.slack.com\/files-pri\/T29RXEZQV-F70M26BM0\/img_5714.jpg?t=xoxe-77881509845-278458240181-277799076385-f7aff9668b2352bc9174110ca96b42af",
            "url_private_download": "https:\/\/files.slack.com\/files-pri\/T29RXEZQV-F70M26BM0\/download\/img_5714.jpg?t=xoxe-77881509845-278458240181-277799076385-f7aff9668b2352bc9174110ca96b42af",
            "thumb_64": "https:\/\/files.slack.com\/files-tmb\/T29RXEZQV-F70M26BM0-786eb30c31\/img_5714_64.jpg?t=xoxe-77881509845-278458240181-277799076385-f7aff9668b2352bc9174110ca96b42af",
            "thumb_80": "https:\/\/files.slack.com\/files-tmb\/T29RXEZQV-F70M26BM0-786eb30c31\/img_5714_80.jpg?t=xoxe-77881509845-278458240181-277799076385-f7aff9668b2352bc9174110ca96b42af",
            "thumb_360": "https:\/\/files.slack.com\/files-tmb\/T29RXEZQV-F70M26BM0-786eb30c31\/img_5714_360.jpg?t=xoxe-77881509845-278458240181-277799076385-f7aff9668b2352bc9174110ca96b42af",
            "thumb_360_w": 270,
            "thumb_360_h": 360,
            "thumb_480": "https:\/\/files.slack.com\/files-tmb\/T29RXEZQV-F70M26BM0-786eb30c31\/img_5714_480.jpg?t=xoxe-77881509845-278458240181-277799076385-f7aff9668b2352bc9174110ca96b42af",
            "thumb_480_w": 360,
            "thumb_480_h": 480,
            "thumb_160": "https:\/\/files.slack.com\/files-tmb\/T29RXEZQV-F70M26BM0-786eb30c31\/img_5714_160.jpg?t=xoxe-77881509845-278458240181-277799076385-f7aff9668b2352bc9174110ca96b42af",
            "thumb_720": "https:\/\/files.slack.com\/files-tmb\/T29RXEZQV-F70M26BM0-786eb30c31\/img_5714_720.jpg?t=xoxe-77881509845-278458240181-277799076385-f7aff9668b2352bc9174110ca96b42af",
            "thumb_720_w": 540,
            "thumb_720_h": 720,
            "thumb_800": "https:\/\/files.slack.com\/files-tmb\/T29RXEZQV-F70M26BM0-786eb30c31\/img_5714_800.jpg?t=xoxe-77881509845-278458240181-277799076385-f7aff9668b2352bc9174110ca96b42af",
            "thumb_800_w": 800,
            "thumb_800_h": 1067,
            "thumb_960": "https:\/\/files.slack.com\/files-tmb\/T29RXEZQV-F70M26BM0-786eb30c31\/img_5714_960.jpg?t=xoxe-77881509845-278458240181-277799076385-f7aff9668b2352bc9174110ca96b42af",
            "thumb_960_w": 720,
            "thumb_960_h": 960,
            "thumb_1024": "https:\/\/files.slack.com\/files-tmb\/T29RXEZQV-F70M26BM0-786eb30c31\/img_5714_1024.jpg?t=xoxe-77881509845-278458240181-277799076385-f7aff9668b2352bc9174110ca96b42af",
            "thumb_1024_w": 768,
            "thumb_1024_h": 1024,
            "image_exif_rotation": 1,
            "original_w": 3024,
            "original_h": 4032,
            "permalink": "https:\/\/theeventhorizon.slack.com\/files\/U5ZSLKXPB\/F70M26BM0\/img_5714.jpg",
            "permalink_public": "https:\/\/slack-files.com\/T29RXEZQV-F70M26BM0-d9090b94ad",
            "channels": [],
            "groups": [],
            "ims": [],
            "comments_count": 0
        },
        "user": "U5ZSLKXPB",
        "upload": true,
        "display_as_bot": false,
        "username": "claire.wang",
        "bot_id": null,
        "ts": "1504988674.000116"
    },
    {
        "type": "message",
        "user": "U614WV9NC",
        "text": "Ah, I think Matt Goldenberg organized the thing, and is currently staying on the second floor",
        "ts": "1504988682.000005"
    },
    {
        "type": "message",
        "user": "U614WV9NC",
        "text": "It seems OK to me for people who are staying in the house to sometimes get the lowest floor as an emergency meeting space",
        "ts": "1504988711.000012"
    },
    {
        "type": "message",
        "user": "U614WV9NC",
        "text": "Not as happy about it being used as a meeting space in the morning for the last two days.",
        "ts": "1504988746.000069"
    },
    {
        "type": "message",
        "user": "U2D0C4SH5",
        "text": "^ agree with first point. ",
        "ts": "1504988807.000011"
    },
    {
        "type": "message",
        "user": "U2D0C4SH5",
        "text": "2nd part seems a little inconsistent with behavior... :p",
        "ts": "1504988847.000027"
    }
]