[
    {
        "type": "message",
        "user": "U614WV9NC",
        "text": "Huh, I am interested in the backstory of that, but sure: 20th of April 1995. \n\nHmm... what is the purpose of an emergency contact person?",
        "ts": "1499194810.096548"
    },
    {
        "type": "message",
        "user": "U2D0C4SH5",
        "text": "If you get arrested, we want to be able to contact the person who will get you a lawyer. Similarly, if you get some crazy sickness, we want the person who should make medical decisions for you",
        "ts": "1499194898.113276"
    },
    {
        "type": "message",
        "user": "U614WV9NC",
        "text": "Hmm... no idea. Eli seems to have dealt with situations like this reasonably in the past, so let's make it Eli?",
        "ts": "1499195013.134255"
    },
    {
        "type": "message",
        "user": "U2D0C4SH5",
        "text": "I would prefer the people that have medical authority, but if you want to gamble on Eli, and your parents are unlikely to sue, then we can make it Eli.",
        "ts": "1499195305.184277"
    },
    {
        "type": "message",
        "user": "U614WV9NC",
        "text": "I mean, my parents are in Germany and don't speak english. My brother might be the closest thing we can get?",
        "ts": "1499195352.191995"
    }
]