[
    {
        "type": "message",
        "user": "U648CNV1C",
        "text": "Happy birthday Dima!!!",
        "ts": "1499885962.598361",
        "reactions": [
            {
                "name": "heart",
                "users": [
                    "U5ZPXDVLK"
                ],
                "count": 1
            }
        ]
    },
    {
        "type": "message",
        "user": "U614WV9NC",
        "text": "<@U2D0C4SH5>: I remember hearing rumors about having the cleaner who cleans the upper floors also cleaning the 1st floor",
        "ts": "1499890548.020227"
    },
    {
        "type": "message",
        "user": "U614WV9NC",
        "text": "Once per week or so",
        "ts": "1499890553.023326"
    },
    {
        "type": "message",
        "user": "U2D0C4SH5",
        "text": "The cleaner comes every two weeks (They don't clean bedrooms). I can ask them to add 1st fl next week. I'm open to someone bidding to do the cleaning... :slightly_smiling_face:",
        "ts": "1499893629.625998"
    },
    {
        "type": "message",
        "user": "U5ZSLKXPB",
        "text": "I will do the cleaning!",
        "thread_ts": "1499895331.397248",
        "reply_count": 3,
        "replies": [
            {
                "user": "U614WV9NC",
                "ts": "1499896086.713961"
            },
            {
                "user": "U5ZSLKXPB",
                "ts": "1499906179.556514"
            },
            {
                "user": "U614WV9NC",
                "ts": "1500072859.448009"
            }
        ],
        "unread_count": 3,
        "ts": "1499895331.397248"
    },
    {
        "type": "message",
        "user": "U614WV9NC",
        "text": "How much do you want to be paid?",
        "thread_ts": "1499895331.397248",
        "parent_user_id": "U5ZSLKXPB",
        "ts": "1499896086.713961"
    },
    {
        "type": "message",
        "user": "U5ZSLKXPB",
        "text": "Roughly what the actual maids would be paid for a comparable amount of work: $75 every two weeks for the whole floor, a little extra for bedrooms if people want that.",
        "thread_ts": "1499895331.397248",
        "parent_user_id": "U5ZSLKXPB",
        "ts": "1499906179.556514"
    }
]