[
    {
        "type": "message",
        "user": "U5ZSLKXPB",
        "text": "Two PSAs (that I probably should have made like a month ago, my bad):\n- You shouldn't let any food go down the drain in the kitchen sink because we don't have a garbage disposal so it'll just stay there and get clogged\n- It's best to leave the light on in the bathroom when the floor is wet, because when the light is on the fan is also on and then it actually dries",
        "ts": "1502316268.298187"
    },
    {
        "type": "message",
        "user": "U5ZSLKXPB",
        "text": "Now the knowledge is shared :+1:",
        "ts": "1502316282.303206",
        "reactions": [
            {
                "name": "+1",
                "users": [
                    "U2D0C4SH5",
                    "U614WV9NC",
                    "U5ZV6L94G"
                ],
                "count": 3
            }
        ]
    }
]