[
    {
        "type": "message",
        "user": "U648CNV1C",
        "text": "Here is the custom earplugs I bought: <https:\/\/smile.amazon.com\/Radians-Custom-Molded-Earplugs-Blue\/dp\/B003A28OW6\/ref=sr_1_3?ie=UTF8&amp;qid=1501443000&amp;sr=8-3&amp;keywords=custom+earplugs>\n\nHowever, these ones look even better: <https:\/\/smile.amazon.com\/gp\/slredirect\/picassoRedirect.html\/ref=pa_sp_atf_aps_sr_pg1_1?ie=UTF8&amp;adId=A01404092X1SH6GPIWC8Y&amp;url=https%3A%2F%2Fsmile.amazon.com%2FDecibullz-Earplugs-Comfortable-Protection-Shooting%2Fdp%2FB00WIXL46Q%2Fref%3Dsr_1_1%3Fie%3DUTF8%26qid%3D1501443000%26sr%3D8-1-spons%26keywords%3Dcustom%2Bearplugs%26psc%3D1&amp;qualifier=1501443000&amp;id=5824678363741244&amp;widgetName=sp_atf>",
        "attachments": [
            {
                "title": "Radians Custom Molded Earplugs, Blue",
                "title_link": "https:\/\/smile.amazon.com\/Radians-Custom-Molded-Earplugs-Blue\/dp\/B003A28OW6\/ref=sr_1_3?ie=UTF8&qid=1501443000&sr=8-3&keywords=custom+earplugs",
                "text": "Easy, do-it-yourself kit, molds in 10 minutes. Dozens of everyday uses including shooting sports, sporting events, construction, lawn care, assembly lines, farming, auto races, swimming, flying, factories and much more!. Note: Best before 12 months from date of manufacture.",
                "fallback": "Radians Custom Molded Earplugs, Blue",
                "image_url": "https:\/\/images-na.ssl-images-amazon.com\/images\/I\/41AKxddqURL._SR600%2c315_PIWhiteStrip%2cBottomLeft%2c0%2c35_PIAmznPrime%2cBottomLeft%2c0%2c-5_PIStarRatingTHREEANDHALF%2cBottomLeft%2c360%2c-6_SR600%2c315_ZA(916%20Reviews)%2c445%2c286%2c400%2c400%2carial%2c12%2c4%2c0%2c0%2c5_SCLZZZZZZZ_.jpg",
                "from_url": "https:\/\/smile.amazon.com\/Radians-Custom-Molded-Earplugs-Blue\/dp\/B003A28OW6\/ref=sr_1_3?ie=UTF8&qid=1501443000&sr=8-3&keywords=custom+earplugs",
                "image_width": 476,
                "image_height": 250,
                "image_bytes": 16422,
                "service_icon": "https:\/\/www.amazon.com\/favicon.ico",
                "service_name": "amazon.com",
                "id": 1
            }
        ],
        "ts": "1501443149.671657"
    }
]