[
    {
        "type": "message",
        "user": "U648CNV1C",
        "text": "Hey guys, front door was left unlocked two nights already this week; Shree forgot to lock it when he left after the party, and last night I think <@U2D01HLT0> or Ben Pace forgot to lock it. \nGiven that this happens on a pretty regular basis, and we live in an unsafe neighborhood where people in the house have already noticed someone in the neighborhood casing us for a burglary, I think we should actually solve this problem. The Schlage lock we have has a feature (disabled by default) that auto-locks after 30 seconds. I really think that would be worth turning on. I don't have any property in the common room except for food, and I'm leaving in 10 days, so you guys should decide if you want it. If so, we need Elizabeth who hopefully knows the Programming Code for the lock to help us turn it on.",
        "ts": "1503595648.000657"
    },
    {
        "text": "smells like teen spirit",
        "type": "message",
        "subtype": "slackbot_response",
        "user": "USLACKBOT",
        "ts": "1503595649.000060"
    },
    {
        "type": "message",
        "user": "U5ZSLKXPB",
        "text": "+1, this would also solve the problem of strangers walking into the café in the middle of the day, which has happened twice in the last week",
        "ts": "1503599270.000229"
    },
    {
        "type": "message",
        "user": "U2D0C4SH5",
        "text": "I don't think the power currently resides with me. <@U2D0CPE6M> ? <@U2UPVPNTB> ?",
        "ts": "1503600744.000450"
    },
    {
        "user": "U2D0CPE6M",
        "inviter": "U2D0C4SH5",
        "text": "<@U2D0CPE6M> has joined the channel",
        "type": "message",
        "subtype": "channel_join",
        "ts": "1503600751.000420"
    },
    {
        "user": "U2UPVPNTB",
        "inviter": "U2D0C4SH5",
        "text": "<@U2UPVPNTB> has joined the channel",
        "type": "message",
        "subtype": "channel_join",
        "ts": "1503600752.000061"
    },
    {
        "type": "message",
        "user": "U2UPVPNTB",
        "text": "<@U2D0C4SH5> I have the code; I'll send it to you and Rogs",
        "ts": "1503601924.000247"
    },
    {
        "type": "message",
        "user": "U2UPVPNTB",
        "text": "you should also pick up the manuals at some point",
        "ts": "1503601929.000561"
    },
    {
        "type": "message",
        "user": "U648CNV1C",
        "text": "Here is the manual for the Schlage lock we have: <http:\/\/www.schlage.com\/content\/dam\/sch-us\/documents\/pdf\/installation-manuals\/Schlage-Sense-User-Guide-P516-991.pdf>\nAuto-lock is explained on pg. 7, but maybe it's best if <@U2UPVPNTB> downloads the Schlage Sense mobile app, and uses that to turn on the Auto-Lock feature.",
        "edited": {
            "user": "U648CNV1C",
            "ts": "1503610067.000000"
        },
        "ts": "1503610036.000162"
    },
    {
        "type": "message",
        "user": "U2UPVPNTB",
        "text": "I am moving out in about a week :p I predict Elizabeth should get the app",
        "ts": "1503619107.000244",
        "reactions": [
            {
                "name": "tropical_fish",
                "users": [
                    "U2D0C4SH5"
                ],
                "count": 1
            }
        ]
    },
    {
        "user": "U2D0CPE6M",
        "text": "<@U2D0CPE6M> has left the channel",
        "type": "message",
        "subtype": "channel_leave",
        "ts": "1503619255.000278"
    }
]