[
    {
        "type": "message",
        "user": "U5ZSLKXPB",
        "text": "I've been looking into ways to make the shower less terrible and I couldn't find any sort of floor barrier that would be both watertight and removable without damage. (For shared knowledge purposes: as far as I know Christina outright rejected the idea of shower dams, so anything that damages the floor is definitely out.) But I did find an alternative: <https:\/\/www.amazon.com\/Intex-Mini-Frame-Pool-Blue\/dp\/B00HJGTLVW\/> . This is the right size and has a drain in one corner and I think it would solve the problem of water going everywhere quite nicely, but I would love to hear your complaints\/concerns\/etc about any aspect of it",
        "attachments": [
            {
                "title": "Intex Mini Frame Pool, Blue",
                "title_link": "https:\/\/www.amazon.com\/Intex-Mini-Frame-Pool-Blue\/dp\/B00HJGTLVW\/",
                "text": "Cool off in the summer time with this Intex Mini Frame Pool. Set up size is 48\" x 48\" x 12\". Galvanized metal steel frame. Foam padded horizontal beams for comfort.",
                "fallback": "Intex Mini Frame Pool, Blue",
                "image_url": "https:\/\/images-na.ssl-images-amazon.com\/images\/I\/31c5VWctLqL._SR600%2c315_PIWhiteStrip%2cBottomLeft%2c0%2c35_PIAmznPrime%2cBottomLeft%2c0%2c-5_PIStarRatingFOUR%2cBottomLeft%2c360%2c-6_SR600%2c315_ZA(127%20Reviews)%2c445%2c286%2c400%2c400%2carial%2c12%2c4%2c0%2c0%2c5_SCLZZZZZZZ_.jpg",
                "from_url": "https:\/\/www.amazon.com\/Intex-Mini-Frame-Pool-Blue\/dp\/B00HJGTLVW\/",
                "image_width": 476,
                "image_height": 250,
                "image_bytes": 14898,
                "service_icon": "https:\/\/www.amazon.com\/favicon.ico",
                "service_name": "amazon.com",
                "id": 1
            }
        ],
        "ts": "1502858010.000094"
    },
    {
        "type": "message",
        "user": "U614WV9NC",
        "text": "This seems great",
        "ts": "1502858054.000073"
    },
    {
        "type": "message",
        "user": "U614WV9NC",
        "text": "However, I only thought about this for 10 seconds",
        "ts": "1502858064.000123"
    },
    {
        "type": "message",
        "user": "U614WV9NC",
        "text": "So, I guess, take this with a grain of salt",
        "ts": "1502858072.000074"
    }
]