[
    {
        "type": "message",
        "user": "U5ZSLKXPB",
        "text": "Maids are coming in the morning, don't be afraid of them! They're very nice",
        "ts": "1507615888.000217"
    },
    {
        "type": "message",
        "user": "U5ZSLKXPB",
        "text": "Also did Eric Chisholm +1 arrive?",
        "ts": "1507615900.000060"
    },
    {
        "type": "message",
        "user": "U614WV9NC",
        "text": "Yep, he arrived at 7PM and went to bed immediately",
        "ts": "1507616080.000041",
        "reactions": [
            {
                "name": "sleeping",
                "users": [
                    "U5ZSLKXPB"
                ],
                "count": 1
            }
        ]
    }
]