[
    {
        "user": "U648CNV1C",
        "inviter": "U2D0C4SH5",
        "text": "<@U648CNV1C> has joined the channel",
        "type": "message",
        "subtype": "channel_join",
        "ts": "1499283973.381266"
    },
    {
        "type": "message",
        "user": "U2D0C4SH5",
        "text": "<!channel> Hey All, CFAR\/I is hosting a crypto currency event tmrw in the cafe space from 7 to 10:30. You are welcome to come, but I need a firm RSVP by tonight. There is also required reading: ethereum white paper, and the ethereum wikipedia page.",
        "edited": {
            "user": "U2D0C4SH5",
            "ts": "1499292610.000000"
        },
        "ts": "1499292594.160238"
    },
    {
        "text": "*spank me*",
        "type": "message",
        "subtype": "slackbot_response",
        "user": "USLACKBOT",
        "ts": "1499292595.160285"
    },
    {
        "type": "message",
        "user": "U5ZPXDVLK",
        "text": "Beth Barnes would likely come by for the event",
        "ts": "1499298652.754619"
    }
]