[
    {
        "type": "message",
        "user": "U7A2UJJC8",
        "text": "How do people feel about me labeling common space shelves and refrigerator shelves by name, and having each person take one (plus one for the room that has rotating people in it).  Right now it's a bit of a tossup trying to find things in the chaos, and hard to tell what things have just been left here from previous occupants.",
        "ts": "1507854573.000224"
    },
    {
        "type": "message",
        "user": "U614WV9NC",
        "text": "Seems good to me",
        "ts": "1507858410.000207"
    }
]