[
    {
        "type": "message",
        "user": "U5ZV6L94G",
        "text": "The bath mat in front of the sink gets soaked after people shower, and is disgusting to step on afterwards. I'm going to start hanging the mat over the shower rod after showering; can others join me?",
        "ts": "1499655094.438118"
    },
    {
        "type": "message",
        "user": "U5ZPXDVLK",
        "text": "Agreed about the mat being awful to step on after the shower. I think something like a water dam  is a better solution in the long term though. <@U2D0C4SH5>, any updates on that?\n\n(This kind of dam: <https:\/\/www.amazon.com\/Inch-Collapsible-Threshold-Water-Round\/dp\/B01LWMG9GL\/ref=sr_1_5_s_it?s=hpc&amp;ie=UTF8&amp;qid=1498496821&amp;sr=1-5&amp;keywords=shower+Water+Dam>)",
        "attachments": [
            {
                "title": "96 Inch Collapsible Threshold Water Dam with Round End Caps",
                "title_link": "https:\/\/www.amazon.com\/Inch-Collapsible-Threshold-Water-Round\/dp\/B01LWMG9GL\/ref=sr_1_5_s_it?s=hpc&ie=UTF8&qid=1498496821&sr=1-5&keywords=shower+Water+Dam",
                "text": "Barrier-free shower stalls are easier for people in wheelchairs or with limited mobility to get into. Unfortunately, if the water isn't draining as fast as it should you might end up with water all over your bathroom floor. Not only is it messy but it is a safety hazard. A Collapsible Water Dam i...",
                "fallback": "96 Inch Collapsible Threshold Water Dam with Round End Caps",
                "image_url": "https:\/\/images-na.ssl-images-amazon.com\/images\/I\/41Z9iGKzCyL._SR600%2c315_PIWhiteStrip%2cBottomLeft%2c0%2c35_PIAmznPrime%2cBottomLeft%2c0%2c-5_SCLZZZZZZZ_.jpg",
                "from_url": "https:\/\/www.amazon.com\/Inch-Collapsible-Threshold-Water-Round\/dp\/B01LWMG9GL\/ref=sr_1_5_s_it?s=hpc&ie=UTF8&qid=1498496821&sr=1-5&keywords=shower+Water+Dam",
                "image_width": 478,
                "image_height": 250,
                "image_bytes": 16329,
                "service_icon": "https:\/\/www.amazon.com\/favicon.ico",
                "service_name": "amazon.com",
                "id": 1
            }
        ],
        "ts": "1499661394.282509",
        "reactions": [
            {
                "name": "+1",
                "users": [
                    "U648CNV1C"
                ],
                "count": 1
            }
        ]
    }
]