[
    {
        "user": "U2D01HLT0",
        "inviter": "U2D0C4SH5",
        "text": "<@U2D01HLT0> has joined the channel",
        "type": "message",
        "subtype": "channel_join",
        "ts": "1475550080.000002"
    },
    {
        "type": "message",
        "user": "U2D0C4SH5",
        "text": "Updates: change the rag each day at the end. They are under the sink",
        "ts": "1475550756.000003"
    },
    {
        "user": "U2D026HHN",
        "text": "<@U2D026HHN> has joined the channel",
        "type": "message",
        "subtype": "channel_join",
        "ts": "1475553905.000004"
    },
    {
        "type": "message",
        "user": "U2GK97M1A",
        "text": "I'll be at the house sometime before 1am to do my house elfing",
        "ts": "1475558311.000005"
    },
    {
        "type": "message",
        "user": "U2D0C4SH5",
        "text": "Awesome. It looks like someone did it though. Could you possibly switch to Wednesday?",
        "ts": "1475561447.000006"
    },
    {
        "type": "message",
        "user": "U2D01HLT0",
        "text": "Hey everyone, I’ll do your house-elfing for $10. I want to see how quickly I can save up for some nice rock-climbing pants. It’s sort of experiment in motivation-hacking.:grinning:",
        "ts": "1475562340.000007"
    }
]