[
    {
        "type": "message",
        "user": "U2D0C4SH5",
        "text": "One Day House Elf* (3rd fl):\nMonday- Alex\nTuesday- Cleaner\/ Elizabeth \nWednesday- Aysja\nThursday - Kurt\nFriday- Ben\n\nOne Day House Elf* (2nd fl)\nMon- David Kristofferson\nWednesday- Quincy\nFriday- Clara\nSunday- Corina",
        "ts": "1474321060.000002"
    },
    {
        "type": "message",
        "user": "U2D0C4SH5",
        "text": "*If it is one of the first times you have done your task, please ask someone else to check it over when estimated complete. *\n·         Grab dishes from living room\n·         Wash dishes or place in dishwasher\n·         Run dishwasher if that’s your cleaning preference (not until evening!)\n·         Wipe down counters\n·         Wipe under the grates of the stove\n·         Check fridge for nasty stuff\n·         Sweep\n·         Check to see if anything is gross or out of place and fix\n*Remind the next House Elf it is their turn.*",
        "ts": "1474321119.000003"
    },
    {
        "type": "message",
        "subtype": "pinned_item",
        "user": "U2D0CPE6M",
        "item_type": "C",
        "attachments": [
            {
                "fallback": "[September 19th, 2016 2:37 PM] elizabeth: One Day House Elf* (3rd fl):\nMonday- Alex\nTuesday- Cleaner\/ Elizabeth \nWednesday- Aysja\nThursday - Kurt\nFriday- Ben\n\nOne Day House Elf* (2nd fl)\nMon- David Kristofferson\nWednesday- Quincy\nFriday- Clara\nSunday- Corina",
                "ts": "1474321060.000002",
                "author_id": "U2D0C4SH5",
                "author_subname": "Elizabeth 🐠 Garrett",
                "channel_id": "C2D026CJU",
                "channel_name": "spehw",
                "is_msg_unfurl": true,
                "text": "One Day House Elf* (3rd fl):\nMonday- Alex\nTuesday- Cleaner\/ Elizabeth \nWednesday- Aysja\nThursday - Kurt\nFriday- Ben\n\nOne Day House Elf* (2nd fl)\nMon- David Kristofferson\nWednesday- Quincy\nFriday- Clara\nSunday- Corina",
                "author_name": "Elizabeth 🐠 Garrett",
                "author_link": "https:\/\/theeventhorizon.slack.com\/team\/U2D0C4SH5",
                "author_icon": "https:\/\/avatars.slack-edge.com\/2016-09-21\/82475556294_2706f2e7d97596014ae4_48.jpg",
                "mrkdwn_in": [
                    "text"
                ]
            }
        ],
        "text": "<@U2D0CPE6M> pinned a message to this channel.",
        "ts": "1474327045.000004"
    },
    {
        "type": "message",
        "subtype": "pinned_item",
        "user": "U2D0CPE6M",
        "item_type": "C",
        "attachments": [
            {
                "fallback": "[September 19th, 2016 2:38 PM] elizabeth: *If it is one of the first times you have done your task, please ask someone else to check it over when estimated complete. *\n·         Grab dishes from living room\n·         Wash dishes or place in dishwasher\n·         Run dishwasher if that’s your cleaning preference (not until evening!)\n·         Wipe down counters\n·         Wipe under the grates of the stove\n·         Check fridge for nasty stuff\n·         Sweep\n·         Check to see if anything is gross or out of place and fix\n*Remind the next House Elf it is their turn.*",
                "ts": "1474321119.000003",
                "author_id": "U2D0C4SH5",
                "author_subname": "Elizabeth 🐠 Garrett",
                "channel_id": "C2D026CJU",
                "channel_name": "spehw",
                "is_msg_unfurl": true,
                "text": "*If it is one of the first times you have done your task, please ask someone else to check it over when estimated complete. *\n·         Grab dishes from living room\n·         Wash dishes or place in dishwasher\n·         Run dishwasher if that’s your cleaning preference (not until evening!)\n·         Wipe down counters\n·         Wipe under the grates of the stove\n·         Check fridge for nasty stuff\n·         Sweep\n·         Check to see if anything is gross or out of place and fix\n*Remind the next House Elf it is their turn.*",
                "author_name": "Elizabeth 🐠 Garrett",
                "author_link": "https:\/\/theeventhorizon.slack.com\/team\/U2D0C4SH5",
                "author_icon": "https:\/\/avatars.slack-edge.com\/2016-09-21\/82475556294_2706f2e7d97596014ae4_48.jpg",
                "mrkdwn_in": [
                    "text"
                ]
            }
        ],
        "text": "<@U2D0CPE6M> pinned a message to this channel.",
        "ts": "1474327054.000005"
    }
]