[
    {
        "user": "U2D0C4SH5",
        "text": "<@U2D0C4SH5> has joined the channel",
        "type": "message",
        "subtype": "channel_join",
        "ts": "1474232956.000002"
    },
    {
        "user": "U2CU0JCGK",
        "text": "<@U2CU0JCGK> has joined the channel",
        "type": "message",
        "subtype": "channel_join",
        "ts": "1474232976.000003"
    },
    {
        "user": "U2D0CPE6M",
        "text": "<@U2D0CPE6M> has joined the channel",
        "type": "message",
        "subtype": "channel_join",
        "ts": "1474233007.000004"
    },
    {
        "user": "U2CU0JFFD",
        "text": "<@U2CU0JFFD> has joined the channel",
        "type": "message",
        "subtype": "channel_join",
        "ts": "1474239268.000002"
    }
]