[
    {
        "type": "message",
        "user": "U2D0C4SH5",
        "text": "Hey, fun announcement: the clean rags which are replaced every day are under the sink. There is also a green bag under the sink for the dirty rags. If there are no clean rags, throw them all in the wash! :slightly_smiling_face: #fun #clean #cool",
        "ts": "1478739732.000002",
        "reactions": [
            {
                "name": "cool",
                "users": [
                    "U2D01HLT0"
                ],
                "count": 1
            }
        ]
    },
    {
        "type": "message",
        "user": "U2D026HHN",
        "text": "Feeling sick, will elf in morning ",
        "ts": "1478764678.000003"
    }
]