[
    {
        "type": "message",
        "user": "U2CU0JFFD",
        "text": "<@U2D01HLT0> This friday ima be gone again",
        "ts": "1475566742.000008"
    },
    {
        "type": "message",
        "user": "U2CU0JFFD",
        "text": "but you have to do a good job :stuck_out_tongue:",
        "ts": "1475566752.000009"
    },
    {
        "type": "message",
        "user": "U2CU0JFFD",
        "text": "(judged by the dictator)",
        "ts": "1475566760.000010"
    },
    {
        "type": "message",
        "user": "U2D01HLT0",
        "text": "I'll do an amazing job:volcano::stars::rocket:",
        "ts": "1475616297.000002"
    }
]