[
    {
        "type": "message",
        "user": "U2D0C4SH5",
        "text": "Beautiful house-elfing Kurt! You become a more and more glorious starfish. ",
        "ts": "1474665142.000002"
    },
    {
        "type": "message",
        "user": "U2D0C4SH5",
        "text": "<@U2CU0JFFD>: your turn!",
        "ts": "1474665154.000003"
    },
    {
        "type": "message",
        "user": "U2CU0JFFD",
        "text": "<!channel> Oh right, I'm gone this weekend.  Someone want to trade duty?",
        "ts": "1474674867.000002"
    }
]