[
    {
        "type": "message",
        "user": "U2D026HHN",
        "text": "If anyone could cover tonight for me I'll take your shift next week!",
        "ts": "1488422702.000002",
        "reactions": [
            {
                "name": "heart",
                "users": [
                    "U2D0C4SH5"
                ],
                "count": 1
            }
        ]
    },
    {
        "type": "message",
        "user": "U2D01HLT0",
        "text": "Deal",
        "ts": "1488422751.000003",
        "reactions": [
            {
                "name": "heart",
                "users": [
                    "U2D0C4SH5"
                ],
                "count": 1
            }
        ]
    }
]