[
    {
        "type": "message",
        "user": "U2D0C4SH5",
        "text": "Meeting Summary - 3rd fl House Elves\n\nProblem -&gt; Solutions\nRag system - change rag at the end of your shift\n                             Elizabeth will make the dirty\/clean bin distinction more apparent\nTrash - tell Bryan\/ Elizabeth \n                Get another trash can for outside\n\"Broken windows\" - Advise the house not to leave dishes overnight \n                                             Empty drying rack\n************* \nMonday - Alex\nTuesday - Elizabeth\nWednesday - Aysja \nThursday - Jacob\nFriday - Ben\nSaturday - Olivia\nSunday - Kurt",
        "edited": {
            "user": "U2D0C4SH5",
            "ts": "1485469872.000000"
        },
        "ts": "1483573896.000002"
    }
]