[
    {
        "type": "message",
        "user": "U2D0C4SH5",
        "text": "<!channel> Alright beautiful elves of the home, time for another checkup! Meeting either Monday after Journal club or Tuesday after Cocoa&amp; Concerns. Emoticon which ones you can do. :birthday: both, :skull_and_crossbones: neither, :tangerine: Monday, :cherries: Tuesday. :slightly_smiling_face:",
        "ts": "1487458919.000002",
        "reactions": [
            {
                "name": "birthday",
                "users": [
                    "U2D026HHN",
                    "U2D01HAA2",
                    "U2D01HLT0"
                ],
                "count": 3
            }
        ]
    }
]