[
    {
        "type": "message",
        "user": "U3K49B8H0",
        "text": "Need someone to cover my house elfing on THURSDAY!! Who will barter with me?",
        "edited": {
            "user": "U3K49B8H0",
            "ts": "1493857263.000000"
        },
        "ts": "1493857238.153798"
    },
    {
        "type": "message",
        "user": "U2D01HLT0",
        "text": "$20 and I guarantee all subtasks will be completed (including sweeping floors, wiping counter surfaces, etc)",
        "ts": "1493864701.808240"
    }
]