[
    {
        "type": "message",
        "user": "U2D026HHN",
        "text": "And you're still one of the weekend days right? Doesn't matter which one?",
        "ts": "1488566157.000002"
    },
    {
        "type": "message",
        "user": "U2D01HLT0",
        "text": "My day is Sunday and Olivia pays me to do Saturday",
        "ts": "1488566189.000003"
    },
    {
        "type": "message",
        "user": "U2D026HHN",
        "text": "Alright, so I will do Sunday next week ",
        "ts": "1488566224.000004"
    },
    {
        "type": "message",
        "user": "U2D01HLT0",
        "text": "cool",
        "ts": "1488566229.000005"
    },
    {
        "type": "message",
        "user": "U2D026HHN",
        "text": "Correct?",
        "ts": "1488566229.000006"
    },
    {
        "type": "message",
        "user": "U2D026HHN",
        "text": "Awesome!",
        "ts": "1488566235.000007"
    }
]