[
    {
        "type": "message",
        "user": "U2D026HHN",
        "text": "Who is thursday house elf?",
        "ts": "1495817280.992440"
    },
    {
        "text": "The greatest problem facing mankind is apathy. But nobody cares.",
        "type": "message",
        "subtype": "slackbot_response",
        "user": "USLACKBOT",
        "ts": "1495817280.992473"
    },
    {
        "type": "message",
        "user": "U2D0C4SH5",
        "text": "Based on messages above, phoenix",
        "ts": "1495817372.013484"
    },
    {
        "type": "message",
        "user": "U3K49B8H0",
        "text": "Who's house elfing tonight? I'll pay them $ to offset my mistake :confused:",
        "edited": {
            "user": "U3K49B8H0",
            "ts": "1495837811.000000"
        },
        "ts": "1495830039.815901"
    },
    {
        "type": "message",
        "user": "U2D01HLT0",
        "text": "that would be phaedrus",
        "ts": "1495848247.688436",
        "reactions": [
            {
                "name": "+1",
                "users": [
                    "U3K49B8H0"
                ],
                "count": 1
            }
        ]
    }
]