[
    {
        "type": "message",
        "user": "U2D026HHN",
        "text": "who is 3rd floor house elf on Thursdays? It did not happen last night",
        "ts": "1493397318.707326"
    },
    {
        "text": "The greatest problem facing mankind is apathy. But nobody cares.",
        "type": "message",
        "subtype": "slackbot_response",
        "user": "USLACKBOT",
        "ts": "1493397319.707339"
    },
    {
        "type": "message",
        "user": "U2D026HHN",
        "text": "nailed it, slackbot",
        "ts": "1493397337.711959"
    },
    {
        "text": "fuck a duck",
        "type": "message",
        "subtype": "slackbot_response",
        "user": "USLACKBOT",
        "ts": "1493397337.711987"
    },
    {
        "type": "message",
        "user": "U3K49B8H0",
        "text": "(lol) This is my fault, I forgot. I'll cover tonight, at least. Should we have some sort of PENALTY system up? Aside from turrets",
        "thread_ts": "1493397579.773915",
        "reply_count": 1,
        "replies": [
            {
                "user": "U2D0C4SH5",
                "ts": "1493397633.787699"
            }
        ],
        "unread_count": 1,
        "ts": "1493397579.773915"
    },
    {
        "text": "I’m fucked up and everyone thinks it’s a joke.",
        "type": "message",
        "subtype": "slackbot_response",
        "user": "USLACKBOT",
        "ts": "1493397579.773959",
        "reactions": [
            {
                "name": "cold_sweat",
                "users": [
                    "U3K49B8H0"
                ],
                "count": 1
            }
        ]
    },
    {
        "type": "message",
        "user": "U2D0C4SH5",
        "text": "phoenix: no",
        "thread_ts": "1493397579.773915",
        "parent_user_id": "U3K49B8H0",
        "ts": "1493397633.787699"
    }
]