[
    {
        "type": "message",
        "user": "U3K49B8H0",
        "text": "I totally forgot to get someone to cover for me *ahead of time*!! Whoops!",
        "ts": "1490286024.991413"
    },
    {
        "type": "message",
        "user": "U3K49B8H0",
        "text": "Can anyone trade a day next week for this one?",
        "ts": "1490286037.995005"
    },
    {
        "type": "message",
        "user": "U2D0C4SH5",
        "text": "Me!",
        "ts": "1490286061.002733",
        "reactions": [
            {
                "name": "smile",
                "users": [
                    "U3K49B8H0"
                ],
                "count": 1
            },
            {
                "name": "tada",
                "users": [
                    "U3K49B8H0"
                ],
                "count": 1
            }
        ]
    },
    {
        "type": "message",
        "user": "U3K49B8H0",
        "text": "Kay! I'll cover Tuesday, then?",
        "ts": "1490286100.014438"
    },
    {
        "type": "message",
        "user": "U2D0C4SH5",
        "text": "Perf!",
        "ts": "1490286151.029788"
    }
]