[
    {
        "user": "U3K49B8H0",
        "inviter": "U2D0C4SH5",
        "text": "<@U3K49B8H0> has joined the channel",
        "type": "message",
        "subtype": "channel_join",
        "ts": "1487609879.000006"
    },
    {
        "user": "U2CU0JCGK",
        "inviter": "U2D0C4SH5",
        "text": "<@U2CU0JCGK> has joined the channel",
        "type": "message",
        "subtype": "channel_join",
        "ts": "1487609879.000007"
    },
    {
        "type": "message",
        "user": "U2D01HAA2",
        "text": "<@U2D0C4SH5> Which day are we meeting?",
        "ts": "1487643972.000008"
    },
    {
        "type": "message",
        "user": "U2D0C4SH5",
        "text": "3rd floor at 10, 2nd fl at 9:30?",
        "ts": "1487645346.000009"
    }
]