[
    {
        "type": "message",
        "user": "U3K49B8H0",
        "text": "Looking for coverage for my Thursday House Elf duties! Can trade arbitrary favors (no monetary :\/)",
        "ts": "1488303883.000002",
        "reactions": [
            {
                "name": "heart",
                "users": [
                    "U2D0C4SH5"
                ],
                "count": 1
            }
        ]
    },
    {
        "type": "message",
        "user": "U2D0C4SH5",
        "text": "Can I trade you?",
        "ts": "1488304012.000003"
    },
    {
        "type": "message",
        "user": "U2D0C4SH5",
        "text": "Mine is today",
        "ts": "1488304014.000004"
    },
    {
        "type": "message",
        "user": "U2D0C4SH5",
        "text": ".... but I'm not home",
        "edited": {
            "user": "U2D0C4SH5",
            "ts": "1488304028.000000"
        },
        "ts": "1488304020.000005"
    },
    {
        "type": "message",
        "user": "U3K49B8H0",
        "text": "Wait, are you no longer doing the workshop?",
        "ts": "1488304064.000007"
    },
    {
        "type": "message",
        "user": "U2D0C4SH5",
        "text": "I'm still coming home Thursday night. Also, can pay that off instead if necessary.",
        "ts": "1488304127.000008"
    },
    {
        "type": "message",
        "user": "U3K49B8H0",
        "text": "Cool! I'll cover tonight.",
        "ts": "1488304202.000009"
    },
    {
        "type": "message",
        "user": "U2D0C4SH5",
        "text": "Thanks!",
        "ts": "1488304228.000010",
        "reactions": [
            {
                "name": "violin",
                "users": [
                    "U3K49B8H0"
                ],
                "count": 1
            }
        ]
    }
]