[
    {
        "type": "message",
        "user": "U3K49B8H0",
        "text": "<@U5EPK7WET>  yo, forgot to check myself yesterday and didn't house elf. Let me cover for you next week!",
        "ts": "1498869850.593817"
    },
    {
        "text": "The greatest problem facing mankind is apathy. But nobody cares.",
        "type": "message",
        "subtype": "slackbot_response",
        "user": "USLACKBOT",
        "ts": "1498869850.593830",
        "reactions": [
            {
                "name": "thinking_face",
                "users": [
                    "U2D01HLT0"
                ],
                "count": 1
            }
        ]
    },
    {
        "user": "U5EPK7WET",
        "inviter": "U3K49B8H0",
        "text": "<@U5EPK7WET> has joined the channel",
        "type": "message",
        "subtype": "channel_join",
        "ts": "1498869858.594396"
    }
]