[
    {
        "user": "U2CU0JCGK",
        "text": "<@U2CU0JCGK> has left the channel",
        "type": "message",
        "subtype": "channel_leave",
        "ts": "1483475912.000002"
    },
    {
        "user": "U2J7GJ50Q",
        "text": "<@U2J7GJ50Q> has left the channel",
        "type": "message",
        "subtype": "channel_leave",
        "ts": "1483475925.000003"
    },
    {
        "type": "message",
        "user": "U2D0C4SH5",
        "text": "Hey third floor House-elves, our house is beautiful and reset; let's have a meeting and touch base with what we need\/ what the current challenges are for keeping it up. :slightly_smiling_face: 9PM Emoticon :+1: if you can come, :-1: if you can't.",
        "edited": {
            "user": "U2D0C4SH5",
            "ts": "1483476493.000000"
        },
        "ts": "1483476478.000004",
        "reactions": [
            {
                "name": "+1::skin-tone-6",
                "users": [
                    "U2D01HLT0"
                ],
                "count": 1
            }
        ]
    },
    {
        "type": "message",
        "user": "U2D026HHN",
        "text": "Where at?",
        "ts": "1483506184.000006"
    },
    {
        "type": "message",
        "user": "U2D0C4SH5",
        "text": "My room. Seeing if people are here",
        "ts": "1483506204.000007"
    }
]