[
    {
        "type": "message",
        "user": "U2D026HHN",
        "text": "I have slacked on house elfing the last two weeks, I'm happy to make it up by doing tomorrow Thursday and Friday, or whatever 2 extra days people think is fair. Thoughts?",
        "thread_ts": "1498014229.920943",
        "reply_count": 3,
        "replies": [
            {
                "user": "U3K49B8H0",
                "ts": "1498014303.929542"
            },
            {
                "user": "U2D026HHN",
                "ts": "1498014349.934843"
            },
            {
                "user": "U2D026HHN",
                "ts": "1498014419.942757"
            }
        ],
        "unread_count": 3,
        "ts": "1498014229.920943"
    },
    {
        "type": "message",
        "user": "U3K49B8H0",
        "text": "aysjaj: Well, *I'd* appreciate being in a draw for who Aysja could cover for.",
        "thread_ts": "1498014229.920943",
        "parent_user_id": "U2D026HHN",
        "ts": "1498014303.929542"
    },
    {
        "type": "message",
        "user": "U2D026HHN",
        "text": "What's your day?",
        "thread_ts": "1498014229.920943",
        "parent_user_id": "U2D026HHN",
        "ts": "1498014349.934843"
    },
    {
        "type": "message",
        "user": "U2D0C4SH5",
        "text": "I think you should replace kurt and phaedrus who do always do thei house elfing",
        "ts": "1498014411.941899"
    },
    {
        "text": "smells like teen spirit",
        "type": "message",
        "subtype": "slackbot_response",
        "user": "USLACKBOT",
        "ts": "1498014411.941912"
    },
    {
        "type": "message",
        "user": "U2D026HHN",
        "text": "Okay I'll just do this: anyone else who would like to be in a draw put your name and day. I'll randomly choose from these tomorrow night ",
        "thread_ts": "1498014229.920943",
        "parent_user_id": "U2D026HHN",
        "ts": "1498014419.942757"
    },
    {
        "type": "message",
        "user": "U3K49B8H0",
        "text": "<!channel> ^",
        "attachments": [
            {
                "fallback": "[June 20th, 2017 8:06 PM] aysjaj: Okay I'll just do this: anyone else who would like to be in a draw put your name and day. I'll randomly choose from these tomorrow night ",
                "ts": "1498014419.942757",
                "author_subname": "aysjaj",
                "channel_id": "C2D026CJU",
                "channel_name": "spehw",
                "is_msg_unfurl": true,
                "is_reply_unfurl": true,
                "text": "Okay I'll just do this: anyone else who would like to be in a draw put your name and day. I'll randomly choose from these tomorrow night ",
                "author_name": "Aysja Ay",
                "author_link": "https:\/\/theeventhorizon.slack.com\/team\/aysjaj",
                "author_icon": "https:\/\/avatars.slack-edge.com\/2016-09-29\/85728987265_51cd77bf46c9573d9787_48.png",
                "mrkdwn_in": [
                    "text"
                ],
                "color": "D0D0D0",
                "from_url": "https:\/\/theeventhorizon.slack.com\/archives\/C2D026CJU\/p1498014419942757?thread_ts=1498014229920943&cid=C2D026CJU",
                "is_share": true,
                "footer": "From a thread in #spehw"
            }
        ],
        "edited": {
            "user": "U3K49B8H0",
            "ts": "1498014621.000000"
        },
        "ts": "1498014580.961846"
    }
]