[
    {
        "type": "message",
        "user": "U2D026HHN",
        "text": "based on elizabeths suggestions I had Phaedrus, Kurt, and Phoenix in the running, and Phaedrus and Kurt have been randomly chosen. Sorry Phoenix :confused: what are those nights?",
        "ts": "1498109466.642990"
    },
    {
        "text": "smells like teen spirit",
        "type": "message",
        "subtype": "slackbot_response",
        "user": "USLACKBOT",
        "ts": "1498109466.642998"
    },
    {
        "type": "message",
        "user": "U2D01HLT0",
        "text": "I yield my prize to Phoenix. I'll house elf on Sunday as usual.",
        "ts": "1498109903.690600"
    },
    {
        "text": "The greatest problem facing mankind is apathy. But nobody cares.",
        "type": "message",
        "subtype": "slackbot_response",
        "user": "USLACKBOT",
        "ts": "1498109903.690620"
    },
    {
        "type": "message",
        "user": "U2D026HHN",
        "text": "Alright, Thursday and Friday it is. Thanks Kurt :slightly_smiling_face:",
        "ts": "1498110247.728981"
    },
    {
        "text": "smells like teen spirit",
        "type": "message",
        "subtype": "slackbot_response",
        "user": "USLACKBOT",
        "ts": "1498110247.728993"
    }
]