[
    {
        "type": "message",
        "user": "U3K49B8H0",
        "text": "<@U2D0C4SH5> Completed the extra house elfing! Please pay to Phaedrus, for my lapse last week?",
        "ts": "1496117326.796246",
        "reactions": [
            {
                "name": "+1",
                "users": [
                    "U2D0C4SH5"
                ],
                "count": 1
            },
            {
                "name": "heart",
                "users": [
                    "U2D0C4SH5"
                ],
                "count": 1
            }
        ]
    }
]