[
    {
        "user": "U2D0K9866",
        "text": "<@U2D0K9866> has joined the channel",
        "type": "message",
        "subtype": "channel_join",
        "ts": "1480819112.000002"
    },
    {
        "user": "U2D0K9866",
        "purpose": "To exchange feedback on blog posts before releasing them into the aether",
        "text": "<@U2D0K9866> set the channel purpose: To exchange feedback on blog posts before releasing them into the aether",
        "type": "message",
        "subtype": "channel_purpose",
        "ts": "1480819113.000003"
    },
    {
        "user": "U2D0K9866",
        "members": [
            "U2D0K9866"
        ],
        "text": "<@U2D0K9866> archived the channel",
        "type": "message",
        "subtype": "channel_archive",
        "ts": "1480819138.000004"
    }
]