[
    {
        "text": null,
        "attachments": [
            {
                "more_showtext": "Show more",
                "more_hidetext": "Show less",
                "fallback": "Adulting Resolve Hour x2: <!date^1481772600^{date_short_pretty} from {time}|Dec 14, 2016 from 7:30 PM> to <!date^1481779800^{time}|9:30 PM GMT-0800>",
                "text": "<!date^1481772600^{date_short_pretty} from {time}|Dec 14, 2016 from 7:30 PM> to <!date^1481779800^{time}|9:30 PM GMT-0800> at <https:\/\/maps.google.com\/maps?q=Our+very+standard+house+with+a+picket+fence+and+only+2+parents+plus+children|Our very standard house with a picket fence and only 2 parents plus children>",
                "pretext": "Event starting in 2 hours:",
                "title": "Adulting Resolve Hour x2",
                "more": "Need to do credit cards, insurance, determine where earthquakes hit, find a pet, fix your relationship with your parents, buy Christmas gifts, make DIY soylent, get to inbox 0, or do another task which adult humans have done before or will do in the future? This is time for you to do that thing.",
                "id": 1,
                "title_link": "https:\/\/www.google.com\/calendar\/event?eid=ZjAyNzM2YWR2MGtycnQyNTcwb3FlNjBnaTQgcGdsczd1djQwZXIwcDBjZXEzbTMyMzc2ZWtAZw",
                "color": "f83a22",
                "mrkdwn_in": [
                    "text",
                    "pretext",
                    "more"
                ]
            }
        ],
        "bot_id": "B33Q5RRHA",
        "type": "message",
        "subtype": "bot_message",
        "ts": "1481765400.000002"
    },
    {
        "text": null,
        "attachments": [
            {
                "more_showtext": "Show more",
                "more_hidetext": "Show less",
                "fallback": "Betting Hour: <!date^1481781600^{date_short_pretty} from {time}|Dec 14, 2016 from 10:00 PM> to <!date^1481785200^{time}|11:00 PM GMT-0800>",
                "text": "<!date^1481781600^{date_short_pretty} from {time}|Dec 14, 2016 from 10:00 PM> to <!date^1481785200^{time}|11:00 PM GMT-0800> at <https:\/\/maps.google.com\/maps?q=3f+Nightclub+%2B+Lounge|3f Nightclub + Lounge>",
                "pretext": "Event starting in 2 hours:",
                "title": "Betting Hour",
                "more": "Connor and Kurt make cents-size bets on things to practice Kelly betting.",
                "id": 1,
                "title_link": "https:\/\/www.google.com\/calendar\/event?eid=aHIxOHVuM2plMTNtbG10bWExOGMzYTdiamsgcGdsczd1djQwZXIwcDBjZXEzbTMyMzc2ZWtAZw",
                "color": "f83a22",
                "mrkdwn_in": [
                    "text",
                    "pretext",
                    "more"
                ]
            }
        ],
        "bot_id": "B33Q5RRHA",
        "type": "message",
        "subtype": "bot_message",
        "ts": "1481774400.933667"
    }
]