[
    {
        "type": "message",
        "user": "U2D08CYRK",
        "text": "<!channel> It's time for Biweekly Life Review! Come join me in the Grotto",
        "ts": "1477252946.000002"
    },
    {
        "type": "message",
        "user": "U2D01HLT0",
        "text": "I'm out shopping for costume supplies. Can I still join in a couple hours?",
        "ts": "1477256792.000002"
    },
    {
        "type": "message",
        "user": "U2D08CYRK",
        "text": "Unfortunately I'm about to start running errands of my own",
        "ts": "1477262675.000002"
    }
]