[
    {
        "type": "message",
        "user": "U2D0C4SH5",
        "text": "<!channel> Reminder -  Pre-trash goes out tonight!",
        "ts": "1482183268.000002",
        "reactions": [
            {
                "name": "trumpet",
                "users": [
                    "U2D01HLT0"
                ],
                "count": 1
            }
        ]
    },
    {
        "text": null,
        "attachments": [
            {
                "fallback": "Blogging club: <!date^1482206400^{date_short_pretty} from {time}|Dec 19, 2016 from 8:00 PM> to <!date^1482211800^{time}|9:30 PM GMT-0800>",
                "text": "<!date^1482206400^{date_short_pretty} from {time}|Dec 19, 2016 from 8:00 PM> to <!date^1482211800^{time}|9:30 PM GMT-0800>",
                "pretext": "Event starting in 2 hours:",
                "title": "Blogging club",
                "id": 1,
                "title_link": "https:\/\/www.google.com\/calendar\/event?eid=Nm9yMzhwaGs2cGhtMmI5aGNsaDM4YjlrNjhzMzJiYjE3MG9qYWJiNDc0cDM2ZDM1Y2NxajhjYjE2cyBwZ2xzN3V2NDBlcjBwMGNlcTNtMzIzNzZla0Bn",
                "color": "f83a22",
                "mrkdwn_in": [
                    "text",
                    "pretext"
                ]
            }
        ],
        "bot_id": "B33Q5RRHA",
        "type": "message",
        "subtype": "bot_message",
        "ts": "1482199200.000003"
    },
    {
        "text": null,
        "attachments": [
            {
                "fallback": "Pre-trash free for all and dump: <!date^1482213600^{date_short_pretty} from {time}|Dec 19, 2016 from 10:00 PM> to <!date^1482217200^{time}|11:00 PM GMT-0800>",
                "text": "<!date^1482213600^{date_short_pretty} from {time}|Dec 19, 2016 from 10:00 PM> to <!date^1482217200^{time}|11:00 PM GMT-0800>",
                "pretext": "Event starting in 2 hours:",
                "title": "Pre-trash free for all and dump",
                "id": 1,
                "title_link": "https:\/\/www.google.com\/calendar\/event?eid=dDM2dHF2dTVsN2t0cXBlYW5wcW5rMTRxZjAgcGdsczd1djQwZXIwcDBjZXEzbTMyMzc2ZWtAZw",
                "color": "f83a22",
                "mrkdwn_in": [
                    "text",
                    "pretext"
                ]
            }
        ],
        "bot_id": "B33Q5RRHA",
        "type": "message",
        "subtype": "bot_message",
        "ts": "1482206400.000004"
    },
    {
        "text": null,
        "attachments": [
            {
                "fallback": "Laconic Quincy: December 20th - 22nd, 2016",
                "text": "December 20th - 22nd, 2016",
                "title": "Laconic Quincy",
                "id": 1,
                "title_link": "https:\/\/www.google.com\/calendar\/event?eid=bWJvaWcxazFoaTNmcGowYzliZmJubjV2cWMgcGdsczd1djQwZXIwcDBjZXEzbTMyMzc2ZWtAZw",
                "color": "f83a22",
                "mrkdwn_in": [
                    "text",
                    "pretext"
                ]
            }
        ],
        "bot_id": "B33Q5RRHA",
        "type": "message",
        "subtype": "bot_message",
        "ts": "1482210000.000005"
    },
    {
        "text": "",
        "bot_id": "B33Q5RRHA",
        "attachments": [
            {
                "fallback": "Event created: Consciousness kinda explained: <!date^1483160400^{date_short_pretty} from {time}|Dec 30, 2016 from 9:00 PM> to <!date^1483164000^{time}|10:00 PM GMT-0800>",
                "text": "<!date^1483160400^{date_short_pretty} from {time}|Dec 30, 2016 from 9:00 PM> to <!date^1483164000^{time}|10:00 PM GMT-0800>",
                "pretext": "New calendar event created",
                "title": "Consciousness kinda explained",
                "id": 1,
                "title_link": "https:\/\/www.google.com\/calendar\/event?eid=cjZsYjNqbWd0OXVxZzJqZWthMDd0Z3MwZDQgcGdsczd1djQwZXIwcDBjZXEzbTMyMzc2ZWtAZw",
                "color": "f83a22",
                "mrkdwn_in": [
                    "text",
                    "pretext"
                ]
            }
        ],
        "type": "message",
        "subtype": "bot_message",
        "ts": "1482213523.000006"
    },
    {
        "text": "",
        "bot_id": "B33Q5RRHA",
        "attachments": [
            {
                "fallback": "Event updated: Consciousness kinda explained: <!date^1483160400^{date_short_pretty} from {time}|Dec 30, 2016 from 9:00 PM> to <!date^1483165800^{time}|10:30 PM GMT-0800>",
                "text": "<!date^1483160400^{date_short_pretty} from {time}|Dec 30, 2016 from 9:00 PM> to <!date^1483165800^{time}|10:30 PM GMT-0800> at <https:\/\/maps.google.com\/maps?q=2f+theater|2f theater>",
                "pretext": "Calendar event updated",
                "title": "Consciousness kinda explained",
                "id": 1,
                "title_link": "https:\/\/www.google.com\/calendar\/event?eid=cjZsYjNqbWd0OXVxZzJqZWthMDd0Z3MwZDQgcGdsczd1djQwZXIwcDBjZXEzbTMyMzc2ZWtAZw",
                "color": "f83a22",
                "mrkdwn_in": [
                    "text",
                    "pretext"
                ]
            }
        ],
        "type": "message",
        "subtype": "bot_message",
        "ts": "1482213697.000007"
    }
]