[
    {
        "type": "message",
        "user": "U2D0C4SH5",
        "text": "<!channel> A freezer cleaning has been requested. Here are the steps. 1) Move only your stuff from the upstairs freezer to the downstairs by 23:00 Wednesday. 2) From 11-12 on Wednesday there will be an upstairs freezer free-for-all. If there is something you want, eat it. 3) Wednesday night or Thursday morning, a member of the ad-hoc squad <@U2CU0JCGK> will throw away the rest, and clean out the freezer. 4) Thursday evening, move only your things from the downstairs freezer to the upstairs freezer by 23:00. 5) From 23:00-24:00 we are having a downstairs freezer free-for all. If you want something, eat it. 6) Olivia will clean out the downstairs freezer.  7) Apportion the food as you see fit. Please respond with a reaction if you have read and understand.",
        "ts": "1476831715.000002",
        "reactions": [
            {
                "name": "tropical_fish",
                "users": [
                    "U2D0C4SH5",
                    "U29QA5RU3",
                    "U2D0CPE6M"
                ],
                "count": 3
            },
            {
                "name": "kiss",
                "users": [
                    "U2D01HLT0"
                ],
                "count": 1
            },
            {
                "name": "strawberry",
                "users": [
                    "U2D08CYRK"
                ],
                "count": 1
            },
            {
                "name": "snowman_without_snow",
                "users": [
                    "U2CU0HV7D"
                ],
                "count": 1
            },
            {
                "name": "100",
                "users": [
                    "U2GK97M1A"
                ],
                "count": 1
            }
        ]
    },
    {
        "type": "message",
        "user": "U2D0C4SH5",
        "text": "Cleaner is coming Friday morning",
        "ts": "1476832056.000003"
    },
    {
        "type": "message",
        "user": "U2D08CYRK",
        "text": "I'd like to invite everyone to join me on Sunday at 1pm in The Grotto for the inaugural session of Biweekly (Fortnightly) Life Review. Come join me in <#C2R56KY76|life_review> to discuss!\n\nWe'll review our systems and goals, use 5 minute timers to solve our ugh-iest tasks, and debug each other in pairs. Onward and upward!",
        "edited": {
            "user": "U2D08CYRK",
            "ts": "1476845380.000000"
        },
        "ts": "1476845245.000002",
        "reactions": [
            {
                "name": "+1",
                "users": [
                    "U2D0CPE6M",
                    "U2CU0JCGK",
                    "U2J7GJ50Q"
                ],
                "count": 3
            }
        ]
    }
]