[
    {
        "text": "There are no events today.",
        "bot_id": "B33Q5RRHA",
        "type": "message",
        "subtype": "bot_message",
        "ts": "1480003200.000003"
    },
    {
        "type": "message",
        "user": "U2D08CYRK",
        "text": "I'm out of town, can someone take care of this?\n\n\nFrom Christina:\n\nHi Eric,\n\nAre you in town ?\nSomeone puts trash bags from ur units on the ground which are all over and needs to be taken cared ASAP !!\nCan you have ur roommates clean up immediately before the animals get to break open the trash bags ??\n\nPlease inform everyone : NO TRASH ON THE GROUNDS.",
        "ts": "1480010246.000002"
    }
]