[
    {
        "text": "There are no events today.",
        "bot_id": "B33Q5RRHA",
        "type": "message",
        "subtype": "bot_message",
        "ts": "1479398400.000002"
    },
    {
        "type": "message",
        "user": "U2D0C4SH5",
        "text": "<!channel> Fernando is coming by around 12 today with the new part for the broken circuit breaker.",
        "ts": "1479406915.000003"
    },
    {
        "text": "",
        "bot_id": "B33Q5RRHA",
        "attachments": [
            {
                "fallback": "Event created: Dumping Pre-Trash: <!date^1479794400^{date_short_pretty} from {time}|Nov 21, 2016 from 10:00 PM> to <!date^1479798000^{time}|11:00 PM GMT-0800>",
                "text": "<!date^1479794400^{date_short_pretty} from {time}|Nov 21, 2016 from 10:00 PM> to <!date^1479798000^{time}|11:00 PM GMT-0800>",
                "pretext": "New calendar event created",
                "title": "Dumping Pre-Trash",
                "id": 1,
                "title_link": "https:\/\/www.google.com\/calendar\/event?eid=cmo5bXJmdWV1OGQ4amdnZjZwZzlnOW9wbjggcGdsczd1djQwZXIwcDBjZXEzbTMyMzc2ZWtAZw",
                "color": "f83a22",
                "mrkdwn_in": [
                    "text",
                    "pretext"
                ]
            }
        ],
        "type": "message",
        "subtype": "bot_message",
        "ts": "1479410232.000004"
    },
    {
        "type": "message",
        "user": "U2D026HHN",
        "text": "Wait, does that include fixing the washer?",
        "ts": "1479420491.000005"
    },
    {
        "type": "message",
        "user": "U2J7GJ50Q",
        "text": "<@U2D0C4SH5> Fernando still hasn't shown. Telling him that we're waiting on him to be able to wash all our clothes and lots of us are out of clean ones might help.",
        "ts": "1479421752.000006"
    }
]