[
    {
        "text": "",
        "bot_id": "B33Q5RRHA",
        "attachments": [
            {
                "fallback": "Event created: Journal Club: <!date^1482015600^{date_short_pretty} from {time}|Dec 17, 2016 from 3:00 PM> to <!date^1482019200^{time}|4:00 PM GMT-0800>",
                "text": "<!date^1482015600^{date_short_pretty} from {time}|Dec 17, 2016 from 3:00 PM> to <!date^1482019200^{time}|4:00 PM GMT-0800>",
                "pretext": "New calendar event created",
                "title": "Journal Club",
                "id": 1,
                "title_link": "https:\/\/www.google.com\/calendar\/event?eid=dXJpa2ZoMmJ1NDN1bW85c2k5MmIzM2pnbTggcGdsczd1djQwZXIwcDBjZXEzbTMyMzc2ZWtAZw",
                "color": "f83a22",
                "mrkdwn_in": [
                    "text",
                    "pretext"
                ]
            }
        ],
        "type": "message",
        "subtype": "bot_message",
        "ts": "1481790133.031070"
    },
    {
        "text": "",
        "bot_id": "B33Q5RRHA",
        "attachments": [
            {
                "fallback": "Event created: Star Wars: <!date^1481857200^{date_short_pretty} from {time}|Dec 15, 2016 from 7:00 PM> to <!date^1481860800^{time}|8:00 PM GMT-0800>",
                "text": "<!date^1481857200^{date_short_pretty} from {time}|Dec 15, 2016 from 7:00 PM> to <!date^1481860800^{time}|8:00 PM GMT-0800>",
                "pretext": "New calendar event created",
                "title": "Star Wars",
                "id": 1,
                "title_link": "https:\/\/www.google.com\/calendar\/event?eid=dnZlaWttN3BqYXM3cGN0MDVrMDloamE5NmcgcGdsczd1djQwZXIwcDBjZXEzbTMyMzc2ZWtAZw",
                "color": "f83a22",
                "mrkdwn_in": [
                    "text",
                    "pretext"
                ]
            }
        ],
        "type": "message",
        "subtype": "bot_message",
        "ts": "1481830394.000002"
    },
    {
        "text": "",
        "bot_id": "B33Q5RRHA",
        "attachments": [
            {
                "fallback": "Event time updated: Bio risk presentation: <!date^1481952600^{date_short_pretty} from {time}|Dec 16, 2016 from 9:30 PM> to <!date^1481956200^{time}|10:30 PM GMT-0800>",
                "text": "<!date^1481952600^{date_short_pretty} from {time}|Dec 16, 2016 from 9:30 PM> to <!date^1481956200^{time}|10:30 PM GMT-0800> at <https:\/\/maps.google.com\/maps?q=2f+theater|2f theater>",
                "pretext": "Calendar event time updated",
                "title": "Bio risk presentation",
                "id": 1,
                "title_link": "https:\/\/www.google.com\/calendar\/event?eid=cTYwb3ZzNW42amV1M28yYXJrazdlNmxyM2MgcGdsczd1djQwZXIwcDBjZXEzbTMyMzc2ZWtAZw",
                "color": "f83a22",
                "mrkdwn_in": [
                    "text",
                    "pretext"
                ]
            }
        ],
        "type": "message",
        "subtype": "bot_message",
        "ts": "1481830694.000003"
    },
    {
        "text": null,
        "attachments": [
            {
                "fallback": "Star Wars: <!date^1481857200^{date_short_pretty} from {time}|Dec 15, 2016 from 7:00 PM> to <!date^1481860800^{time}|8:00 PM GMT-0800>",
                "text": "<!date^1481857200^{date_short_pretty} from {time}|Dec 15, 2016 from 7:00 PM> to <!date^1481860800^{time}|8:00 PM GMT-0800>",
                "pretext": "Event starting in 2 hours:",
                "title": "Star Wars",
                "id": 1,
                "title_link": "https:\/\/www.google.com\/calendar\/event?eid=dnZlaWttN3BqYXM3cGN0MDVrMDloamE5NmcgcGdsczd1djQwZXIwcDBjZXEzbTMyMzc2ZWtAZw",
                "color": "f83a22",
                "mrkdwn_in": [
                    "text",
                    "pretext"
                ]
            }
        ],
        "bot_id": "B33Q5RRHA",
        "type": "message",
        "subtype": "bot_message",
        "ts": "1481850000.000004"
    }
]