[
    {
        "type": "message",
        "user": "U2D0K9866",
        "text": "This sounds awesome! Can't attend this one but look forward to successors ",
        "ts": "1476908575.000002"
    },
    {
        "type": "message",
        "user": "U2D026HHN",
        "text": "Seconded ",
        "ts": "1476908894.000003"
    },
    {
        "type": "message",
        "user": "U2D0C4SH5",
        "text": "Reminder: Freezer cleaning tonight! protect your food by moving it downstairs by 23:00",
        "ts": "1476913460.000004"
    },
    {
        "type": "message",
        "user": "U2D0C4SH5",
        "text": "The faucets will be fixed on Sunday by Fernando!!!!!!! Thank you <@U2D08CYRK> for making it happen. :)",
        "ts": "1476914363.000005"
    },
    {
        "type": "message",
        "user": "U2D01HLT0",
        "text": ":joy:",
        "ts": "1476914815.000006"
    },
    {
        "type": "message",
        "user": "U2D026HHN",
        "text": ":smile:",
        "ts": "1476925092.000007"
    }
]