[
    {
        "text": "",
        "bot_id": "B33Q5RRHA",
        "attachments": [
            {
                "more_showtext": "Show more",
                "more_hidetext": "Show less",
                "fallback": "Event created: Constitutional Convention Pg.2: <!date^1484510400^{date_short_pretty} from {time}|Jan 15, 2017 from 12:00 PM> to <!date^1484514000^{time}|1:00 PM GMT-0800>",
                "text": "<!date^1484510400^{date_short_pretty} from {time}|Jan 15, 2017 from 12:00 PM> to <!date^1484514000^{time}|1:00 PM GMT-0800> at <https:\/\/maps.google.com\/maps?q=3f+nightclub+%2B+lounge|3f nightclub + lounge>",
                "pretext": "New calendar event created",
                "title": "Constitutional Convention Pg.2",
                "more": "Discussing further house rules, externalities, oversight for Elizabeth + Connor, chieftain stipend, rent shortfalls",
                "id": 1,
                "title_link": "https:\/\/www.google.com\/calendar\/event?eid=a3E5Y3M2dGdvc2syZWtwaTNhaHZ2ZzJkZTQgcGdsczd1djQwZXIwcDBjZXEzbTMyMzc2ZWtAZw",
                "color": "f83a22",
                "mrkdwn_in": [
                    "text",
                    "pretext",
                    "more"
                ]
            }
        ],
        "type": "message",
        "subtype": "bot_message",
        "ts": "1482260551.000002"
    },
    {
        "text": "",
        "bot_id": "B33Q5RRHA",
        "attachments": [
            {
                "fallback": "Event time updated: Consciousness kinda explained: <!date^1483419600^{date_short_pretty} from {time}|Jan 2, 2017 from 9:00 PM> to <!date^1483425000^{time}|10:30 PM GMT-0800>",
                "text": "<!date^1483419600^{date_short_pretty} from {time}|Jan 2, 2017 from 9:00 PM> to <!date^1483425000^{time}|10:30 PM GMT-0800> at <https:\/\/maps.google.com\/maps?q=2f+theater|2f theater>",
                "pretext": "Calendar event time updated",
                "title": "Consciousness kinda explained",
                "id": 1,
                "title_link": "https:\/\/www.google.com\/calendar\/event?eid=cjZsYjNqbWd0OXVxZzJqZWthMDd0Z3MwZDQgcGdsczd1djQwZXIwcDBjZXEzbTMyMzc2ZWtAZw",
                "color": "f83a22",
                "mrkdwn_in": [
                    "text",
                    "pretext"
                ]
            }
        ],
        "type": "message",
        "subtype": "bot_message",
        "ts": "1482272146.000003"
    },
    {
        "text": "",
        "bot_id": "B33Q5RRHA",
        "attachments": [
            {
                "fallback": "Event created: The Fountain!: <!date^1483506000^{date_short_pretty} from {time}|Jan 3, 2017 from 9:00 PM> to <!date^1483511400^{time}|10:30 PM GMT-0800>",
                "text": "<!date^1483506000^{date_short_pretty} from {time}|Jan 3, 2017 from 9:00 PM> to <!date^1483511400^{time}|10:30 PM GMT-0800>",
                "pretext": "New calendar event created",
                "title": "The Fountain!",
                "id": 1,
                "title_link": "https:\/\/www.google.com\/calendar\/event?eid=aWprOTM3NjUxZ3FnODhpaGdyYzZsYnJjZm8gcGdsczd1djQwZXIwcDBjZXEzbTMyMzc2ZWtAZw",
                "color": "f83a22",
                "mrkdwn_in": [
                    "text",
                    "pretext"
                ]
            }
        ],
        "type": "message",
        "subtype": "bot_message",
        "ts": "1482272146.000004",
        "reactions": [
            {
                "name": "+1",
                "users": [
                    "U2CU0HV7D"
                ],
                "count": 1
            }
        ]
    },
    {
        "text": "",
        "bot_id": "B33Q5RRHA",
        "attachments": [
            {
                "fallback": "Event created: Visual Systems: <!date^1483414200^{date_short_pretty} from {time}|Jan 2, 2017 from 7:30 PM> to <!date^1483417800^{time}|8:30 PM GMT-0800>",
                "text": "<!date^1483414200^{date_short_pretty} from {time}|Jan 2, 2017 from 7:30 PM> to <!date^1483417800^{time}|8:30 PM GMT-0800> at <https:\/\/maps.google.com\/maps?q=2f+theater|2f theater>",
                "pretext": "New calendar event created",
                "title": "Visual Systems",
                "id": 1,
                "title_link": "https:\/\/www.google.com\/calendar\/event?eid=MHA2YWE1cTl1Mzl1YzEzam5zZTRpdTViNWsgcGdsczd1djQwZXIwcDBjZXEzbTMyMzc2ZWtAZw",
                "color": "f83a22",
                "mrkdwn_in": [
                    "text",
                    "pretext"
                ]
            }
        ],
        "type": "message",
        "subtype": "bot_message",
        "ts": "1482276554.000005"
    }
]