[
    {
        "type": "message",
        "user": "U2CU0HV7D",
        "text": "<!channel> October 1\/N costs are up! Only $125 this month, compared to last month's $170 and an expected $150. A new rule has been instituted: splitwise payments for each month should be paid off by a week into the next month (Oct payments posted by me on Nov 1 should be paid by Nov 7) or, if there's some reason extra time is needed, I should be notified. We probably won't need to resurrect the old late fee of 5%, but we do need timely re-payments.",
        "edited": {
            "user": "U2CU0HV7D",
            "ts": "1478045352.000000"
        },
        "ts": "1478044922.000002"
    },
    {
        "type": "message",
        "user": "U2D0C4SH5",
        "text": "Also, check pre-trash",
        "ts": "1478046653.000004"
    }
]