[
    {
        "type": "message",
        "user": "U2D08CYRK",
        "text": "Request for proposals: help me soundproof my room and make some cash!\n\nI'd like to soundproof my room, and if any housemates want to help me figure out how to do it, I'd like to compensate you for your time and effort. *I'll offer $100 for the best proposal I've heard by noon on Sunday, and $50 for the 2nd best.*\n\nHere's what I'm looking for:\n- Conversations that I have in my room are unintelligible to people hanging out in the 2nd floor living room (even when I'm projecting because I'm on Skype)\n- People can watch movies in the living room, w\/o the sound overpowering my room (okay if still audible, but should be muffled)\n- New setup should be at least as visually appealing as current french doors\n- New setup should not make it more difficult to enter \/ exit the room (Something like this could be okay: <https:\/\/residential-acoustics.com\/shop\/soundproofing\/acoustidoor\/>, but the ideal solution would require even less interaction than having to roll and unroll the curtain.)\n- New setup should cost as little as possible, though I'm willing to budget a few hundred dollars for a great solution",
        "edited": {
            "user": "U2D08CYRK",
            "ts": "1475704747.000000"
        },
        "ts": "1475704578.000002",
        "reactions": [
            {
                "name": "smile",
                "users": [
                    "U2D0CPE6M",
                    "U2J7GJ50Q"
                ],
                "count": 2
            }
        ]
    },
    {
        "type": "message",
        "user": "U2D08CYRK",
        "text": "Come join me over in <#C2KT8K1PS|soundproofing> if you're interested!",
        "ts": "1475704677.000003"
    },
    {
        "type": "message",
        "user": "U2D0C4SH5",
        "text": "Hey Everyone, there are two possible Tuesday Night Dinners in the works. I need four additional people for each team. \n\n1) Our first rational diplomacy dinner. This could happen 10\/11 or later, depending on group preference (I really want to get this going). \n Join <#C2L0493TN|diplomaticrelations> \n\n 2) New CFAR alums. Tuesday after the workshop, 10\/18. Let's invite all our cool new friends over before they leave town.\nJoin <#C2L0EL8MB|hanginwcoolkids>",
        "ts": "1475724144.000002"
    },
    {
        "type": "message",
        "user": "U2D08CYRK",
        "text": "We have a new (and better) projector!",
        "ts": "1475729385.000003"
    },
    {
        "type": "message",
        "user": "U2D08CYRK",
        "text": "(my gift to house, not a 1\/N cost)",
        "ts": "1475729392.000004",
        "reactions": [
            {
                "name": "heart",
                "users": [
                    "U2J7GJ50Q",
                    "U2D0CPE6M",
                    "U29QA5RU3",
                    "U2D0K9866"
                ],
                "count": 4
            },
            {
                "name": "smile",
                "users": [
                    "U2J7GJ50Q",
                    "U29QA5RU3",
                    "U2D0K9866"
                ],
                "count": 3
            },
            {
                "name": "100",
                "users": [
                    "U2D0K9866"
                ],
                "count": 1
            },
            {
                "name": "+1",
                "users": [
                    "U2D0K9866"
                ],
                "count": 1
            }
        ]
    },
    {
        "type": "message",
        "user": "U2D01HLT0",
        "text": ":’D",
        "ts": "1475729400.000005"
    },
    {
        "type": "message",
        "user": "U2D026HHN",
        "text": "Ahhh thank you!!",
        "ts": "1475729557.000006"
    },
    {
        "type": "message",
        "user": "U2D0C4SH5",
        "text": ":corn: :octopus: :tangerine: :tropical_fish: :heart: :cookie: :ice_cream: ",
        "ts": "1475729622.000007"
    }
]