[
    {
        "text": null,
        "attachments": [
            {
                "more_showtext": "Show more",
                "more_hidetext": "Show less",
                "fallback": "Circling: <!date^1481169600^{date_short_pretty} from {time}|Dec 7, 2016 from 8:00 PM> to <!date^1481180400^{time}|11:00 PM GMT-0800>",
                "text": "<!date^1481169600^{date_short_pretty} from {time}|Dec 7, 2016 from 8:00 PM> to <!date^1481180400^{time}|11:00 PM GMT-0800> at <https:\/\/maps.google.com\/maps?q=Not+actually+sure%2C+ideas+welcome|Not actually sure, ideas welcome>",
                "pretext": "Event starting in 2 hours:",
                "title": "Circling",
                "more": "Connor leads 4-person circles starting on the hour, for 2-3 hours depending on demand",
                "id": 1,
                "title_link": "https:\/\/www.google.com\/calendar\/event?eid=OXJqb2ZzODM3dmEzdjdza2JiMnQwM2w3Z3MgcGdsczd1djQwZXIwcDBjZXEzbTMyMzc2ZWtAZw",
                "color": "f83a22",
                "mrkdwn_in": [
                    "text",
                    "pretext",
                    "more"
                ]
            }
        ],
        "bot_id": "B33Q5RRHA",
        "type": "message",
        "subtype": "bot_message",
        "ts": "1481162400.000002"
    }
]