[
    {
        "text": "",
        "bot_id": "B33Q5RRHA",
        "attachments": [
            {
                "more_showtext": "Show more",
                "more_hidetext": "Show less",
                "fallback": "Event created: Guest- Chris Pasek: February 1st - 8th, 2017",
                "text": "February 1st - 8th, 2017",
                "pretext": "New calendar event created",
                "title": "Guest- Chris Pasek",
                "more": "Room or couch. Is also interested in living there for three months after CFAR workshop. <mailto:pasekukurisu@gmail.com|pasekukurisu@gmail.com>",
                "id": 1,
                "title_link": "https:\/\/www.google.com\/calendar\/event?eid=b3VuZnY2NnU2aWZvNXIzYmRkYTdvdHNzMmcgcGdsczd1djQwZXIwcDBjZXEzbTMyMzc2ZWtAZw",
                "color": "f83a22",
                "mrkdwn_in": [
                    "text",
                    "pretext",
                    "more"
                ]
            }
        ],
        "type": "message",
        "subtype": "bot_message",
        "ts": "1480528035.397039"
    }
]