[
    {
        "type": "message",
        "user": "U2D0CPE6M",
        "text": "it is kind of unclear",
        "ts": "1482915720.000002"
    },
    {
        "type": "message",
        "user": "U2D0CPE6M",
        "text": "but yes for now",
        "ts": "1482915725.000003"
    },
    {
        "user": "U3K49B8H0",
        "inviter": "U2D0C4SH5",
        "text": "<@U3K49B8H0> has joined the channel",
        "type": "message",
        "subtype": "channel_join",
        "ts": "1482996242.000002"
    }
]