[
    {
        "text": "There are *2* events this week:",
        "attachments": [
            {
                "title": "Journal club",
                "title_link": "https:\/\/www.google.com\/calendar\/event?eid=NjJwZTJmcHU2dWZpY3A4NXE4b2Z1ODkyZm8gcGdsczd1djQwZXIwcDBjZXEzbTMyMzc2ZWtAZw",
                "mrkdwn_in": [
                    "text",
                    "pretext"
                ],
                "text": "<!date^1480399200^{date_short_pretty} from {time}|Nov 28, 2016 from 10:00 PM> to <!date^1480404600^{time}|11:30 PM GMT-0800>",
                "color": "f83a22",
                "fallback": "Journal club: <!date^1480399200^{date_short_pretty} from {time}|Nov 28, 2016 from 10:00 PM> to <!date^1480404600^{time}|11:30 PM GMT-0800>",
                "start_time": {
                    "date": "2016-11-28 22:00:00.000000",
                    "timezone_type": 1,
                    "timezone": "-08:00"
                },
                "id": 1
            },
            {
                "title": "Biorisk presentation",
                "title_link": "https:\/\/www.google.com\/calendar\/event?eid=bGtpczgwMXJrYTQzazNmM2h1aWVwbTU1YWsgcGdsczd1djQwZXIwcDBjZXEzbTMyMzc2ZWtAZw",
                "mrkdwn_in": [
                    "text",
                    "pretext"
                ],
                "text": "<!date^1480474800^{date_short_pretty} from {time}|Nov 29, 2016 from 7:00 PM> to <!date^1480480200^{time}|8:30 PM GMT-0800>",
                "color": "f83a22",
                "fallback": "Biorisk presentation: <!date^1480474800^{date_short_pretty} from {time}|Nov 29, 2016 from 7:00 PM> to <!date^1480480200^{time}|8:30 PM GMT-0800>",
                "start_time": {
                    "date": "2016-11-29 19:00:00.000000",
                    "timezone_type": 1,
                    "timezone": "-08:00"
                },
                "id": 2
            }
        ],
        "bot_id": "B33Q5RRHA",
        "type": "message",
        "subtype": "bot_message",
        "ts": "1480266000.013690"
    }
]