[
    {
        "text": "There are *2* events this week:",
        "attachments": [
            {
                "title": "\"Extra History\" viewing",
                "title_link": "https:\/\/www.google.com\/calendar\/event?eid=Z25pOWE2M3NmbDJsY3JsaWdpdHZsMzF2YmMgcGdsczd1djQwZXIwcDBjZXEzbTMyMzc2ZWtAZw",
                "mrkdwn_in": [
                    "text",
                    "pretext"
                ],
                "text": "<!date^1479783600^{date_short_pretty} from {time}|Nov 21, 2016 from 7:00 PM> to <!date^1479790800^{time}|9:00 PM GMT-0800> at <https:\/\/maps.google.com\/maps?q=2nd+floor|2nd floor>",
                "color": "f83a22",
                "fallback": "\"Extra History\" viewing: <!date^1479783600^{date_short_pretty} from {time}|Nov 21, 2016 from 7:00 PM> to <!date^1479790800^{time}|9:00 PM GMT-0800>",
                "start_time": {
                    "date": "2016-11-21 19:00:00.000000",
                    "timezone_type": 1,
                    "timezone": "-08:00"
                },
                "id": 1
            },
            {
                "title": "Dumping Pre-Trash",
                "title_link": "https:\/\/www.google.com\/calendar\/event?eid=cmo5bXJmdWV1OGQ4amdnZjZwZzlnOW9wbjggcGdsczd1djQwZXIwcDBjZXEzbTMyMzc2ZWtAZw",
                "mrkdwn_in": [
                    "text",
                    "pretext"
                ],
                "text": "<!date^1479794400^{date_short_pretty} from {time}|Nov 21, 2016 from 10:00 PM> to <!date^1479798000^{time}|11:00 PM GMT-0800>",
                "color": "f83a22",
                "fallback": "Dumping Pre-Trash: <!date^1479794400^{date_short_pretty} from {time}|Nov 21, 2016 from 10:00 PM> to <!date^1479798000^{time}|11:00 PM GMT-0800>",
                "start_time": {
                    "date": "2016-11-21 22:00:00.000000",
                    "timezone_type": 1,
                    "timezone": "-08:00"
                },
                "id": 2
            }
        ],
        "bot_id": "B33Q5RRHA",
        "type": "message",
        "subtype": "bot_message",
        "ts": "1479661200.000002"
    },
    {
        "type": "message",
        "user": "U2D01HLT0",
        "text": "I'm making brunch. Arroz con leche. Hopefully ready to eat by 1pm :slightly_smiling_face::rain_cloud::rice::baby_bottle::weight_lifter::skin-tone-2:‍♀️:linked_paperclips::put_litter_in_its_place::musical_note:",
        "ts": "1479672029.000003"
    },
    {
        "type": "message",
        "user": "U2D01HLT0",
        "text": "It will be more like 2pm",
        "ts": "1479677060.000004"
    }
]