[
    {
        "type": "message",
        "user": "U2CU0HV7D",
        "text": "<!channel> Reminder to settle on splitwise in the next few days! Sooner the better",
        "ts": "1478248404.000002"
    },
    {
        "type": "message",
        "user": "U2D0C4SH5",
        "text": "Remember, remember! \n    The fifth of November, \n    The gunpowder treason and plot; \n    I know of no reason \n    Why the gunpowder treason \n    Should ever be forgot!",
        "ts": "1478278683.000002"
    },
    {
        "type": "message",
        "user": "U2D0C4SH5",
        "text": "V for Vendetta will start at 9:55  tonight to ring in Nov 5th, Guy Fawkes Day. :slightly_smiling_face:",
        "ts": "1478278740.000003",
        "reactions": [
            {
                "name": "bomb",
                "users": [
                    "U2D01HLT0"
                ],
                "count": 1
            }
        ]
    },
    {
        "type": "message",
        "user": "U2D0C4SH5",
        "text": "Come verify the value of this venerated video.",
        "ts": "1478279075.000004",
        "reactions": [
            {
                "name": "ok_hand",
                "users": [
                    "U2CU0HV7D",
                    "U2D08CYRK",
                    "U2D026HHN"
                ],
                "count": 3
            }
        ]
    },
    {
        "type": "message",
        "user": "U2D0K9866",
        "text": "I motion that we also watch this quick short best intro to AI alignment I've ever seen <http:\/\/video.disney.com\/watch\/sorcerer-s-apprentice-fantasia-4ea9ebc01a74ea59a5867853>",
        "attachments": [
            {
                "service_name": "Disney Video",
                "title": "Sorcerer's Apprentice - Fantasia - Fantasia",
                "title_link": "http:\/\/video.disney.com\/watch\/sorcerer-s-apprentice-fantasia-4ea9ebc01a74ea59a5867853",
                "text": "Apprentice Mickey labors with heavy buckets of water while the Sorcerer works his magic.",
                "fallback": "Disney Video: Sorcerer's Apprentice - Fantasia - Fantasia",
                "image_url": "https:\/\/lumiere-a.akamaihd.net\/v1\/images\/image_75784a16.jpeg",
                "from_url": "http:\/\/video.disney.com\/watch\/sorcerer-s-apprentice-fantasia-4ea9ebc01a74ea59a5867853",
                "image_width": 444,
                "image_height": 250,
                "image_bytes": 24103,
                "service_icon": "http:\/\/a.dilcdn.com\/a\/favicon-94e3862e7fb9.ico",
                "id": 1
            }
        ],
        "ts": "1478309869.000002"
    },
    {
        "type": "message",
        "user": "U2D0K9866",
        "text": "If interested, come at 9:40",
        "ts": "1478310027.000004"
    },
    {
        "type": "message",
        "user": "U2D08CYRK",
        "text": "Related: <https:\/\/intelligence.org\/wp-content\/uploads\/2016\/10\/fundamental-difficulties-transitions.pdf>",
        "ts": "1478322332.000005"
    },
    {
        "type": "message",
        "user": "U2D08CYRK",
        "text": "Christina says:\n\nHi Eric,\n\nIt's ten minutes to 11pm, the dryer is making turning noise, could you please have ur roommates use the dryer tomorrow rather than tonight since it's getting late ?\n\nThank you :)",
        "ts": "1478326312.000006"
    }
]