[
    {
        "type": "message",
        "user": "U2D0C4SH5",
        "text": "If you have ad-hoc task suggestions for this upcoming week, please message me.",
        "ts": "1478628971.000002"
    },
    {
        "type": "message",
        "user": "U2CU0JFFD",
        "text": "<!channel> reminder that I will be ordering CFAR t-shirts on friday.  If you want one, click here:",
        "ts": "1478631599.000003"
    },
    {
        "type": "message",
        "user": "U2CU0JFFD",
        "text": "<https:\/\/www.customink.com\/g\/mye0-00as-5te3\/>",
        "attachments": [
            {
                "service_name": "www.customink.com",
                "title": "Event Horizon Group Order Form - Sign Up Today!",
                "title_link": "https:\/\/www.customink.com\/g\/mye0-00as-5te3\/",
                "text": "I'm organizing our CustomInk order. Thanks!",
                "fallback": "www.customink.com: Event Horizon Group Order Form - Sign Up Today!",
                "thumb_url": "http:\/\/www.customink.com\/proof\/mye0-00as-5te3\/124205\/front\/watermarked_small.jpg",
                "from_url": "https:\/\/www.customink.com\/g\/mye0-00as-5te3\/",
                "thumb_width": 300,
                "thumb_height": 287,
                "service_icon": "https:\/\/www.customink.com\/favicon.ico",
                "id": 1
            }
        ],
        "ts": "1478631601.000004"
    },
    {
        "type": "message",
        "user": "U2D0CPE6M",
        "text": "<!channel> Reminder that you have until tomorrow at 9 pm to nominate new gods.  Apollo is currently in the lead.  Wikipedia: Apollo has been variously recognized as a god of music, truth and prophecy, healing, the sun and light, plague, poetry, and more.",
        "ts": "1478642967.000006"
    },
    {
        "type": "message",
        "user": "U2CU0HV7D",
        "text": "I checked the other Norse gods and they generally suck. Only possibility would be Baldr, but Apollo seems clearly better",
        "ts": "1478643161.000007"
    },
    {
        "type": "message",
        "user": "U2CU0HV7D",
        "text": "\"Plague\" seems especially fitting for the house at the moment",
        "ts": "1478643199.000008",
        "reactions": [
            {
                "name": "+1",
                "users": [
                    "U2D0CPE6M",
                    "U2D0C4SH5",
                    "U2D026HHN",
                    "U2J7GJ50Q",
                    "U2D0K9866"
                ],
                "count": 5
            },
            {
                "name": "mask",
                "users": [
                    "U2CU0JFFD",
                    "U2D0K9866"
                ],
                "count": 2
            }
        ]
    },
    {
        "type": "message",
        "user": "U2J7GJ50Q",
        "text": "Apollo can remove plagues. I support this motion.",
        "ts": "1478643313.000009"
    },
    {
        "type": "message",
        "user": "U2D0CPE6M",
        "text": "<!channel> Rice in the rice cooker and beans that I make (maybe I'll start using stickers?) are free to take until I say otherwise.",
        "ts": "1478674220.000002"
    }
]