[
    {
        "type": "message",
        "user": "U2D0C4SH5",
        "text": "We are having a soiree for potential housemates. Some may be looking for housing starting in December, so we will need to make decisions quickly. Based on their schedules, the event will probably be Wednesday evening.  :slightly_smiling_face:",
        "ts": "1480378124.000002"
    },
    {
        "type": "message",
        "user": "U2D08CYRK",
        "text": "Be a CFAR Instructor Training beta tester!\n\nLauren Lee is looking for 6-12 people to try out a class either this Thursday evening or Saturday afternoon, and she wants to know if any EH’ers are interested.\n\nShe’s especially interested in people who *won’t* be at the upcoming instructor training workshop (but if you are going to that you’re still invited).\n\nPlease reply here if you’re interested, and say whether you can make Thursday evening or Saturday afternoon (or both). :slightly_smiling_face:",
        "ts": "1480380159.000003"
    },
    {
        "type": "message",
        "user": "U2D0CPE6M",
        "text": "I can definitely make it on saturday, and can possibly make in on Thursday after ~7:30.",
        "ts": "1480382851.000004",
        "reactions": [
            {
                "name": "+1",
                "users": [
                    "U2D08CYRK"
                ],
                "count": 1
            }
        ]
    },
    {
        "type": "message",
        "user": "U2CU0HV7D",
        "text": "I can make both",
        "ts": "1480387316.000005",
        "reactions": [
            {
                "name": "+1",
                "users": [
                    "U2D08CYRK"
                ],
                "count": 1
            }
        ]
    },
    {
        "text": null,
        "attachments": [
            {
                "fallback": "Journal club: <!date^1480399200^{date_short_pretty} from {time}|Nov 28, 2016 from 10:00 PM> to <!date^1480404600^{time}|11:30 PM GMT-0800>",
                "text": "<!date^1480399200^{date_short_pretty} from {time}|Nov 28, 2016 from 10:00 PM> to <!date^1480404600^{time}|11:30 PM GMT-0800>",
                "pretext": "Event starting in 2 hours:",
                "title": "Journal club",
                "id": 1,
                "title_link": "https:\/\/www.google.com\/calendar\/event?eid=NjJwZTJmcHU2dWZpY3A4NXE4b2Z1ODkyZm8gcGdsczd1djQwZXIwcDBjZXEzbTMyMzc2ZWtAZw",
                "color": "f83a22",
                "mrkdwn_in": [
                    "text",
                    "pretext"
                ]
            }
        ],
        "bot_id": "B33Q5RRHA",
        "type": "message",
        "subtype": "bot_message",
        "ts": "1480392000.000006"
    }
]