[
    {
        "type": "message",
        "user": "U2J7GJ50Q",
        "text": "So the skill of communicating while not speaking or the one of existing in a room full of people while not communicating in said room?",
        "ts": "1478940964.000006"
    },
    {
        "type": "message",
        "user": "U2CU0HV7D",
        "text": "Latter",
        "ts": "1478942896.000007"
    },
    {
        "type": "message",
        "user": "U2D08CYRK",
        "text": "Life review on Sunday!",
        "ts": "1478946034.000008",
        "reactions": [
            {
                "name": "tropical_fish",
                "users": [
                    "U2D0C4SH5",
                    "U2D026HHN"
                ],
                "count": 2
            }
        ]
    }
]