[
    {
        "type": "message",
        "user": "U2D026HHN",
        "text": "fridge cleaning (3f) happening on Wednesday night at 10. I will be throwing out any food that looks past the point of safe consumption. Come help and\/or save your food!",
        "ts": "1477956387.000002",
        "reactions": [
            {
                "name": "tropical_fish",
                "users": [
                    "U2D0C4SH5"
                ],
                "count": 1
            }
        ]
    },
    {
        "type": "message",
        "user": "U2D0C4SH5",
        "text": "<!channel> Pre-trash is available to the public at 10 Wednesday as well. Please go through for your stuff before 10PM Wednesday. After 10 it is up for grabs. Whatever is left will be thrown out Thursday morning.",
        "ts": "1477964754.000002"
    }
]