[
    {
        "text": null,
        "attachments": [
            {
                "fallback": "Agency hOUR: <!date^1481403600^{date_short_pretty} from {time}|Dec 10, 2016 from 1:00 PM> to <!date^1481407200^{time}|2:00 PM GMT-0800>",
                "text": "<!date^1481403600^{date_short_pretty} from {time}|Dec 10, 2016 from 1:00 PM> to <!date^1481407200^{time}|2:00 PM GMT-0800>",
                "pretext": "Event starting in 2 hours:",
                "title": "Agency hOUR",
                "id": 1,
                "title_link": "https:\/\/www.google.com\/calendar\/event?eid=Nmc1cTdocnRidjNvb2xjN2owampvOGYzYmcgcGdsczd1djQwZXIwcDBjZXEzbTMyMzc2ZWtAZw",
                "color": "f83a22",
                "mrkdwn_in": [
                    "text",
                    "pretext"
                ]
            }
        ],
        "bot_id": "B33Q5RRHA",
        "type": "message",
        "subtype": "bot_message",
        "ts": "1481396400.000002"
    },
    {
        "text": "",
        "bot_id": "B33Q5RRHA",
        "attachments": [
            {
                "fallback": "Event created: Agency Hour: <!date^1482008400^{date_short_pretty} from {time}|Dec 17, 2016 from 1:00 PM> to <!date^1482012000^{time}|2:00 PM GMT-0800>",
                "text": "<!date^1482008400^{date_short_pretty} from {time}|Dec 17, 2016 from 1:00 PM> to <!date^1482012000^{time}|2:00 PM GMT-0800>",
                "pretext": "New calendar event created",
                "title": "Agency Hour",
                "id": 1,
                "title_link": "https:\/\/www.google.com\/calendar\/event?eid=bnRtcGJqNTlyMmR0YzluanBkcW5lMWgyZHMgcGdsczd1djQwZXIwcDBjZXEzbTMyMzc2ZWtAZw",
                "color": "f83a22",
                "mrkdwn_in": [
                    "text",
                    "pretext"
                ]
            }
        ],
        "type": "message",
        "subtype": "bot_message",
        "ts": "1481420194.144127"
    }
]