[
    {
        "type": "message",
        "user": "U2CU0HV7D",
        "text": "November 22 is the 10-year anniversary of the sequences. If you think we're not going to throw the most rational \"party\" (whatever that means), you need to work on your calibration",
        "ts": "1475394314.000002",
        "reactions": [
            {
                "name": "+1",
                "users": [
                    "U2D0CPE6M",
                    "U2D0K9866"
                ],
                "count": 2
            }
        ]
    }
]