[
    {
        "type": "message",
        "user": "U2DPV62N7",
        "text": "We're bringing back Tuesday Night Dinners! For those of you unfamiliar, it's a sort of potluck we host as a house every week. Often there is a theme such as \"WTF Happened in the 12th Century\", \"Phenomenology\", and \"Apocalypse Roulette\". It's a wonderful way to commune with other rationalists and rationalist-adjacents.  Let's start with a \"friend show and tell\". Going forward, it would be cool if we invited whole houses over. Logistically, let's make rotating teams of four responsible for  each dinner. Anyone want to be in the first 4? Join the slack channel!",
        "ts": "1474670007.000002"
    },
    {
        "type": "message",
        "user": "U2DPV62N7",
        "text": "<#C2FE035GQ|firsttuesdayfeast>",
        "ts": "1474670081.000003"
    }
]