[
    {
        "type": "message",
        "user": "U2D0C4SH5",
        "text": "Reminder: we have 2 channels to join for upcoming dinners. If you are interested in the CFARi dinner tomorrow or house diplomacy later, join <#C2L0EL8MB|hanginwcoolkids> and <#C2L0493TN|diplomaticrelations>",
        "ts": "1476735893.000002"
    },
    {
        "type": "message",
        "user": "U2D08CYRK",
        "text": "Just created a new channel, <#C2QDUKX2Q|jobs>, where I'll be posting tasks with cash bounties attached to them.",
        "ts": "1476766143.000002"
    },
    {
        "type": "message",
        "user": "U2D08CYRK",
        "text": "(others are welcome to post tasks as well)",
        "ts": "1476766153.000003"
    }
]