[
    {
        "type": "message",
        "user": "U3K49B8H0",
        "text": "I think I'll be picking a name at some point, but for now everyone can get comfortable calling me Jacob :wink: It's cute.",
        "ts": "1483127864.000002",
        "reactions": [
            {
                "name": "tropical_fish",
                "users": [
                    "U2D0C4SH5",
                    "U2CU0HV7D"
                ],
                "count": 2
            },
            {
                "name": "heart",
                "users": [
                    "U2D0C4SH5"
                ],
                "count": 1
            }
        ]
    }
]