[
    {
        "text": "",
        "bot_id": "B33Q5RRHA",
        "attachments": [
            {
                "fallback": "Event time updated: Dan's: <!date^1481688000^{date_short_pretty} from {time}|Dec 13, 2016 from 8:00 PM> to <!date^1481691600^{time}|9:00 PM GMT-0800>",
                "text": "<!date^1481688000^{date_short_pretty} from {time}|Dec 13, 2016 from 8:00 PM> to <!date^1481691600^{time}|9:00 PM GMT-0800>",
                "pretext": "Calendar event time updated",
                "title": "Dan's",
                "id": 1,
                "title_link": "https:\/\/www.google.com\/calendar\/event?eid=czIxZ3RzZ3VuaXJ2aGEyYWNhajBjaGw1a2sgcGdsczd1djQwZXIwcDBjZXEzbTMyMzc2ZWtAZw",
                "color": "f83a22",
                "mrkdwn_in": [
                    "text",
                    "pretext"
                ]
            }
        ],
        "type": "message",
        "subtype": "bot_message",
        "ts": "1481663375.000002"
    },
    {
        "text": null,
        "attachments": [
            {
                "more_showtext": "Show more",
                "more_hidetext": "Show less",
                "fallback": "Journal Club: <!date^1481684400^{date_short_pretty} from {time}|Dec 13, 2016 from 7:00 PM> to <!date^1481688000^{time}|8:00 PM GMT-0800>",
                "text": "<!date^1481684400^{date_short_pretty} from {time}|Dec 13, 2016 from 7:00 PM> to <!date^1481688000^{time}|8:00 PM GMT-0800>",
                "pretext": "Event starting in 2 hours:",
                "title": "Journal Club",
                "more": "Reading Concrete Problems in AI Safety: <https:\/\/arxiv.org\/pdf\/1606.06565v2.pdf>",
                "id": 1,
                "title_link": "https:\/\/www.google.com\/calendar\/event?eid=M2hvNDRjY3J1NjAzaWs5czE5c2Jlaml1M2sgcGdsczd1djQwZXIwcDBjZXEzbTMyMzc2ZWtAZw",
                "color": "f83a22",
                "mrkdwn_in": [
                    "text",
                    "pretext",
                    "more"
                ]
            }
        ],
        "bot_id": "B33Q5RRHA",
        "type": "message",
        "subtype": "bot_message",
        "ts": "1481677200.000003"
    },
    {
        "text": null,
        "attachments": [
            {
                "fallback": "Dan's: <!date^1481688000^{date_short_pretty} from {time}|Dec 13, 2016 from 8:00 PM> to <!date^1481691600^{time}|9:00 PM GMT-0800>",
                "text": "<!date^1481688000^{date_short_pretty} from {time}|Dec 13, 2016 from 8:00 PM> to <!date^1481691600^{time}|9:00 PM GMT-0800>",
                "pretext": "Event starting in 2 hours:",
                "title": "Dan's",
                "id": 1,
                "title_link": "https:\/\/www.google.com\/calendar\/event?eid=czIxZ3RzZ3VuaXJ2aGEyYWNhajBjaGw1a2sgcGdsczd1djQwZXIwcDBjZXEzbTMyMzc2ZWtAZw",
                "color": "f83a22",
                "mrkdwn_in": [
                    "text",
                    "pretext"
                ]
            }
        ],
        "bot_id": "B33Q5RRHA",
        "type": "message",
        "subtype": "bot_message",
        "ts": "1481680800.000004"
    }
]