[
    {
        "type": "message",
        "user": "U2D026HHN",
        "text": "Fountain viewing at 10 tonight",
        "ts": "1479344558.000002"
    },
    {
        "type": "message",
        "user": "U2D0C4SH5",
        "text": "On that note, Alyssa Vance is organizing and hosting a video watching this Monday on the 2nd Fl.\n\nCome watch Extra History, a great series of \"animated documentaries\" about parts of history often glossed over in school. Each episode is on the Internet as a series of short YouTube clips, but to save time, I've downloaded and \"stitched together\" the clips into continuous movies. To start off, we'll have three episodes, each about half an hour long:\n\n - The South Sea Bubble\n - The First Opium War\n - The July Crisis\n\nEvent will start at 7 PM, and we'll start playing the first episode at ~7:20.",
        "ts": "1479345238.000003",
        "reactions": [
            {
                "name": "film_projector",
                "users": [
                    "U2D01HLT0",
                    "U2D0K9866"
                ],
                "count": 2
            }
        ]
    },
    {
        "type": "message",
        "user": "U2D0CPE6M",
        "text": "Fountain viewing?",
        "ts": "1479351713.000004"
    },
    {
        "type": "message",
        "user": "U2J7GJ50Q",
        "text": "The Fountain, i'm assuming?",
        "ts": "1479351811.000005"
    },
    {
        "type": "message",
        "user": "U2D0CPE6M",
        "text": "Is that a movie?",
        "ts": "1479351835.000006"
    },
    {
        "type": "message",
        "user": "U2D0CPE6M",
        "text": "Can you ask Olivia to check slack in the next minute or two?",
        "ts": "1479351888.000007"
    },
    {
        "type": "message",
        "user": "U2D0CPE6M",
        "text": "Nvm",
        "ts": "1479352163.000008"
    },
    {
        "type": "message",
        "user": "U2J7GJ50Q",
        "text": "The Fountain is the greatest of movies",
        "ts": "1479352619.000009"
    },
    {
        "type": "message",
        "user": "U2J7GJ50Q",
        "text": "if there was a magical fountain that granted wishes and you threw in a coin to wish for it to create the greatest movie ever, it would create The Fountain",
        "ts": "1479352704.000010"
    },
    {
        "type": "message",
        "user": "U2J7GJ50Q",
        "text": "(note: that is not what the fountain is about)",
        "ts": "1479352728.000011"
    },
    {
        "type": "message",
        "user": "U2J7GJ50Q",
        "text": "(except to the degree to which it actually is)",
        "ts": "1479352760.000012",
        "reactions": [
            {
                "name": "+1",
                "users": [
                    "U2D0CPE6M",
                    "U2D0K9866"
                ],
                "count": 2
            }
        ]
    },
    {
        "type": "message",
        "user": "U2D0K9866",
        "text": "Agreed!! Am so excited ",
        "ts": "1479353367.000013"
    },
    {
        "type": "message",
        "user": "U2D0K9866",
        "text": "It's the only movie I prefer watching to a Star Wars movie I've already seen at least three times ",
        "ts": "1479353609.000014"
    },
    {
        "text": "added an integration to this channel: <https:\/\/theeventhorizon.slack.com\/services\/B33Q636J1|Google Calendar>",
        "bot_id": "B33Q636J1",
        "type": "message",
        "subtype": "bot_add",
        "user": "U2D0CPE6M",
        "ts": "1479354191.000015"
    },
    {
        "type": "message",
        "user": "U2D0CPE6M",
        "text": "<!channel> pm me your gmail account if you want to be able to add events to the shared google calendar",
        "ts": "1479354337.000016"
    },
    {
        "type": "message",
        "user": "U2D0CPE6M",
        "text": "Announcements will be made in this channel:\n- 1 hour before every eventhorizon \n- at the start of every day\n- at the start of every week\n- the night before all day events",
        "ts": "1479354383.000017"
    },
    {
        "type": "message",
        "user": "U2D01HLT0",
        "text": "Isn’t the start of every week already included in the start of every day??",
        "ts": "1479354458.000018"
    },
    {
        "type": "message",
        "user": "U2D0CPE6M",
        "text": "at the beginning of each week it gives a summary of all events in the current week",
        "edited": {
            "user": "U2D0CPE6M",
            "ts": "1479354507.000000"
        },
        "ts": "1479354496.000019"
    },
    {
        "type": "message",
        "user": "U2D0CPE6M",
        "text": "at the beginning of each day it gives a summary of all of the events for that day",
        "ts": "1479354523.000021"
    },
    {
        "text": "",
        "bot_id": "B33Q636J1",
        "attachments": [
            {
                "fallback": "Event created: The Fountain: <!date^1479362400^{date_short_pretty} from {time}|Nov 16, 2016 from 10:00 PM> to <!date^1479369600^{time}|12:00 AM GMT-0800>",
                "text": "<!date^1479362400^{date_short_pretty} from {time}|Nov 16, 2016 from 10:00 PM> to <!date^1479369600^{time}|12:00 AM GMT-0800> at <https:\/\/maps.google.com\/maps?q=2nd+Floor|2nd Floor>",
                "pretext": "New calendar event created",
                "title": "The Fountain",
                "id": 1,
                "title_link": "https:\/\/www.google.com\/calendar\/event?eid=OWlyZTR2MW9uanF2OTlzZmMxcWMyaWVnb2cgcGdsczd1djQwZXIwcDBjZXEzbTMyMzc2ZWtAZw",
                "color": "f83a22",
                "mrkdwn_in": [
                    "text",
                    "pretext"
                ]
            }
        ],
        "type": "message",
        "subtype": "bot_message",
        "ts": "1479354673.000022"
    },
    {
        "text": "",
        "bot_id": "B33Q636J1",
        "attachments": [
            {
                "more_showtext": "Show more",
                "more_hidetext": "Show less",
                "fallback": "Event created: \"Extra History\" viewing: <!date^1479783600^{date_short_pretty} from {time}|Nov 21, 2016 from 7:00 PM> to <!date^1479790800^{time}|9:00 PM GMT-0800>",
                "text": "<!date^1479783600^{date_short_pretty} from {time}|Nov 21, 2016 from 7:00 PM> to <!date^1479790800^{time}|9:00 PM GMT-0800> at <https:\/\/maps.google.com\/maps?q=2nd+floor|2nd floor>",
                "pretext": "New calendar event created",
                "title": "\"Extra History\" viewing",
                "more": "Come watch Extra History, a great series of \"animated documentaries\" about parts of history often glossed over in school. Each episode is on the Internet as a series of short YouTube clips, but to save time, I've downloaded and \"stitched together\" the clips into continuous movies. To start off, we'll have three episodes, each about half an hour long:\n\n- The South Sea Bubble\n- The First Opium War\n- The July Crisis\n\nEvent will start at 7 PM, and we'll start playing the first episode at ~7:20.",
                "id": 1,
                "title_link": "https:\/\/www.google.com\/calendar\/event?eid=Z25pOWE2M3NmbDJsY3JsaWdpdHZsMzF2YmMgcGdsczd1djQwZXIwcDBjZXEzbTMyMzc2ZWtAZw",
                "color": "f83a22",
                "mrkdwn_in": [
                    "text",
                    "pretext",
                    "more"
                ]
            }
        ],
        "type": "message",
        "subtype": "bot_message",
        "ts": "1479354854.000023"
    },
    {
        "type": "message",
        "user": "U2D0CPE6M",
        "text": "Calendar has been renamed \"Events Horizon\", courtesy of Ben",
        "ts": "1479355828.000024",
        "reactions": [
            {
                "name": "ok_hand",
                "users": [
                    "U2CU0HV7D",
                    "U2UPVPNTB"
                ],
                "count": 2
            }
        ]
    },
    {
        "text": "",
        "bot_id": "B33Q636J1",
        "attachments": [
            {
                "fallback": "Event created: Journal club: <!date^1480399200^{date_short_pretty} from {time}|Nov 28, 2016 from 10:00 PM> to <!date^1480404600^{time}|11:30 PM GMT-0800>",
                "text": "<!date^1480399200^{date_short_pretty} from {time}|Nov 28, 2016 from 10:00 PM> to <!date^1480404600^{time}|11:30 PM GMT-0800>",
                "pretext": "New calendar event created",
                "title": "Journal club",
                "id": 1,
                "title_link": "https:\/\/www.google.com\/calendar\/event?eid=NjJwZTJmcHU2dWZpY3A4NXE4b2Z1ODkyZm8gcGdsczd1djQwZXIwcDBjZXEzbTMyMzc2ZWtAZw",
                "color": "f83a22",
                "mrkdwn_in": [
                    "text",
                    "pretext"
                ]
            }
        ],
        "type": "message",
        "subtype": "bot_message",
        "ts": "1479357193.000025"
    },
    {
        "text": "",
        "bot_id": "B33Q636J1",
        "attachments": [
            {
                "fallback": "Event created: Biorisk presentation: <!date^1480474800^{date_short_pretty} from {time}|Nov 29, 2016 from 7:00 PM> to <!date^1480480200^{time}|8:30 PM GMT-0800>",
                "text": "<!date^1480474800^{date_short_pretty} from {time}|Nov 29, 2016 from 7:00 PM> to <!date^1480480200^{time}|8:30 PM GMT-0800>",
                "pretext": "New calendar event created",
                "title": "Biorisk presentation",
                "id": 1,
                "title_link": "https:\/\/www.google.com\/calendar\/event?eid=bGtpczgwMXJrYTQzazNmM2h1aWVwbTU1YWsgcGdsczd1djQwZXIwcDBjZXEzbTMyMzc2ZWtAZw",
                "color": "f83a22",
                "mrkdwn_in": [
                    "text",
                    "pretext"
                ]
            }
        ],
        "type": "message",
        "subtype": "bot_message",
        "ts": "1479357193.000026"
    },
    {
        "text": "added an integration to this channel: <https:\/\/theeventhorizon.slack.com\/services\/B34CQD2MV|Google Calendar>",
        "bot_id": "B34CQD2MV",
        "type": "message",
        "subtype": "bot_add",
        "user": "U2D0CPE6M",
        "ts": "1479357336.000027"
    },
    {
        "text": "removed an integration from this channel: <https:\/\/theeventhorizon.slack.com\/services\/B34CQD2MV|Events Horizon>",
        "bot_id": "B34CQD2MV",
        "type": "message",
        "subtype": "bot_remove",
        "user": "U2D0CPE6M",
        "ts": "1479357371.000028"
    },
    {
        "text": "removed an integration from this channel: <https:\/\/theeventhorizon.slack.com\/services\/B33Q636J1|Event Horizon Events>",
        "bot_id": "B33Q636J1",
        "type": "message",
        "subtype": "bot_remove",
        "user": "U2D0CPE6M",
        "ts": "1479357376.000029"
    },
    {
        "text": "added an integration to this channel: <https:\/\/theeventhorizon.slack.com\/services\/B33Q5RRHA|Google Calendar>",
        "bot_id": "B33Q5RRHA",
        "type": "message",
        "subtype": "bot_add",
        "user": "U2D0CPE6M",
        "ts": "1479357417.000030"
    },
    {
        "text": null,
        "attachments": [
            {
                "fallback": "The Fountain: <!date^1479362400^{date_short_pretty} from {time}|Nov 16, 2016 from 10:00 PM> to <!date^1479369600^{time}|12:00 AM GMT-0800>",
                "text": "<!date^1479362400^{date_short_pretty} from {time}|Nov 16, 2016 from 10:00 PM> to <!date^1479369600^{time}|12:00 AM GMT-0800> at <https:\/\/maps.google.com\/maps?q=2nd+Floor|2nd Floor>",
                "pretext": "Event starting in 1 hour:",
                "title": "The Fountain",
                "id": 1,
                "title_link": "https:\/\/www.google.com\/calendar\/event?eid=OWlyZTR2MW9uanF2OTlzZmMxcWMyaWVnb2cgcGdsczd1djQwZXIwcDBjZXEzbTMyMzc2ZWtAZw",
                "color": "f83a22",
                "mrkdwn_in": [
                    "text",
                    "pretext"
                ]
            }
        ],
        "bot_id": "B33Q5RRHA",
        "type": "message",
        "subtype": "bot_message",
        "ts": "1479358800.000031"
    }
]