[
    {
        "type": "message",
        "user": "U2D08CYRK",
        "text": "<!channel> Christina and Fernando are coming in today at 6pm to deal with the electrical issue in the 3rd floor bathroom",
        "ts": "1479068106.000002"
    },
    {
        "type": "message",
        "user": "U2D08CYRK",
        "text": "Life review, starting now in the Grotto",
        "ts": "1479074989.000003"
    },
    {
        "type": "message",
        "user": "U2J7GJ50Q",
        "text": "<!channel> Electrician came in and took out a part. He will be back at 830-9am tomorrow with a replacement. (Christina didn't show)\nAlso, some of the stuff in the kitchen won't work until then. Most likely the toaster + microwave",
        "edited": {
            "user": "U2J7GJ50Q",
            "ts": "1479088243.000000"
        },
        "ts": "1479088220.000004",
        "reactions": [
            {
                "name": "+1",
                "users": [
                    "U2D08CYRK"
                ],
                "count": 1
            }
        ]
    },
    {
        "type": "message",
        "user": "U2J7GJ50Q",
        "text": "Also, Christina may not be happy about the box labeled \"Slime Habitat\" if she reads it. A cover story or other label could be good? (shrug)",
        "ts": "1479088358.000006"
    },
    {
        "type": "message",
        "user": "U2D0K9866",
        "text": "<!channel> PLANET EARTH 2 EPISODE 2, 9PM",
        "ts": "1479089037.000007"
    },
    {
        "type": "message",
        "user": "U2D0K9866",
        "text": "after: the one and only slime mold documentary: The Creeping Garden",
        "ts": "1479089072.000008",
        "reactions": [
            {
                "name": "cherry_blossom",
                "users": [
                    "U2D0C4SH5"
                ],
                "count": 1
            },
            {
                "name": "blossom",
                "users": [
                    "U2D0C4SH5"
                ],
                "count": 1
            },
            {
                "name": "sunglasses",
                "users": [
                    "U2D0C4SH5",
                    "U2D026HHN"
                ],
                "count": 2
            },
            {
                "name": "middle_finger",
                "users": [
                    "U2CU0HV7D"
                ],
                "count": 1
            }
        ]
    },
    {
        "type": "message",
        "user": "U2J7GJ50Q",
        "text": "Is all slime mold secretly one slime mold?",
        "ts": "1479089255.000009"
    },
    {
        "type": "message",
        "user": "U2D0C4SH5",
        "text": "Super big and pretty moon. Check it out!",
        "ts": "1479089609.000010"
    },
    {
        "type": "message",
        "user": "U2CU0HV7D",
        "text": "All electrons are secretly one electron. Generalize",
        "ts": "1479089618.000011",
        "reactions": [
            {
                "name": "white_check_mark",
                "users": [
                    "U2D01HLT0"
                ],
                "count": 1
            },
            {
                "name": "bulb",
                "users": [
                    "U2J7GJ50Q"
                ],
                "count": 1
            }
        ]
    },
    {
        "type": "message",
        "user": "U2D0K9866",
        "text": "*9:15 ",
        "ts": "1479096237.000012"
    },
    {
        "type": "message",
        "user": "U2D026HHN",
        "text": "Re slime mold documentary: The film received positive reviews. Variety comments that the film \"is much more entertaining than one could reasonably expect\"",
        "ts": "1479097092.000013"
    }
]