[
    {
        "type": "message",
        "user": "U2CU0JCGK",
        "text": "<!everyone> Brunch is at 11",
        "ts": "1477813162.000002"
    },
    {
        "type": "message",
        "user": "U2D01HLT0",
        "text": "Like in twenty minutes?",
        "ts": "1477849187.000002"
    },
    {
        "type": "message",
        "user": "U2D0C4SH5",
        "text": "Nah",
        "ts": "1477849807.000003"
    },
    {
        "type": "message",
        "user": "U2D0C4SH5",
        "text": "Aysja isnt at the brunch place anyway. ",
        "ts": "1477849832.000004"
    },
    {
        "type": "message",
        "user": "U2D0C4SH5",
        "text": "(We were going to her new job)",
        "ts": "1477849847.000005"
    }
]