[
    {
        "type": "message",
        "user": "U2D0C4SH5",
        "text": "Plumber is coming this evening. ",
        "ts": "1478368207.000002",
        "reactions": [
            {
                "name": "smiley",
                "users": [
                    "U2D0C4SH5"
                ],
                "count": 1
            }
        ]
    },
    {
        "type": "message",
        "user": "U2D0C4SH5",
        "text": "<!channel>: stephen frey is coming today",
        "ts": "1478372668.000003"
    },
    {
        "type": "message",
        "user": "U2CU0HV7D",
        "text": "Plot twist: Stephen Frey is and always has been just a plumber",
        "ts": "1478372792.000004"
    },
    {
        "type": "message",
        "user": "U2D0K9866",
        "text": "When? Would love to see him ",
        "ts": "1478373275.000005"
    },
    {
        "type": "message",
        "user": "U2D0C4SH5",
        "text": "He was here for a bit around 1",
        "ts": "1478391289.000006"
    },
    {
        "type": "message",
        "user": "U2DPV62N7",
        "text": "<!channel> We're trying a system in which everyone on the 3rd floor has a cup with their name on it. :slightly_smiling_face:",
        "ts": "1478391535.000007",
        "reactions": [
            {
                "name": "+1",
                "users": [
                    "U2D0K9866"
                ],
                "count": 1
            }
        ]
    },
    {
        "type": "message",
        "user": "U2J7GJ50Q",
        "text": "dibs on the giant jar",
        "ts": "1478391581.000008"
    },
    {
        "type": "message",
        "user": "U2DPV62N7",
        "text": "Giant jar has your name on it. House sees all.",
        "ts": "1478391611.000009"
    },
    {
        "type": "message",
        "subtype": "file_share",
        "text": "<@U2D01HLT0> uploaded a file: <https:\/\/theeventhorizon.slack.com\/files\/U2D01HLT0\/F2Y5X7VK2\/hoppy_glory.jpg|Hoppy glory> and commented: Please don't mark my arrogant bastard glass.",
        "file": {
            "id": "F2Y5X7VK2",
            "created": 1478392629,
            "timestamp": 1478392629,
            "name": "Hoppy glory.jpg",
            "title": "Hoppy glory",
            "mimetype": "image\/jpeg",
            "filetype": "jpg",
            "pretty_type": "JPEG",
            "user": "U2D01HLT0",
            "editable": false,
            "size": 527108,
            "mode": "hosted",
            "is_external": false,
            "external_type": "",
            "is_public": true,
            "public_url_shared": false,
            "display_as_bot": false,
            "username": "",
            "url_private": "https:\/\/files.slack.com\/files-pri\/T29RXEZQV-F2Y5X7VK2\/hoppy_glory.jpg?t=xoxe-77881509845-278458240181-277799076385-f7aff9668b2352bc9174110ca96b42af",
            "url_private_download": "https:\/\/files.slack.com\/files-pri\/T29RXEZQV-F2Y5X7VK2\/download\/hoppy_glory.jpg?t=xoxe-77881509845-278458240181-277799076385-f7aff9668b2352bc9174110ca96b42af",
            "thumb_64": "https:\/\/files.slack.com\/files-tmb\/T29RXEZQV-F2Y5X7VK2-98fa380a70\/hoppy_glory_64.jpg?t=xoxe-77881509845-278458240181-277799076385-f7aff9668b2352bc9174110ca96b42af",
            "thumb_80": "https:\/\/files.slack.com\/files-tmb\/T29RXEZQV-F2Y5X7VK2-98fa380a70\/hoppy_glory_80.jpg?t=xoxe-77881509845-278458240181-277799076385-f7aff9668b2352bc9174110ca96b42af",
            "thumb_360": "https:\/\/files.slack.com\/files-tmb\/T29RXEZQV-F2Y5X7VK2-98fa380a70\/hoppy_glory_360.jpg?t=xoxe-77881509845-278458240181-277799076385-f7aff9668b2352bc9174110ca96b42af",
            "thumb_360_w": 270,
            "thumb_360_h": 360,
            "thumb_480": "https:\/\/files.slack.com\/files-tmb\/T29RXEZQV-F2Y5X7VK2-98fa380a70\/hoppy_glory_480.jpg?t=xoxe-77881509845-278458240181-277799076385-f7aff9668b2352bc9174110ca96b42af",
            "thumb_480_w": 360,
            "thumb_480_h": 480,
            "thumb_160": "https:\/\/files.slack.com\/files-tmb\/T29RXEZQV-F2Y5X7VK2-98fa380a70\/hoppy_glory_160.jpg?t=xoxe-77881509845-278458240181-277799076385-f7aff9668b2352bc9174110ca96b42af",
            "thumb_720": "https:\/\/files.slack.com\/files-tmb\/T29RXEZQV-F2Y5X7VK2-98fa380a70\/hoppy_glory_720.jpg?t=xoxe-77881509845-278458240181-277799076385-f7aff9668b2352bc9174110ca96b42af",
            "thumb_720_w": 540,
            "thumb_720_h": 720,
            "thumb_960": "https:\/\/files.slack.com\/files-tmb\/T29RXEZQV-F2Y5X7VK2-98fa380a70\/hoppy_glory_960.jpg?t=xoxe-77881509845-278458240181-277799076385-f7aff9668b2352bc9174110ca96b42af",
            "thumb_960_w": 720,
            "thumb_960_h": 960,
            "thumb_1024": "https:\/\/files.slack.com\/files-tmb\/T29RXEZQV-F2Y5X7VK2-98fa380a70\/hoppy_glory_1024.jpg?t=xoxe-77881509845-278458240181-277799076385-f7aff9668b2352bc9174110ca96b42af",
            "thumb_1024_w": 768,
            "thumb_1024_h": 1024,
            "image_exif_rotation": 1,
            "original_w": 1224,
            "original_h": 1632,
            "permalink": "https:\/\/theeventhorizon.slack.com\/files\/U2D01HLT0\/F2Y5X7VK2\/hoppy_glory.jpg",
            "permalink_public": "https:\/\/slack-files.com\/T29RXEZQV-F2Y5X7VK2-079a38fb11",
            "channels": [],
            "groups": [],
            "ims": [],
            "comments_count": 1,
            "initial_comment": {
                "id": "Fc2ZHFBWG7",
                "created": 1478392629,
                "timestamp": 1478392629,
                "user": "U2D01HLT0",
                "is_intro": true,
                "comment": "Please don't mark my arrogant bastard glass."
            }
        },
        "user": "U2D01HLT0",
        "upload": true,
        "display_as_bot": false,
        "username": "kurt",
        "bot_id": null,
        "ts": "1478392632.000010"
    },
    {
        "type": "message",
        "user": "U2D0K9866",
        "text": "PLANET EARTH 2 COMES OUT TOMORROW OMG ZOMG OMG OMG <!channel> AHHHHHHHHHHHHH!!!",
        "ts": "1478393168.000011"
    },
    {
        "type": "message",
        "user": "U2D0C4SH5",
        "text": ":panda_face: :lion_face: :tiger: :monkey: :koala: ",
        "ts": "1478393218.000012"
    },
    {
        "type": "message",
        "user": "U2D026HHN",
        "text": "!!",
        "ts": "1478393493.000013"
    },
    {
        "type": "message",
        "user": "U2CU0JFFD",
        "text": ":D\n",
        "ts": "1478393707.000014"
    },
    {
        "type": "message",
        "user": "U2D0K9866",
        "text": "Needless to say we will be showing this, the best of all possible TV shows and the greatest of all human achievements to date, narrated by David Attenborough i.e. literal Jesus, on the 2nd floor tomorrow after Bayes month. ",
        "ts": "1478393710.000015"
    },
    {
        "type": "message",
        "user": "U2CU0JFFD",
        "text": "So excite",
        "ts": "1478393729.000016"
    },
    {
        "type": "message",
        "user": "U2D0CPE6M",
        "text": "<!channel> I am making a vow of silence and no communication from now until Tuesday morning",
        "edited": {
            "user": "U2D0CPE6M",
            "ts": "1478394952.000000"
        },
        "ts": "1478394931.000017",
        "reactions": [
            {
                "name": "cool",
                "users": [
                    "U2D01HLT0"
                ],
                "count": 1
            }
        ]
    },
    {
        "type": "message",
        "user": "U2D0K9866",
        "text": "Does that mean you're not coming to bayes month? ",
        "ts": "1478397989.000019"
    },
    {
        "type": "message",
        "user": "U2UPVPNTB",
        "text": "don't respond once for yes, don't respond twice for no",
        "ts": "1478407072.000020",
        "reactions": [
            {
                "name": "laughing",
                "users": [
                    "U2D01HLT0",
                    "U2D0C4SH5",
                    "U2D026HHN"
                ],
                "count": 3
            }
        ]
    }
]