[
    {
        "text": null,
        "attachments": [
            {
                "more_showtext": "Show more",
                "more_hidetext": "Show less",
                "fallback": "Stoicism Reading Club (\/src): <!date^1481342400^{date_short_pretty} from {time}|Dec 9, 2016 from 8:00 PM> to <!date^1481346000^{time}|9:00 PM GMT-0800>",
                "text": "<!date^1481342400^{date_short_pretty} from {time}|Dec 9, 2016 from 8:00 PM> to <!date^1481346000^{time}|9:00 PM GMT-0800> at <https:\/\/maps.google.com\/maps?q=Your+own+internal+experience|Your own internal experience>",
                "pretext": "Event starting in 2 hours:",
                "title": "Stoicism Reading Club (\/src)",
                "more": "Probably reading excerpts from Meditations or Enchiridion, + discussion; flexible",
                "id": 1,
                "title_link": "https:\/\/www.google.com\/calendar\/event?eid=Mm9xb3BsaGhjam5tMGk4a3E4dWNodWxmZmMgcGdsczd1djQwZXIwcDBjZXEzbTMyMzc2ZWtAZw",
                "color": "f83a22",
                "mrkdwn_in": [
                    "text",
                    "pretext",
                    "more"
                ]
            }
        ],
        "bot_id": "B33Q5RRHA",
        "type": "message",
        "subtype": "bot_message",
        "ts": "1481335200.000002"
    },
    {
        "text": "",
        "bot_id": "B33Q5RRHA",
        "attachments": [
            {
                "fallback": "Event created: Agency hOUR: <!date^1481403600^{date_short_pretty} from {time}|Dec 10, 2016 from 1:00 PM> to <!date^1481407200^{time}|2:00 PM GMT-0800>",
                "text": "<!date^1481403600^{date_short_pretty} from {time}|Dec 10, 2016 from 1:00 PM> to <!date^1481407200^{time}|2:00 PM GMT-0800>",
                "pretext": "New calendar event created",
                "title": "Agency hOUR",
                "id": 1,
                "title_link": "https:\/\/www.google.com\/calendar\/event?eid=Nmc1cTdocnRidjNvb2xjN2owampvOGYzYmcgcGdsczd1djQwZXIwcDBjZXEzbTMyMzc2ZWtAZw",
                "color": "f83a22",
                "mrkdwn_in": [
                    "text",
                    "pretext"
                ]
            }
        ],
        "type": "message",
        "subtype": "bot_message",
        "ts": "1481352951.000002"
    },
    {
        "text": "",
        "bot_id": "B33Q5RRHA",
        "attachments": [
            {
                "fallback": "Event created: Connor and Quincy don't eat food: December 10th - 11th, 2016",
                "text": "December 10th - 11th, 2016",
                "pretext": "New calendar event created",
                "title": "Connor and Quincy don't eat food",
                "id": 1,
                "title_link": "https:\/\/www.google.com\/calendar\/event?eid=aGwyZm00YmdidHVsNzVtM2N2a2s0cmR1cHMgcGdsczd1djQwZXIwcDBjZXEzbTMyMzc2ZWtAZw",
                "color": "f83a22",
                "mrkdwn_in": [
                    "text",
                    "pretext"
                ]
            }
        ],
        "type": "message",
        "subtype": "bot_message",
        "ts": "1481352951.000003"
    },
    {
        "text": "",
        "bot_id": "B33Q5RRHA",
        "attachments": [
            {
                "fallback": "Event created: Quincy and Kurt are laconic as fuckkkkkkkkkk: December 17th, 2016",
                "text": "December 17th, 2016",
                "pretext": "New calendar event created",
                "title": "Quincy and Kurt are laconic as fuckkkkkkkkkk",
                "id": 1,
                "title_link": "https:\/\/www.google.com\/calendar\/event?eid=ZzhxNmltZzJuNHM4dTk5MXY2dmhib2ljNm8gcGdsczd1djQwZXIwcDBjZXEzbTMyMzc2ZWtAZw",
                "color": "f83a22",
                "mrkdwn_in": [
                    "text",
                    "pretext"
                ]
            }
        ],
        "type": "message",
        "subtype": "bot_message",
        "ts": "1481352951.000004",
        "reactions": [
            {
                "name": "joy",
                "users": [
                    "U2D0C4SH5",
                    "U2J7GJ50Q"
                ],
                "count": 2
            }
        ]
    }
]