[
    {
        "type": "message",
        "user": "U2CU0HV7D",
        "text": "Today is November 7th! That means you should have hopefully settled your splitwise balances in the last 90% of this week, but if not, you have 5 hours left!",
        "ts": "1478572372.000002",
        "reactions": [
            {
                "name": "flushed",
                "users": [
                    "U2D0C4SH5",
                    "U2D026HHN"
                ],
                "count": 2
            },
            {
                "name": "smile",
                "users": [
                    "U2D0C4SH5"
                ],
                "count": 1
            }
        ]
    }
]