[
    {
        "type": "message",
        "user": "U2D0C4SH5",
        "text": "<!channel> We are having a Tuesday dinner tonight at 20:00.  Invite your friends!! It's gonna be awesome. :slightly_smiling_face: At least one potential housemate should be in attendance.  If you want to weigh in, meet him!",
        "ts": "1479230755.000002"
    },
    {
        "type": "message",
        "user": "U2J7GJ50Q",
        "text": "i'm pretty sick so i'll be around but most likely not attending",
        "ts": "1479256228.000002"
    },
    {
        "type": "message",
        "user": "U2D0CPE6M",
        "text": "Vow of silence while in the house until friday (exclusive)",
        "ts": "1479275240.000002"
    },
    {
        "type": "message",
        "user": "U2D0CPE6M",
        "text": "except when I'm asked a direct question",
        "ts": "1479276284.000003"
    },
    {
        "type": "message",
        "user": "U2D0CPE6M",
        "text": "or am engaged in conversation by someone",
        "ts": "1479276958.000004"
    }
]