[
    {
        "type": "message",
        "user": "U2CU0HV7D",
        "text": "<!channel>: For those wondering, 24 is a game where you are given four numbers and you have to use some combination of {+,-,*,\/} with replacement to make 24. We will be competing in hard mode on the iPhone app that's called something like \"fun maths\", but in the preceding 6 hours you can start practicing on the easy and medium modes on that app or on the free website <http:\/\/4nums.com|4nums.com>. Aysja and I have around this number of hours' experience, so start early if you want a leg up!",
        "ts": "1476032570.000002"
    },
    {
        "type": "message",
        "user": "U2CU0HV7D",
        "text": "<!channel>: chess was supposed to start at 4:30 but I'm on a treasure hunt rn so it'll be a little bit postponed",
        "ts": "1476055894.000002"
    },
    {
        "type": "message",
        "user": "U2D08CYRK",
        "text": "Details of the house bond\/loan: <https:\/\/docs.google.com\/spreadsheets\/d\/1gcoW9wCGHYPevt7nuZ0bVY9KUOl_0P8l8rZ8WI0BcbE\/edit>",
        "ts": "1476078090.000002"
    },
    {
        "type": "message",
        "user": "U2D08CYRK",
        "text": "Talk to me if you're interested in buying shares.\n\nThere are 200 shares total.  Currently I've got 188, and Connor's got 12. I'm willing to sell as many of mine as people are willing to buy (for $100 each, which is the principal associated with each share).\n\nFor details on how the total loan\/bond amount was calculated see this sheet w\/ background info: <https:\/\/docs.google.com\/spreadsheets\/d\/1uilCpcqho_kvpJ3Ei0HBkcQ9L21Ev_tlRCPSUFxs4Fo\/edit>",
        "ts": "1476078470.000003"
    }
]