[
    {
        "text": "",
        "bot_id": "B33Q5RRHA",
        "attachments": [
            {
                "fallback": "Event created: Bayes' Month: <!date^1480910400^{date_short_pretty} from {time}|Dec 4, 2016 from 8:00 PM> to <!date^1480914000^{time}|9:00 PM GMT-0800>",
                "text": "<!date^1480910400^{date_short_pretty} from {time}|Dec 4, 2016 from 8:00 PM> to <!date^1480914000^{time}|9:00 PM GMT-0800>",
                "pretext": "New calendar event created",
                "title": "Bayes' Month",
                "id": 1,
                "title_link": "https:\/\/www.google.com\/calendar\/event?eid=dTUxMm41NjV0bGQ1Y29hNDh0MnZsaWplM3MgcGdsczd1djQwZXIwcDBjZXEzbTMyMzc2ZWtAZw",
                "color": "f83a22",
                "mrkdwn_in": [
                    "text",
                    "pretext"
                ]
            }
        ],
        "type": "message",
        "subtype": "bot_message",
        "ts": "1480902316.000002"
    },
    {
        "text": "",
        "bot_id": "B33Q5RRHA",
        "attachments": [
            {
                "more_showtext": "Show more",
                "more_hidetext": "Show less",
                "fallback": "Event updated: Bayes' Month: <!date^1480910400^{date_short_pretty} from {time}|Dec 4, 2016 from 8:00 PM> to <!date^1480914000^{time}|9:00 PM GMT-0800>",
                "text": "<!date^1480910400^{date_short_pretty} from {time}|Dec 4, 2016 from 8:00 PM> to <!date^1480914000^{time}|9:00 PM GMT-0800> at <https:\/\/maps.google.com\/maps?q=Your+own+internal+experience|Your own internal experience>",
                "pretext": "Calendar event updated",
                "title": "Bayes' Month",
                "more": "Chapter 3",
                "id": 1,
                "title_link": "https:\/\/www.google.com\/calendar\/event?eid=dTUxMm41NjV0bGQ1Y29hNDh0MnZsaWplM3MgcGdsczd1djQwZXIwcDBjZXEzbTMyMzc2ZWtAZw",
                "color": "f83a22",
                "mrkdwn_in": [
                    "text",
                    "pretext",
                    "more"
                ]
            }
        ],
        "type": "message",
        "subtype": "bot_message",
        "ts": "1480903152.000003"
    },
    {
        "text": "",
        "bot_id": "B33Q5RRHA",
        "attachments": [
            {
                "fallback": "Event created: Stoicism Reading Club (\/src): <!date^1481005800^{date_short_pretty} from {time}|Dec 5, 2016 from 10:30 PM> to <!date^1481009400^{time}|11:30 PM GMT-0800>",
                "text": "<!date^1481005800^{date_short_pretty} from {time}|Dec 5, 2016 from 10:30 PM> to <!date^1481009400^{time}|11:30 PM GMT-0800>",
                "pretext": "New calendar event created",
                "title": "Stoicism Reading Club (\/src)",
                "id": 1,
                "title_link": "https:\/\/www.google.com\/calendar\/event?eid=Mm9xb3BsaGhjam5tMGk4a3E4dWNodWxmZmMgcGdsczd1djQwZXIwcDBjZXEzbTMyMzc2ZWtAZw",
                "color": "f83a22",
                "mrkdwn_in": [
                    "text",
                    "pretext"
                ]
            }
        ],
        "type": "message",
        "subtype": "bot_message",
        "ts": "1480903152.000004"
    },
    {
        "text": null,
        "attachments": [
            {
                "more_showtext": "Show more",
                "more_hidetext": "Show less",
                "fallback": "Bayes' Month: <!date^1480910400^{date_short_pretty} from {time}|Dec 4, 2016 from 8:00 PM> to <!date^1480914000^{time}|9:00 PM GMT-0800>",
                "text": "<!date^1480910400^{date_short_pretty} from {time}|Dec 4, 2016 from 8:00 PM> to <!date^1480914000^{time}|9:00 PM GMT-0800> at <https:\/\/maps.google.com\/maps?q=Your+own+internal+experience|Your own internal experience>",
                "pretext": "Event starting in 2 hours:",
                "title": "Bayes' Month",
                "more": "Chapter 3",
                "id": 1,
                "title_link": "https:\/\/www.google.com\/calendar\/event?eid=dTUxMm41NjV0bGQ1Y29hNDh0MnZsaWplM3MgcGdsczd1djQwZXIwcDBjZXEzbTMyMzc2ZWtAZw",
                "color": "f83a22",
                "mrkdwn_in": [
                    "text",
                    "pretext",
                    "more"
                ]
            }
        ],
        "bot_id": "B33Q5RRHA",
        "type": "message",
        "subtype": "bot_message",
        "ts": "1480903200.000005"
    },
    {
        "text": "",
        "bot_id": "B33Q5RRHA",
        "attachments": [
            {
                "more_showtext": "Show more",
                "more_hidetext": "Show less",
                "fallback": "Event location updated: Bayes' Month: <!date^1480910400^{date_short_pretty} from {time}|Dec 4, 2016 from 8:00 PM> to <!date^1480914000^{time}|9:00 PM GMT-0800>",
                "text": "<!date^1480910400^{date_short_pretty} from {time}|Dec 4, 2016 from 8:00 PM> to <!date^1480914000^{time}|9:00 PM GMT-0800> at <https:\/\/maps.google.com\/maps?q=An+already+algorithmically-determined+location+even+if+you+are+ignorant+of+the+value+it+will+take|An already algorithmically-determined location even if you are ignorant of the value it will take>",
                "pretext": "Calendar event location updated",
                "title": "Bayes' Month",
                "more": "Chapter 3",
                "id": 1,
                "title_link": "https:\/\/www.google.com\/calendar\/event?eid=dTUxMm41NjV0bGQ1Y29hNDh0MnZsaWplM3MgcGdsczd1djQwZXIwcDBjZXEzbTMyMzc2ZWtAZw",
                "color": "f83a22",
                "mrkdwn_in": [
                    "text",
                    "pretext",
                    "more"
                ]
            }
        ],
        "type": "message",
        "subtype": "bot_message",
        "ts": "1480903333.000006"
    },
    {
        "text": "",
        "bot_id": "B33Q5RRHA",
        "attachments": [
            {
                "more_showtext": "Show more",
                "more_hidetext": "Show less",
                "fallback": "Event updated: Stoicism Reading Club (\/src): <!date^1481005800^{date_short_pretty} from {time}|Dec 5, 2016 from 10:30 PM> to <!date^1481009400^{time}|11:30 PM GMT-0800>",
                "text": "<!date^1481005800^{date_short_pretty} from {time}|Dec 5, 2016 from 10:30 PM> to <!date^1481009400^{time}|11:30 PM GMT-0800> at <https:\/\/maps.google.com\/maps?q=Your+own+internal+experience|Your own internal experience>",
                "pretext": "Calendar event updated",
                "title": "Stoicism Reading Club (\/src)",
                "more": "Probably reading excerpts from Meditations or Enchiridion, + discussion; flexible",
                "id": 1,
                "title_link": "https:\/\/www.google.com\/calendar\/event?eid=Mm9xb3BsaGhjam5tMGk4a3E4dWNodWxmZmMgcGdsczd1djQwZXIwcDBjZXEzbTMyMzc2ZWtAZw",
                "color": "f83a22",
                "mrkdwn_in": [
                    "text",
                    "pretext",
                    "more"
                ]
            }
        ],
        "type": "message",
        "subtype": "bot_message",
        "ts": "1480903333.000007"
    },
    {
        "text": "",
        "bot_id": "B33Q5RRHA",
        "attachments": [
            {
                "more_showtext": "Show more",
                "more_hidetext": "Show less",
                "fallback": "Event created: Circling: <!date^1481083200^{date_short_pretty} from {time}|Dec 6, 2016 from 8:00 PM> to <!date^1481094000^{time}|11:00 PM GMT-0800>",
                "text": "<!date^1481083200^{date_short_pretty} from {time}|Dec 6, 2016 from 8:00 PM> to <!date^1481094000^{time}|11:00 PM GMT-0800> at <https:\/\/maps.google.com\/maps?q=Not+actually+sure%2C+ideas+welcome|Not actually sure, ideas welcome>",
                "pretext": "New calendar event created",
                "title": "Circling",
                "more": "Connor leads 4-person circles starting on the hour, for 2-3 hours depending on demand",
                "id": 1,
                "title_link": "https:\/\/www.google.com\/calendar\/event?eid=OXJqb2ZzODM3dmEzdjdza2JiMnQwM2w3Z3MgcGdsczd1djQwZXIwcDBjZXEzbTMyMzc2ZWtAZw",
                "color": "f83a22",
                "mrkdwn_in": [
                    "text",
                    "pretext",
                    "more"
                ]
            }
        ],
        "type": "message",
        "subtype": "bot_message",
        "ts": "1480903818.000008"
    },
    {
        "text": "",
        "bot_id": "B33Q5RRHA",
        "attachments": [
            {
                "more_showtext": "Show more",
                "more_hidetext": "Show less",
                "fallback": "Event created: Presentation: Positive Feedback Loops: <!date^1481173200^{date_short_pretty} from {time}|Dec 7, 2016 from 9:00 PM> to <!date^1481176800^{time}|10:00 PM GMT-0800>",
                "text": "<!date^1481173200^{date_short_pretty} from {time}|Dec 7, 2016 from 9:00 PM> to <!date^1481176800^{time}|10:00 PM GMT-0800> at <https:\/\/maps.google.com\/maps?q=2f+theatre|2f theatre>",
                "pretext": "New calendar event created",
                "title": "Presentation: Positive Feedback Loops",
                "more": "Connor gives a technical presentation about positive feedback loops and other dynamical systems in our world.",
                "id": 1,
                "title_link": "https:\/\/www.google.com\/calendar\/event?eid=c3Bmc21taWNrdnZyOTVrazh2dmU2NmtzazQgcGdsczd1djQwZXIwcDBjZXEzbTMyMzc2ZWtAZw",
                "color": "f83a22",
                "mrkdwn_in": [
                    "text",
                    "pretext",
                    "more"
                ]
            }
        ],
        "type": "message",
        "subtype": "bot_message",
        "ts": "1480904052.000009"
    },
    {
        "text": "",
        "bot_id": "B33Q5RRHA",
        "attachments": [
            {
                "more_showtext": "Show more",
                "more_hidetext": "Show less",
                "fallback": "Event time updated: Circling: <!date^1481169600^{date_short_pretty} from {time}|Dec 7, 2016 from 8:00 PM> to <!date^1481180400^{time}|11:00 PM GMT-0800>",
                "text": "<!date^1481169600^{date_short_pretty} from {time}|Dec 7, 2016 from 8:00 PM> to <!date^1481180400^{time}|11:00 PM GMT-0800> at <https:\/\/maps.google.com\/maps?q=Not+actually+sure%2C+ideas+welcome|Not actually sure, ideas welcome>",
                "pretext": "Calendar event time updated",
                "title": "Circling",
                "more": "Connor leads 4-person circles starting on the hour, for 2-3 hours depending on demand",
                "id": 1,
                "title_link": "https:\/\/www.google.com\/calendar\/event?eid=OXJqb2ZzODM3dmEzdjdza2JiMnQwM2w3Z3MgcGdsczd1djQwZXIwcDBjZXEzbTMyMzc2ZWtAZw",
                "color": "f83a22",
                "mrkdwn_in": [
                    "text",
                    "pretext",
                    "more"
                ]
            }
        ],
        "type": "message",
        "subtype": "bot_message",
        "ts": "1480904118.000010"
    },
    {
        "text": "",
        "bot_id": "B33Q5RRHA",
        "attachments": [
            {
                "more_showtext": "Show more",
                "more_hidetext": "Show less",
                "fallback": "Event time updated: Presentation: Positive Feedback Loops: <!date^1481259600^{date_short_pretty} from {time}|Dec 8, 2016 from 9:00 PM> to <!date^1481263200^{time}|10:00 PM GMT-0800>",
                "text": "<!date^1481259600^{date_short_pretty} from {time}|Dec 8, 2016 from 9:00 PM> to <!date^1481263200^{time}|10:00 PM GMT-0800> at <https:\/\/maps.google.com\/maps?q=2f+theatre|2f theatre>",
                "pretext": "Calendar event time updated",
                "title": "Presentation: Positive Feedback Loops",
                "more": "Connor gives a technical presentation about positive feedback loops and other dynamical systems in our world.",
                "id": 1,
                "title_link": "https:\/\/www.google.com\/calendar\/event?eid=c3Bmc21taWNrdnZyOTVrazh2dmU2NmtzazQgcGdsczd1djQwZXIwcDBjZXEzbTMyMzc2ZWtAZw",
                "color": "f83a22",
                "mrkdwn_in": [
                    "text",
                    "pretext",
                    "more"
                ]
            }
        ],
        "type": "message",
        "subtype": "bot_message",
        "ts": "1480904118.000011"
    },
    {
        "text": "",
        "bot_id": "B33Q5RRHA",
        "attachments": [
            {
                "more_showtext": "Show more",
                "more_hidetext": "Show less",
                "fallback": "Event created: Betting Hour: <!date^1480914000^{date_short_pretty} from {time}|Dec 4, 2016 from 9:00 PM> to <!date^1480917600^{time}|10:00 PM GMT-0800>",
                "text": "<!date^1480914000^{date_short_pretty} from {time}|Dec 4, 2016 from 9:00 PM> to <!date^1480917600^{time}|10:00 PM GMT-0800> at <https:\/\/maps.google.com\/maps?q=3f+Nightclub+%2B+Lounge|3f Nightclub + Lounge>",
                "pretext": "New calendar event created",
                "title": "Betting Hour",
                "more": "Connor and Kurt make cents-size bets on things to practice Kelly betting.",
                "id": 1,
                "title_link": "https:\/\/www.google.com\/calendar\/event?eid=aHIxOHVuM2plMTNtbG10bWExOGMzYTdiamsgcGdsczd1djQwZXIwcDBjZXEzbTMyMzc2ZWtAZw",
                "color": "f83a22",
                "mrkdwn_in": [
                    "text",
                    "pretext",
                    "more"
                ]
            }
        ],
        "type": "message",
        "subtype": "bot_message",
        "ts": "1480905192.000012"
    },
    {
        "text": "",
        "bot_id": "B33Q5RRHA",
        "attachments": [
            {
                "fallback": "Event created: Journal Club: <!date^1481004000^{date_short_pretty} from {time}|Dec 5, 2016 from 10:00 PM> to <!date^1481007600^{time}|11:00 PM GMT-0800>",
                "text": "<!date^1481004000^{date_short_pretty} from {time}|Dec 5, 2016 from 10:00 PM> to <!date^1481007600^{time}|11:00 PM GMT-0800>",
                "pretext": "New calendar event created",
                "title": "Journal Club",
                "id": 1,
                "title_link": "https:\/\/www.google.com\/calendar\/event?eid=ZWlvaWs1NWE2cXFpZDZ0ZmdvdnN1aWlrODggcGdsczd1djQwZXIwcDBjZXEzbTMyMzc2ZWtAZw",
                "color": "f83a22",
                "mrkdwn_in": [
                    "text",
                    "pretext"
                ]
            }
        ],
        "type": "message",
        "subtype": "bot_message",
        "ts": "1480905192.000013"
    },
    {
        "text": "",
        "bot_id": "B33Q5RRHA",
        "attachments": [
            {
                "more_showtext": "Show more",
                "more_hidetext": "Show less",
                "fallback": "Event time updated: Stoicism Reading Club (\/src): <!date^1481092200^{date_short_pretty} from {time}|Dec 6, 2016 from 10:30 PM> to <!date^1481095800^{time}|11:30 PM GMT-0800>",
                "text": "<!date^1481092200^{date_short_pretty} from {time}|Dec 6, 2016 from 10:30 PM> to <!date^1481095800^{time}|11:30 PM GMT-0800> at <https:\/\/maps.google.com\/maps?q=Your+own+internal+experience|Your own internal experience>",
                "pretext": "Calendar event time updated",
                "title": "Stoicism Reading Club (\/src)",
                "more": "Probably reading excerpts from Meditations or Enchiridion, + discussion; flexible",
                "id": 1,
                "title_link": "https:\/\/www.google.com\/calendar\/event?eid=Mm9xb3BsaGhjam5tMGk4a3E4dWNodWxmZmMgcGdsczd1djQwZXIwcDBjZXEzbTMyMzc2ZWtAZw",
                "color": "f83a22",
                "mrkdwn_in": [
                    "text",
                    "pretext",
                    "more"
                ]
            }
        ],
        "type": "message",
        "subtype": "bot_message",
        "ts": "1480905192.000014"
    },
    {
        "text": "",
        "bot_id": "B33Q5RRHA",
        "attachments": [
            {
                "more_showtext": "Show more",
                "more_hidetext": "Show less",
                "fallback": "Event time updated: Presentation: Positive Feedback Loops: <!date^1481263200^{date_short_pretty} from {time}|Dec 8, 2016 from 10:00 PM> to <!date^1481266800^{time}|11:00 PM GMT-0800>",
                "text": "<!date^1481263200^{date_short_pretty} from {time}|Dec 8, 2016 from 10:00 PM> to <!date^1481266800^{time}|11:00 PM GMT-0800> at <https:\/\/maps.google.com\/maps?q=2f+theatre|2f theatre>",
                "pretext": "Calendar event time updated",
                "title": "Presentation: Positive Feedback Loops",
                "more": "Connor gives a technical presentation about positive feedback loops and other dynamical systems in our world.",
                "id": 1,
                "title_link": "https:\/\/www.google.com\/calendar\/event?eid=c3Bmc21taWNrdnZyOTVrazh2dmU2NmtzazQgcGdsczd1djQwZXIwcDBjZXEzbTMyMzc2ZWtAZw",
                "color": "f83a22",
                "mrkdwn_in": [
                    "text",
                    "pretext",
                    "more"
                ]
            }
        ],
        "type": "message",
        "subtype": "bot_message",
        "ts": "1480905193.000015"
    },
    {
        "text": "",
        "bot_id": "B33Q5RRHA",
        "attachments": [
            {
                "more_showtext": "Show more",
                "more_hidetext": "Show less",
                "fallback": "Event time updated: Stoicism Reading Club (\/src): <!date^1481086800^{date_short_pretty} from {time}|Dec 6, 2016 from 9:00 PM> to <!date^1481090400^{time}|10:00 PM GMT-0800>",
                "text": "<!date^1481086800^{date_short_pretty} from {time}|Dec 6, 2016 from 9:00 PM> to <!date^1481090400^{time}|10:00 PM GMT-0800> at <https:\/\/maps.google.com\/maps?q=Your+own+internal+experience|Your own internal experience>",
                "pretext": "Calendar event time updated",
                "title": "Stoicism Reading Club (\/src)",
                "more": "Probably reading excerpts from Meditations or Enchiridion, + discussion; flexible",
                "id": 1,
                "title_link": "https:\/\/www.google.com\/calendar\/event?eid=Mm9xb3BsaGhjam5tMGk4a3E4dWNodWxmZmMgcGdsczd1djQwZXIwcDBjZXEzbTMyMzc2ZWtAZw",
                "color": "f83a22",
                "mrkdwn_in": [
                    "text",
                    "pretext",
                    "more"
                ]
            }
        ],
        "type": "message",
        "subtype": "bot_message",
        "ts": "1480905372.000016"
    },
    {
        "text": "",
        "bot_id": "B33Q5RRHA",
        "attachments": [
            {
                "more_showtext": "Show more",
                "more_hidetext": "Show less",
                "fallback": "Event time updated: Presentation: Positive Feedback Loops: <!date^1481090400^{date_short_pretty} from {time}|Dec 6, 2016 from 10:00 PM> to <!date^1481094000^{time}|11:00 PM GMT-0800>",
                "text": "<!date^1481090400^{date_short_pretty} from {time}|Dec 6, 2016 from 10:00 PM> to <!date^1481094000^{time}|11:00 PM GMT-0800> at <https:\/\/maps.google.com\/maps?q=2f+theatre|2f theatre>",
                "pretext": "Calendar event time updated",
                "title": "Presentation: Positive Feedback Loops",
                "more": "Connor gives a technical presentation about positive feedback loops and other dynamical systems in our world.",
                "id": 1,
                "title_link": "https:\/\/www.google.com\/calendar\/event?eid=c3Bmc21taWNrdnZyOTVrazh2dmU2NmtzazQgcGdsczd1djQwZXIwcDBjZXEzbTMyMzc2ZWtAZw",
                "color": "f83a22",
                "mrkdwn_in": [
                    "text",
                    "pretext",
                    "more"
                ]
            }
        ],
        "type": "message",
        "subtype": "bot_message",
        "ts": "1480905372.000017"
    },
    {
        "text": "",
        "bot_id": "B33Q5RRHA",
        "attachments": [
            {
                "more_showtext": "Show more",
                "more_hidetext": "Show less",
                "fallback": "Event time updated: Stoicism Reading Club (\/src): <!date^1481263200^{date_short_pretty} from {time}|Dec 8, 2016 from 10:00 PM> to <!date^1481266800^{time}|11:00 PM GMT-0800>",
                "text": "<!date^1481263200^{date_short_pretty} from {time}|Dec 8, 2016 from 10:00 PM> to <!date^1481266800^{time}|11:00 PM GMT-0800> at <https:\/\/maps.google.com\/maps?q=Your+own+internal+experience|Your own internal experience>",
                "pretext": "Calendar event time updated",
                "title": "Stoicism Reading Club (\/src)",
                "more": "Probably reading excerpts from Meditations or Enchiridion, + discussion; flexible",
                "id": 1,
                "title_link": "https:\/\/www.google.com\/calendar\/event?eid=Mm9xb3BsaGhjam5tMGk4a3E4dWNodWxmZmMgcGdsczd1djQwZXIwcDBjZXEzbTMyMzc2ZWtAZw",
                "color": "f83a22",
                "mrkdwn_in": [
                    "text",
                    "pretext",
                    "more"
                ]
            }
        ],
        "type": "message",
        "subtype": "bot_message",
        "ts": "1480905552.000018"
    },
    {
        "text": "",
        "bot_id": "B33Q5RRHA",
        "attachments": [
            {
                "more_showtext": "Show more",
                "more_hidetext": "Show less",
                "fallback": "Event time updated: Stoicism Reading Club (\/src): <!date^1481007600^{date_short_pretty} from {time}|Dec 5, 2016 from 11:00 PM> to <!date^1481011200^{time}|12:00 AM GMT-0800>",
                "text": "<!date^1481007600^{date_short_pretty} from {time}|Dec 5, 2016 from 11:00 PM> to <!date^1481011200^{time}|12:00 AM GMT-0800> at <https:\/\/maps.google.com\/maps?q=Your+own+internal+experience|Your own internal experience>",
                "pretext": "Calendar event time updated",
                "title": "Stoicism Reading Club (\/src)",
                "more": "Probably reading excerpts from Meditations or Enchiridion, + discussion; flexible",
                "id": 1,
                "title_link": "https:\/\/www.google.com\/calendar\/event?eid=Mm9xb3BsaGhjam5tMGk4a3E4dWNodWxmZmMgcGdsczd1djQwZXIwcDBjZXEzbTMyMzc2ZWtAZw",
                "color": "f83a22",
                "mrkdwn_in": [
                    "text",
                    "pretext",
                    "more"
                ]
            }
        ],
        "type": "message",
        "subtype": "bot_message",
        "ts": "1480906091.000019"
    },
    {
        "type": "message",
        "user": "U2CU0HV7D",
        "text": "Utilities bills from the last several months just got paid this December, so 1\/n costs are projected to be closer to $230 than $150. Apologies for the sharpness of this increase",
        "ts": "1480906777.000020"
    },
    {
        "text": null,
        "attachments": [
            {
                "more_showtext": "Show more",
                "more_hidetext": "Show less",
                "fallback": "Betting Hour: <!date^1480914000^{date_short_pretty} from {time}|Dec 4, 2016 from 9:00 PM> to <!date^1480917600^{time}|10:00 PM GMT-0800>",
                "text": "<!date^1480914000^{date_short_pretty} from {time}|Dec 4, 2016 from 9:00 PM> to <!date^1480917600^{time}|10:00 PM GMT-0800> at <https:\/\/maps.google.com\/maps?q=3f+Nightclub+%2B+Lounge|3f Nightclub + Lounge>",
                "pretext": "Event starting in 2 hours:",
                "title": "Betting Hour",
                "more": "Connor and Kurt make cents-size bets on things to practice Kelly betting.",
                "id": 1,
                "title_link": "https:\/\/www.google.com\/calendar\/event?eid=aHIxOHVuM2plMTNtbG10bWExOGMzYTdiamsgcGdsczd1djQwZXIwcDBjZXEzbTMyMzc2ZWtAZw",
                "color": "f83a22",
                "mrkdwn_in": [
                    "text",
                    "pretext",
                    "more"
                ]
            }
        ],
        "bot_id": "B33Q5RRHA",
        "type": "message",
        "subtype": "bot_message",
        "ts": "1480906800.000021"
    },
    {
        "text": "",
        "bot_id": "B33Q5RRHA",
        "attachments": [
            {
                "more_showtext": "Show more",
                "more_hidetext": "Show less",
                "fallback": "Event time updated: Betting Hour: <!date^1480917600^{date_short_pretty} from {time}|Dec 4, 2016 from 10:00 PM> to <!date^1480921200^{time}|11:00 PM GMT-0800>",
                "text": "<!date^1480917600^{date_short_pretty} from {time}|Dec 4, 2016 from 10:00 PM> to <!date^1480921200^{time}|11:00 PM GMT-0800> at <https:\/\/maps.google.com\/maps?q=3f+Nightclub+%2B+Lounge|3f Nightclub + Lounge>",
                "pretext": "Calendar event time updated",
                "title": "Betting Hour",
                "more": "Connor and Kurt make cents-size bets on things to practice Kelly betting.",
                "id": 1,
                "title_link": "https:\/\/www.google.com\/calendar\/event?eid=aHIxOHVuM2plMTNtbG10bWExOGMzYTdiamsgcGdsczd1djQwZXIwcDBjZXEzbTMyMzc2ZWtAZw",
                "color": "f83a22",
                "mrkdwn_in": [
                    "text",
                    "pretext",
                    "more"
                ]
            }
        ],
        "type": "message",
        "subtype": "bot_message",
        "ts": "1480907173.000022"
    },
    {
        "text": "",
        "bot_id": "B33Q5RRHA",
        "attachments": [
            {
                "more_showtext": "Show more",
                "more_hidetext": "Show less",
                "fallback": "Event created: Planet Earth II Ep 5: <!date^1480914000^{date_short_pretty} from {time}|Dec 4, 2016 from 9:00 PM> to <!date^1480917600^{time}|10:00 PM GMT-0800>",
                "text": "<!date^1480914000^{date_short_pretty} from {time}|Dec 4, 2016 from 9:00 PM> to <!date^1480917600^{time}|10:00 PM GMT-0800> at <https:\/\/maps.google.com\/maps?q=2f+theatre|2f theatre>",
                "pretext": "New calendar event created",
                "title": "Planet Earth II Ep 5",
                "more": "Saint Attenborough pt 5\/6",
                "id": 1,
                "title_link": "https:\/\/www.google.com\/calendar\/event?eid=MGNjb2owdWR0b3ZpNDhycTNtMWZ2NmVzNjggcGdsczd1djQwZXIwcDBjZXEzbTMyMzc2ZWtAZw",
                "color": "f83a22",
                "mrkdwn_in": [
                    "text",
                    "pretext",
                    "more"
                ]
            }
        ],
        "type": "message",
        "subtype": "bot_message",
        "ts": "1480907291.000023"
    },
    {
        "text": null,
        "attachments": [
            {
                "more_showtext": "Show more",
                "more_hidetext": "Show less",
                "fallback": "Betting Hour: <!date^1480917600^{date_short_pretty} from {time}|Dec 4, 2016 from 10:00 PM> to <!date^1480921200^{time}|11:00 PM GMT-0800>",
                "text": "<!date^1480917600^{date_short_pretty} from {time}|Dec 4, 2016 from 10:00 PM> to <!date^1480921200^{time}|11:00 PM GMT-0800> at <https:\/\/maps.google.com\/maps?q=3f+Nightclub+%2B+Lounge|3f Nightclub + Lounge>",
                "pretext": "Event starting in 2 hours:",
                "title": "Betting Hour",
                "more": "Connor and Kurt make cents-size bets on things to practice Kelly betting.",
                "id": 1,
                "title_link": "https:\/\/www.google.com\/calendar\/event?eid=aHIxOHVuM2plMTNtbG10bWExOGMzYTdiamsgcGdsczd1djQwZXIwcDBjZXEzbTMyMzc2ZWtAZw",
                "color": "f83a22",
                "mrkdwn_in": [
                    "text",
                    "pretext",
                    "more"
                ]
            }
        ],
        "bot_id": "B33Q5RRHA",
        "type": "message",
        "subtype": "bot_message",
        "ts": "1480910400.000024"
    },
    {
        "type": "message",
        "user": "U2D08CYRK",
        "text": "Friendly reminder, please pass along all mail to Diego or Roxanne to me. Just found a time-sensitive piece of Diego’s mail on top of the fridge",
        "ts": "1480915328.000025"
    },
    {
        "text": "",
        "bot_id": "B33Q5RRHA",
        "attachments": [
            {
                "more_showtext": "Show more",
                "more_hidetext": "Show less",
                "fallback": "Event time updated: Betting Hour: <!date^1481695200^{date_short_pretty} from {time}|Dec 13, 2016 from 10:00 PM> to <!date^1481698800^{time}|11:00 PM GMT-0800>",
                "text": "<!date^1481695200^{date_short_pretty} from {time}|Dec 13, 2016 from 10:00 PM> to <!date^1481698800^{time}|11:00 PM GMT-0800> at <https:\/\/maps.google.com\/maps?q=3f+Nightclub+%2B+Lounge|3f Nightclub + Lounge>",
                "pretext": "Calendar event time updated",
                "title": "Betting Hour",
                "more": "Connor and Kurt make cents-size bets on things to practice Kelly betting.",
                "id": 1,
                "title_link": "https:\/\/www.google.com\/calendar\/event?eid=aHIxOHVuM2plMTNtbG10bWExOGMzYTdiamsgcGdsczd1djQwZXIwcDBjZXEzbTMyMzc2ZWtAZw",
                "color": "f83a22",
                "mrkdwn_in": [
                    "text",
                    "pretext",
                    "more"
                ]
            }
        ],
        "type": "message",
        "subtype": "bot_message",
        "ts": "1480920673.000026"
    },
    {
        "text": "",
        "bot_id": "B33Q5RRHA",
        "attachments": [
            {
                "more_showtext": "Show more",
                "more_hidetext": "Show less",
                "fallback": "Event created: Plotting: <!date^1480982400^{date_short_pretty} from {time}|Dec 5, 2016 from 4:00 PM> to <!date^1481002200^{time}|9:30 PM GMT-0800>",
                "text": "<!date^1480982400^{date_short_pretty} from {time}|Dec 5, 2016 from 4:00 PM> to <!date^1481002200^{time}|9:30 PM GMT-0800> at <https:\/\/maps.google.com\/maps?q=2f+theatre+%2F+balcony|2f theatre \/ balcony>",
                "pretext": "New calendar event created",
                "title": "Plotting",
                "more": "You may join and leave this event as you wish, but this time is designated to do deep thinking on important topics with minimal interruption.\n\nPlotting may occur solitarily or in small groups. Connor will hold small plots before 6:30 with an emphasis on hypothesis generation and backchaining. These may include personal debugging, Trump consideration, brain algorithm advancement plots, world-manipulation plots, etc. Plotting groups may form and splinter organically, but groups should go inside to preserve quietude on the balcony.",
                "id": 1,
                "title_link": "https:\/\/www.google.com\/calendar\/event?eid=MGRjY285Y2tjbmVvZDY2dGw0ZmJlMzcxZHMgcGdsczd1djQwZXIwcDBjZXEzbTMyMzc2ZWtAZw",
                "color": "f83a22",
                "mrkdwn_in": [
                    "text",
                    "pretext",
                    "more"
                ]
            }
        ],
        "type": "message",
        "subtype": "bot_message",
        "ts": "1480921516.000027"
    },
    {
        "text": "",
        "bot_id": "B33Q5RRHA",
        "attachments": [
            {
                "more_showtext": "Show more",
                "more_hidetext": "Show less",
                "fallback": "Event created: Adulting Resolve Hour x2: <!date^1481686200^{date_short_pretty} from {time}|Dec 13, 2016 from 7:30 PM> to <!date^1481693400^{time}|9:30 PM GMT-0800>",
                "text": "<!date^1481686200^{date_short_pretty} from {time}|Dec 13, 2016 from 7:30 PM> to <!date^1481693400^{time}|9:30 PM GMT-0800> at <https:\/\/maps.google.com\/maps?q=Our+very+standard+house+with+a+picket+fence+and+only+2+parents+plus+children|Our very standard house with a picket fence and only 2 parents plus children>",
                "pretext": "New calendar event created",
                "title": "Adulting Resolve Hour x2",
                "more": "Need to do credit cards, insurance, determine where earthquakes hit, find a pet, fix your relationship with your parents, buy Christmas gifts, make DIY soylent, get to inbox 0, or do another task which adult humans have done before or will do in the future? This is time for you to do that thing.",
                "id": 1,
                "title_link": "https:\/\/www.google.com\/calendar\/event?eid=ZjAyNzM2YWR2MGtycnQyNTcwb3FlNjBnaTQgcGdsczd1djQwZXIwcDBjZXEzbTMyMzc2ZWtAZw",
                "color": "f83a22",
                "mrkdwn_in": [
                    "text",
                    "pretext",
                    "more"
                ]
            }
        ],
        "type": "message",
        "subtype": "bot_message",
        "ts": "1480922172.000028"
    }
]