[
    {
        "type": "message",
        "user": "U2D0C4SH5",
        "text": "Final reminder to check pre-trash. It's available to the public starting at 22:00 tonight, and tomorrow it goes to the dump.",
        "ts": "1478125822.000005",
        "reactions": [
            {
                "name": "heart",
                "users": [
                    "U2DPV62N7"
                ],
                "count": 1
            }
        ]
    },
    {
        "type": "message",
        "user": "U2DPV62N7",
        "text": "Pay Rent",
        "ts": "1478126905.000006"
    },
    {
        "type": "message",
        "user": "U2D026HHN",
        "text": "3f reminders: fridge cleaning tonight at 10. Contents of bathroom (small shower) that have not been picked up will go to trash at 10.",
        "ts": "1478144029.000007"
    },
    {
        "type": "message",
        "user": "U2D0C4SH5",
        "text": ":tropical_fish: ",
        "ts": "1478145128.000008"
    }
]