[
    {
        "text": "",
        "bot_id": "B33Q5RRHA",
        "attachments": [
            {
                "fallback": "Event created: Bayes Month: <!date^1482109200^{date_short_pretty} from {time}|Dec 18, 2016 from 5:00 PM> to <!date^1482112800^{time}|6:00 PM GMT-0800>",
                "text": "<!date^1482109200^{date_short_pretty} from {time}|Dec 18, 2016 from 5:00 PM> to <!date^1482112800^{time}|6:00 PM GMT-0800>",
                "pretext": "New calendar event created",
                "title": "Bayes Month",
                "id": 1,
                "title_link": "https:\/\/www.google.com\/calendar\/event?eid=cHRxYzBkNm40bGIydWVlbTNxZmdhbnZ0dTAgcGdsczd1djQwZXIwcDBjZXEzbTMyMzc2ZWtAZw",
                "color": "f83a22",
                "mrkdwn_in": [
                    "text",
                    "pretext"
                ]
            }
        ],
        "type": "message",
        "subtype": "bot_message",
        "ts": "1481921751.000002"
    },
    {
        "type": "message",
        "subtype": "file_share",
        "text": "<@U2D01HLT0> uploaded a file: <https:\/\/theeventhorizon.slack.com\/files\/U2D01HLT0\/F3G2N1WCU\/maybe_you_should_write_as_much_as_you_talk....jpg|Maybe you should write as much as you talk...> and commented: <!here> there is a blogathon happening at CFAR at 2pm. Some of you have been talking a lot about writing a blog post.",
        "file": {
            "id": "F3G2N1WCU",
            "created": 1481923721,
            "timestamp": 1481923721,
            "name": "Maybe you should write as much as you talk....jpg",
            "title": "Maybe you should write as much as you talk...",
            "mimetype": "image\/jpeg",
            "filetype": "jpg",
            "pretty_type": "JPEG",
            "user": "U2D01HLT0",
            "editable": false,
            "size": 412079,
            "mode": "hosted",
            "is_external": false,
            "external_type": "",
            "is_public": true,
            "public_url_shared": false,
            "display_as_bot": false,
            "username": "",
            "url_private": "https:\/\/files.slack.com\/files-pri\/T29RXEZQV-F3G2N1WCU\/maybe_you_should_write_as_much_as_you_talk....jpg?t=xoxe-77881509845-278458240181-277799076385-f7aff9668b2352bc9174110ca96b42af",
            "url_private_download": "https:\/\/files.slack.com\/files-pri\/T29RXEZQV-F3G2N1WCU\/download\/maybe_you_should_write_as_much_as_you_talk....jpg?t=xoxe-77881509845-278458240181-277799076385-f7aff9668b2352bc9174110ca96b42af",
            "thumb_64": "https:\/\/files.slack.com\/files-tmb\/T29RXEZQV-F3G2N1WCU-d3f0865e25\/maybe_you_should_write_as_much_as_you_talk..._64.jpg?t=xoxe-77881509845-278458240181-277799076385-f7aff9668b2352bc9174110ca96b42af",
            "thumb_80": "https:\/\/files.slack.com\/files-tmb\/T29RXEZQV-F3G2N1WCU-d3f0865e25\/maybe_you_should_write_as_much_as_you_talk..._80.jpg?t=xoxe-77881509845-278458240181-277799076385-f7aff9668b2352bc9174110ca96b42af",
            "thumb_360": "https:\/\/files.slack.com\/files-tmb\/T29RXEZQV-F3G2N1WCU-d3f0865e25\/maybe_you_should_write_as_much_as_you_talk..._360.jpg?t=xoxe-77881509845-278458240181-277799076385-f7aff9668b2352bc9174110ca96b42af",
            "thumb_360_w": 270,
            "thumb_360_h": 360,
            "thumb_480": "https:\/\/files.slack.com\/files-tmb\/T29RXEZQV-F3G2N1WCU-d3f0865e25\/maybe_you_should_write_as_much_as_you_talk..._480.jpg?t=xoxe-77881509845-278458240181-277799076385-f7aff9668b2352bc9174110ca96b42af",
            "thumb_480_w": 360,
            "thumb_480_h": 480,
            "thumb_160": "https:\/\/files.slack.com\/files-tmb\/T29RXEZQV-F3G2N1WCU-d3f0865e25\/maybe_you_should_write_as_much_as_you_talk..._160.jpg?t=xoxe-77881509845-278458240181-277799076385-f7aff9668b2352bc9174110ca96b42af",
            "thumb_720": "https:\/\/files.slack.com\/files-tmb\/T29RXEZQV-F3G2N1WCU-d3f0865e25\/maybe_you_should_write_as_much_as_you_talk..._720.jpg?t=xoxe-77881509845-278458240181-277799076385-f7aff9668b2352bc9174110ca96b42af",
            "thumb_720_w": 540,
            "thumb_720_h": 720,
            "thumb_960": "https:\/\/files.slack.com\/files-tmb\/T29RXEZQV-F3G2N1WCU-d3f0865e25\/maybe_you_should_write_as_much_as_you_talk..._960.jpg?t=xoxe-77881509845-278458240181-277799076385-f7aff9668b2352bc9174110ca96b42af",
            "thumb_960_w": 720,
            "thumb_960_h": 960,
            "thumb_1024": "https:\/\/files.slack.com\/files-tmb\/T29RXEZQV-F3G2N1WCU-d3f0865e25\/maybe_you_should_write_as_much_as_you_talk..._1024.jpg?t=xoxe-77881509845-278458240181-277799076385-f7aff9668b2352bc9174110ca96b42af",
            "thumb_1024_w": 768,
            "thumb_1024_h": 1024,
            "image_exif_rotation": 1,
            "original_w": 1224,
            "original_h": 1632,
            "permalink": "https:\/\/theeventhorizon.slack.com\/files\/U2D01HLT0\/F3G2N1WCU\/maybe_you_should_write_as_much_as_you_talk....jpg",
            "permalink_public": "https:\/\/slack-files.com\/T29RXEZQV-F3G2N1WCU-ad730c059c",
            "channels": [],
            "groups": [],
            "ims": [],
            "comments_count": 1,
            "initial_comment": {
                "id": "Fc3F8ZS9JL",
                "created": 1481923721,
                "timestamp": 1481923721,
                "user": "U2D01HLT0",
                "is_intro": true,
                "comment": "<!here> there is a blogathon happening at CFAR at 2pm. Some of you have been talking a lot about writing a blog post."
            }
        },
        "user": "U2D01HLT0",
        "upload": true,
        "display_as_bot": false,
        "username": "kurt",
        "bot_id": null,
        "ts": "1481923725.000003"
    },
    {
        "type": "message",
        "user": "U2D0CPE6M",
        "text": "oh that's awesome",
        "ts": "1481923843.000004"
    },
    {
        "text": "",
        "bot_id": "B33Q5RRHA",
        "attachments": [
            {
                "fallback": "Event time updated: Bayes Month: <!date^1482120000^{date_short_pretty} from {time}|Dec 18, 2016 from 8:00 PM> to <!date^1482123600^{time}|9:00 PM GMT-0800>",
                "text": "<!date^1482120000^{date_short_pretty} from {time}|Dec 18, 2016 from 8:00 PM> to <!date^1482123600^{time}|9:00 PM GMT-0800>",
                "pretext": "Calendar event time updated",
                "title": "Bayes Month",
                "id": 1,
                "title_link": "https:\/\/www.google.com\/calendar\/event?eid=cHRxYzBkNm40bGIydWVlbTNxZmdhbnZ0dTAgcGdsczd1djQwZXIwcDBjZXEzbTMyMzc2ZWtAZw",
                "color": "f83a22",
                "mrkdwn_in": [
                    "text",
                    "pretext"
                ]
            }
        ],
        "type": "message",
        "subtype": "bot_message",
        "ts": "1481932477.000005"
    },
    {
        "text": "",
        "bot_id": "B33Q5RRHA",
        "attachments": [
            {
                "fallback": "Event time updated: Bio risk presentation: <!date^1481956200^{date_short_pretty} from {time}|Dec 16, 2016 from 10:30 PM> to <!date^1481959800^{time}|11:30 PM GMT-0800>",
                "text": "<!date^1481956200^{date_short_pretty} from {time}|Dec 16, 2016 from 10:30 PM> to <!date^1481959800^{time}|11:30 PM GMT-0800> at <https:\/\/maps.google.com\/maps?q=2f+theater|2f theater>",
                "pretext": "Calendar event time updated",
                "title": "Bio risk presentation",
                "id": 1,
                "title_link": "https:\/\/www.google.com\/calendar\/event?eid=cTYwb3ZzNW42amV1M28yYXJrazdlNmxyM2MgcGdsczd1djQwZXIwcDBjZXEzbTMyMzc2ZWtAZw",
                "color": "f83a22",
                "mrkdwn_in": [
                    "text",
                    "pretext"
                ]
            }
        ],
        "type": "message",
        "subtype": "bot_message",
        "ts": "1481935861.000006"
    },
    {
        "text": "",
        "bot_id": "B33Q5RRHA",
        "attachments": [
            {
                "fallback": "Event created: Final Planet Earth: <!date^1482125400^{date_short_pretty} from {time}|Dec 18, 2016 from 9:30 PM> to <!date^1482129000^{time}|10:30 PM GMT-0800>",
                "text": "<!date^1482125400^{date_short_pretty} from {time}|Dec 18, 2016 from 9:30 PM> to <!date^1482129000^{time}|10:30 PM GMT-0800>",
                "pretext": "New calendar event created",
                "title": "Final Planet Earth",
                "id": 1,
                "title_link": "https:\/\/www.google.com\/calendar\/event?eid=M25sMmxtOXI4NDNlcTRpaTlhNHI2amIzNGMgcGdsczd1djQwZXIwcDBjZXEzbTMyMzc2ZWtAZw",
                "color": "f83a22",
                "mrkdwn_in": [
                    "text",
                    "pretext"
                ]
            }
        ],
        "type": "message",
        "subtype": "bot_message",
        "ts": "1481942592.000007"
    },
    {
        "text": null,
        "attachments": [
            {
                "fallback": "Bio risk presentation: <!date^1481956200^{date_short_pretty} from {time}|Dec 16, 2016 from 10:30 PM> to <!date^1481959800^{time}|11:30 PM GMT-0800>",
                "text": "<!date^1481956200^{date_short_pretty} from {time}|Dec 16, 2016 from 10:30 PM> to <!date^1481959800^{time}|11:30 PM GMT-0800> at <https:\/\/maps.google.com\/maps?q=2f+theater|2f theater>",
                "pretext": "Event starting in 2 hours:",
                "title": "Bio risk presentation",
                "id": 1,
                "title_link": "https:\/\/www.google.com\/calendar\/event?eid=cTYwb3ZzNW42amV1M28yYXJrazdlNmxyM2MgcGdsczd1djQwZXIwcDBjZXEzbTMyMzc2ZWtAZw",
                "color": "f83a22",
                "mrkdwn_in": [
                    "text",
                    "pretext"
                ]
            }
        ],
        "bot_id": "B33Q5RRHA",
        "type": "message",
        "subtype": "bot_message",
        "ts": "1481949000.000008"
    },
    {
        "text": "",
        "bot_id": "B33Q5RRHA",
        "attachments": [
            {
                "fallback": "Event created: Pre-trash free for all and dump: <!date^1482213600^{date_short_pretty} from {time}|Dec 19, 2016 from 10:00 PM> to <!date^1482217200^{time}|11:00 PM GMT-0800>",
                "text": "<!date^1482213600^{date_short_pretty} from {time}|Dec 19, 2016 from 10:00 PM> to <!date^1482217200^{time}|11:00 PM GMT-0800>",
                "pretext": "New calendar event created",
                "title": "Pre-trash free for all and dump",
                "id": 1,
                "title_link": "https:\/\/www.google.com\/calendar\/event?eid=dDM2dHF2dTVsN2t0cXBlYW5wcW5rMTRxZjAgcGdsczd1djQwZXIwcDBjZXEzbTMyMzc2ZWtAZw",
                "color": "f83a22",
                "mrkdwn_in": [
                    "text",
                    "pretext"
                ]
            }
        ],
        "type": "message",
        "subtype": "bot_message",
        "ts": "1481949675.000009"
    },
    {
        "text": null,
        "attachments": [
            {
                "fallback": "Quincy and Kurt are laconic as fuckkkkkkkkkk: December 17th, 2016",
                "text": "December 17th, 2016",
                "title": "Quincy and Kurt are laconic as fuckkkkkkkkkk",
                "id": 1,
                "title_link": "https:\/\/www.google.com\/calendar\/event?eid=ZzhxNmltZzJuNHM4dTk5MXY2dmhib2ljNm8gcGdsczd1djQwZXIwcDBjZXEzbTMyMzc2ZWtAZw",
                "color": "f83a22",
                "mrkdwn_in": [
                    "text",
                    "pretext"
                ]
            }
        ],
        "bot_id": "B33Q5RRHA",
        "type": "message",
        "subtype": "bot_message",
        "ts": "1481950800.000010"
    },
    {
        "text": "",
        "bot_id": "B33Q5RRHA",
        "attachments": [
            {
                "fallback": "Event created: Flash Talks: <!date^1483592400^{date_short_pretty} from {time}|Jan 4, 2017 from 9:00 PM> to <!date^1483599600^{time}|11:00 PM GMT-0800>",
                "text": "<!date^1483592400^{date_short_pretty} from {time}|Jan 4, 2017 from 9:00 PM> to <!date^1483599600^{time}|11:00 PM GMT-0800> at <https:\/\/maps.google.com\/maps?q=2f+Theater|2f Theater>",
                "pretext": "New calendar event created",
                "title": "Flash Talks",
                "id": 1,
                "title_link": "https:\/\/www.google.com\/calendar\/event?eid=cGkxNG5xbzE5M2V0ZDZiNDdpMmwzYjQzcGsgcGdsczd1djQwZXIwcDBjZXEzbTMyMzc2ZWtAZw",
                "color": "f83a22",
                "mrkdwn_in": [
                    "text",
                    "pretext"
                ]
            }
        ],
        "type": "message",
        "subtype": "bot_message",
        "ts": "1481957716.000002"
    }
]