[
    {
        "text": "",
        "bot_id": "B33Q5RRHA",
        "attachments": [
            {
                "more_showtext": "Show more",
                "more_hidetext": "Show less",
                "fallback": "Event time updated: Constitutional Convention Pg.2: <!date^1484251200^{date_short_pretty} from {time}|Jan 12, 2017 from 12:00 PM> to <!date^1484254800^{time}|1:00 PM GMT-0800>",
                "text": "<!date^1484251200^{date_short_pretty} from {time}|Jan 12, 2017 from 12:00 PM> to <!date^1484254800^{time}|1:00 PM GMT-0800> at <https:\/\/maps.google.com\/maps?q=3f+nightclub+%2B+lounge|3f nightclub + lounge>",
                "pretext": "Calendar event time updated",
                "title": "Constitutional Convention Pg.2",
                "more": "Discussing further house rules, externalities, oversight for Elizabeth + Connor, chieftain stipend, rent shortfalls",
                "id": 1,
                "title_link": "https:\/\/www.google.com\/calendar\/event?eid=a3E5Y3M2dGdvc2syZWtwaTNhaHZ2ZzJkZTQgcGdsczd1djQwZXIwcDBjZXEzbTMyMzc2ZWtAZw",
                "color": "f83a22",
                "mrkdwn_in": [
                    "text",
                    "pretext",
                    "more"
                ]
            }
        ],
        "type": "message",
        "subtype": "bot_message",
        "ts": "1482436518.000002"
    },
    {
        "type": "message",
        "user": "U2D0CPE6M",
        "text": "Channel just for the Events Horizon Bot:",
        "ts": "1482437955.000003"
    },
    {
        "type": "message",
        "user": "U2D0CPE6M",
        "text": "Yes",
        "ts": "1482437958.000004",
        "reactions": [
            {
                "name": "+1",
                "users": [
                    "U2CU0HV7D",
                    "U2D026HHN"
                ],
                "count": 2
            }
        ]
    },
    {
        "type": "message",
        "user": "U2D0CPE6M",
        "text": "No",
        "ts": "1482437959.000005"
    },
    {
        "type": "message",
        "user": "U2CU0HV7D",
        "text": "Did you change the convention to a non-weekend? Isn't that bad for many people?",
        "ts": "1482438001.000006"
    },
    {
        "type": "message",
        "user": "U2D0CPE6M",
        "text": "Looks like it.  I definitely won't be able to make it on that day.  Also, I don't think the 3f nightclub + lounge exists at noon on weekdays.",
        "ts": "1482438090.000007"
    },
    {
        "type": "message",
        "user": "U2CU0HV7D",
        "text": "<!channel>: who changed it?",
        "ts": "1482438144.000008"
    },
    {
        "text": "removed an integration from this channel: <https:\/\/theeventhorizon.slack.com\/services\/B33Q5RRHA|Events Horizon>",
        "bot_id": "B33Q5RRHA",
        "type": "message",
        "subtype": "bot_remove",
        "user": "U2D0CPE6M",
        "ts": "1482438152.000009"
    },
    {
        "type": "message",
        "user": "U2D0C4SH5",
        "text": "I did",
        "ts": "1482438197.000010"
    },
    {
        "type": "message",
        "user": "U2D0C4SH5",
        "text": "Playing with calendar",
        "ts": "1482438210.000011"
    },
    {
        "type": "message",
        "user": "U2D0C4SH5",
        "text": "Couldn't make it that weekend due to CFAR ops",
        "ts": "1482438225.000012"
    },
    {
        "type": "message",
        "user": "U2CU0HV7D",
        "text": "Can we move it to the following weekend instead?",
        "ts": "1482438277.000013"
    },
    {
        "type": "message",
        "user": "U2D0C4SH5",
        "text": "21st?",
        "ts": "1482438301.000014"
    },
    {
        "type": "message",
        "user": "U2CU0HV7D",
        "text": "Or 22nd, but yeah",
        "ts": "1482438355.000015"
    },
    {
        "type": "message",
        "user": "U2D0C4SH5",
        "text": "yep",
        "ts": "1482438363.000016"
    },
    {
        "type": "message",
        "user": "U2D0C4SH5",
        "text": "<!channel> Please remember to vote on Michael (Jacob)",
        "ts": "1482441507.000017"
    }
]