[
    {
        "type": "message",
        "user": "U2CU0HV7D",
        "text": "Esteemed Compatriots of the Event Horizon:\n\nI hereby announce the Games of Sunday, October 9, 2016! I extend a warm invitation to each and every one of you. You may enter as a contestant for any of the competitions you desire, from none to all. Featured will be the time-honored conflicts of Rock Paper Scissors, Jello-Eating, Chess, Beer Pong, Beer-Chugging, Fermi Estimation, and 24. Lavish prizes for 1st, 2nd, and 3rd places in each competition have been chosen: cakes, beers, money, books, and more will honor those blessed with victory!\n\nGames are expected to begin in the midafternoon and continue, occasionally abated, until close to midnight. A more definitive schedule will be dependent on interest in each game.\n\nMay the odds be ever well-calibrated.",
        "ts": "1475994524.000002",
        "reactions": [
            {
                "name": "crown",
                "users": [
                    "U2D0C4SH5",
                    "U2D026HHN",
                    "U2D0CPE6M"
                ],
                "count": 3
            },
            {
                "name": "zap",
                "users": [
                    "U2D0C4SH5",
                    "U2D026HHN",
                    "U2D0CPE6M"
                ],
                "count": 3
            },
            {
                "name": "birthday",
                "users": [
                    "U2D0C4SH5",
                    "U2D026HHN",
                    "U2D0CPE6M"
                ],
                "count": 3
            },
            {
                "name": "beers",
                "users": [
                    "U2D0C4SH5",
                    "U2D026HHN",
                    "U2D0CPE6M"
                ],
                "count": 3
            },
            {
                "name": "reminder_ribbon",
                "users": [
                    "U2D0C4SH5",
                    "U2D026HHN",
                    "U2D0CPE6M"
                ],
                "count": 3
            }
        ]
    },
    {
        "type": "message",
        "user": "U2CU0HV7D",
        "text": "<!channel>: if your notifications are off, see above",
        "ts": "1475995043.000003"
    }
]