[
    {
        "user": "U2GK97M1A",
        "text": "<@U2GK97M1A> has joined the channel",
        "type": "message",
        "subtype": "channel_join",
        "ts": "1474999426.000002"
    },
    {
        "type": "message",
        "user": "U2D0C4SH5",
        "text": "<!channel>: Hose Meeting in 15 Minutes",
        "ts": "1475023653.000002"
    },
    {
        "type": "message",
        "user": "U2D01HLT0",
        "text": "“hose meeting” sounds like a euphemism for tortue",
        "ts": "1475023681.000003"
    },
    {
        "type": "message",
        "user": "U2D01HLT0",
        "text": "torture*",
        "ts": "1475023685.000004"
    },
    {
        "type": "message",
        "user": "U2D0C4SH5",
        "text": "Lol",
        "ts": "1475023691.000005"
    }
]