[
    {
        "type": "message",
        "user": "U2D026HHN",
        "text": "Tomorrow brunch (11 am) will be delivered by me (and possibly some helpers) of the form crepes, bacon, eggs, and coffee! If you want something else let me know, I'm going to Berkeley bowl soon. If you participate, I'll ask for $5 on split wise later ",
        "ts": "1475348089.000002"
    },
    {
        "type": "message",
        "user": "U2D0C4SH5",
        "text": ":egg: :ice_cream: :cookie: :wine_glass: :coffee: ",
        "ts": "1475348537.000003"
    },
    {
        "type": "message",
        "user": "U2D0C4SH5",
        "text": " :heart_eyes: ",
        "ts": "1475348542.000004"
    },
    {
        "user": "U2J7GJ50Q",
        "text": "<@U2J7GJ50Q> has joined the channel",
        "type": "message",
        "subtype": "channel_join",
        "ts": "1475357685.000005"
    },
    {
        "type": "message",
        "user": "U2D01HLT0",
        "text": "<!channel>: Diego is stopping by around 7 tonight",
        "ts": "1475358338.000006"
    },
    {
        "type": "message",
        "user": "U2J7GJ50Q",
        "text": "If I'm not there, please ask him to move his papers into a new container or area than the desk in my room.",
        "edited": {
            "user": "U2J7GJ50Q",
            "ts": "1475358468.000000"
        },
        "ts": "1475358445.000007"
    },
    {
        "type": "message",
        "user": "U2CU0HV7D",
        "text": "<!channel>: I just charged everyone on splitwise for September expenses. If everyone could settle up within a week or so, that would be a great start for the new house. Future monthly expenses will likely be charged on venmo",
        "ts": "1475359159.000009"
    },
    {
        "type": "message",
        "user": "U2CU0HV7D",
        "text": "<!channel>: it was $150\/person this month, more like $180 with a few extra splitwise charges that didn't get properly bundled. Next month we expect the arrow to point back down toward $145",
        "ts": "1475359269.000010"
    },
    {
        "type": "message",
        "user": "U2D026HHN",
        "text": "Kurt, Elizabeth and I are going to fieldwork (an awesome brewery) at 830, anyone welcome to join :smile:",
        "ts": "1475365130.000011"
    },
    {
        "type": "message",
        "user": "U2D01HLT0",
        "text": ":beers::cool::whale2:",
        "ts": "1475366849.000012"
    }
]