[
    {
        "text": "There are *2* events today:",
        "attachments": [
            {
                "title": "\"Extra History\" viewing",
                "title_link": "https:\/\/www.google.com\/calendar\/event?eid=Z25pOWE2M3NmbDJsY3JsaWdpdHZsMzF2YmMgcGdsczd1djQwZXIwcDBjZXEzbTMyMzc2ZWtAZw",
                "mrkdwn_in": [
                    "text",
                    "pretext"
                ],
                "text": "<!date^1479783600^{date_short_pretty} from {time}|Nov 21, 2016 from 7:00 PM> to <!date^1479790800^{time}|9:00 PM GMT-0800> at <https:\/\/maps.google.com\/maps?q=2nd+floor|2nd floor>",
                "color": "f83a22",
                "fallback": "\"Extra History\" viewing: <!date^1479783600^{date_short_pretty} from {time}|Nov 21, 2016 from 7:00 PM> to <!date^1479790800^{time}|9:00 PM GMT-0800>",
                "start_time": {
                    "date": "2016-11-21 19:00:00.000000",
                    "timezone_type": 1,
                    "timezone": "-08:00"
                },
                "id": 1
            },
            {
                "title": "Dumping Pre-Trash",
                "title_link": "https:\/\/www.google.com\/calendar\/event?eid=cmo5bXJmdWV1OGQ4amdnZjZwZzlnOW9wbjggcGdsczd1djQwZXIwcDBjZXEzbTMyMzc2ZWtAZw",
                "mrkdwn_in": [
                    "text",
                    "pretext"
                ],
                "text": "<!date^1479794400^{date_short_pretty} from {time}|Nov 21, 2016 from 10:00 PM> to <!date^1479798000^{time}|11:00 PM GMT-0800>",
                "color": "f83a22",
                "fallback": "Dumping Pre-Trash: <!date^1479794400^{date_short_pretty} from {time}|Nov 21, 2016 from 10:00 PM> to <!date^1479798000^{time}|11:00 PM GMT-0800>",
                "start_time": {
                    "date": "2016-11-21 22:00:00.000000",
                    "timezone_type": 1,
                    "timezone": "-08:00"
                },
                "id": 2
            }
        ],
        "bot_id": "B33Q5RRHA",
        "type": "message",
        "subtype": "bot_message",
        "ts": "1479744000.000002"
    },
    {
        "type": "message",
        "user": "U2D0C4SH5",
        "text": "<!channel> \n\nPre-trash is going out tonight. Claim your stuff before 22:00. From 22:00-23:00 it is a free-for-all. After 23:00 it is going to be thrown away.\n\nCleaning Crew coming around 1:30 today\n\nVOTE! closing it at 17:00 \n\nAlyssa is putting on a history movie event at 7:30. Clean up your stuff downstairs. \n\nConnor's parents are coming? :stuck_out_tongue:",
        "ts": "1479760268.000003",
        "reactions": [
            {
                "name": "tropical_fish",
                "users": [
                    "U2D0C4SH5"
                ],
                "count": 1
            },
            {
                "name": "robot_face",
                "users": [
                    "U2D026HHN"
                ],
                "count": 1
            }
        ]
    },
    {
        "text": null,
        "attachments": [
            {
                "more_showtext": "Show more",
                "more_hidetext": "Show less",
                "fallback": "\"Extra History\" viewing: <!date^1479783600^{date_short_pretty} from {time}|Nov 21, 2016 from 7:00 PM> to <!date^1479790800^{time}|9:00 PM GMT-0800>",
                "text": "<!date^1479783600^{date_short_pretty} from {time}|Nov 21, 2016 from 7:00 PM> to <!date^1479790800^{time}|9:00 PM GMT-0800> at <https:\/\/maps.google.com\/maps?q=2nd+floor|2nd floor>",
                "pretext": "Event starting in 1 hour:",
                "title": "\"Extra History\" viewing",
                "more": "Come watch Extra History, a great series of \"animated documentaries\" about parts of history often glossed over in school. Each episode is on the Internet as a series of short YouTube clips, but to save time, I've downloaded and \"stitched together\" the clips into continuous movies. To start off, we'll have three episodes, each about half an hour long:\n\n- The South Sea Bubble\n- The First Opium War\n- The July Crisis\n\nEvent will start at 7 PM, and we'll start playing the first episode at ~7:20.",
                "id": 1,
                "title_link": "https:\/\/www.google.com\/calendar\/event?eid=Z25pOWE2M3NmbDJsY3JsaWdpdHZsMzF2YmMgcGdsczd1djQwZXIwcDBjZXEzbTMyMzc2ZWtAZw",
                "color": "f83a22",
                "mrkdwn_in": [
                    "text",
                    "pretext",
                    "more"
                ]
            }
        ],
        "bot_id": "B33Q5RRHA",
        "type": "message",
        "subtype": "bot_message",
        "ts": "1479780000.000004"
    },
    {
        "type": "message",
        "user": "U2CU0HV7D",
        "text": "Venison dinner from my parents at 10:30 for anyone from EH who wants to join",
        "ts": "1479789701.000005"
    },
    {
        "text": null,
        "attachments": [
            {
                "fallback": "Dumping Pre-Trash: <!date^1479794400^{date_short_pretty} from {time}|Nov 21, 2016 from 10:00 PM> to <!date^1479798000^{time}|11:00 PM GMT-0800>",
                "text": "<!date^1479794400^{date_short_pretty} from {time}|Nov 21, 2016 from 10:00 PM> to <!date^1479798000^{time}|11:00 PM GMT-0800>",
                "pretext": "Event starting in 1 hour:",
                "title": "Dumping Pre-Trash",
                "id": 1,
                "title_link": "https:\/\/www.google.com\/calendar\/event?eid=cmo5bXJmdWV1OGQ4amdnZjZwZzlnOW9wbjggcGdsczd1djQwZXIwcDBjZXEzbTMyMzc2ZWtAZw",
                "color": "f83a22",
                "mrkdwn_in": [
                    "text",
                    "pretext"
                ]
            }
        ],
        "bot_id": "B33Q5RRHA",
        "type": "message",
        "subtype": "bot_message",
        "ts": "1479790800.000006"
    }
]