[
    {
        "text": null,
        "attachments": [
            {
                "more_showtext": "Show more",
                "more_hidetext": "Show less",
                "fallback": "Plotting: <!date^1480982400^{date_short_pretty} from {time}|Dec 5, 2016 from 4:00 PM> to <!date^1481002200^{time}|9:30 PM GMT-0800>",
                "text": "<!date^1480982400^{date_short_pretty} from {time}|Dec 5, 2016 from 4:00 PM> to <!date^1481002200^{time}|9:30 PM GMT-0800> at <https:\/\/maps.google.com\/maps?q=2f+theatre+%2F+balcony|2f theatre \/ balcony>",
                "pretext": "Event starting in 2 hours:",
                "title": "Plotting",
                "more": "You may join and leave this event as you wish, but this time is designated to do deep thinking on important topics with minimal interruption.\n\nPlotting may occur solitarily or in small groups. Connor will hold small plots before 6:30 with an emphasis on hypothesis generation and backchaining. These may include personal debugging, Trump consideration, brain algorithm advancement plots, world-manipulation plots, etc. Plotting groups may form and splinter organically, but groups should go inside to preserve quietude on the balcony.",
                "id": 1,
                "title_link": "https:\/\/www.google.com\/calendar\/event?eid=MGRjY285Y2tjbmVvZDY2dGw0ZmJlMzcxZHMgcGdsczd1djQwZXIwcDBjZXEzbTMyMzc2ZWtAZw",
                "color": "f83a22",
                "mrkdwn_in": [
                    "text",
                    "pretext",
                    "more"
                ]
            }
        ],
        "bot_id": "B33Q5RRHA",
        "type": "message",
        "subtype": "bot_message",
        "ts": "1480975200.000002"
    },
    {
        "text": "",
        "bot_id": "B33Q5RRHA",
        "attachments": [
            {
                "more_showtext": "Show more",
                "more_hidetext": "Show less",
                "fallback": "Event time updated: Adulting Resolve Hour x2: <!date^1481772600^{date_short_pretty} from {time}|Dec 14, 2016 from 7:30 PM> to <!date^1481779800^{time}|9:30 PM GMT-0800>",
                "text": "<!date^1481772600^{date_short_pretty} from {time}|Dec 14, 2016 from 7:30 PM> to <!date^1481779800^{time}|9:30 PM GMT-0800> at <https:\/\/maps.google.com\/maps?q=Our+very+standard+house+with+a+picket+fence+and+only+2+parents+plus+children|Our very standard house with a picket fence and only 2 parents plus children>",
                "pretext": "Calendar event time updated",
                "title": "Adulting Resolve Hour x2",
                "more": "Need to do credit cards, insurance, determine where earthquakes hit, find a pet, fix your relationship with your parents, buy Christmas gifts, make DIY soylent, get to inbox 0, or do another task which adult humans have done before or will do in the future? This is time for you to do that thing.",
                "id": 1,
                "title_link": "https:\/\/www.google.com\/calendar\/event?eid=ZjAyNzM2YWR2MGtycnQyNTcwb3FlNjBnaTQgcGdsczd1djQwZXIwcDBjZXEzbTMyMzc2ZWtAZw",
                "color": "f83a22",
                "mrkdwn_in": [
                    "text",
                    "pretext",
                    "more"
                ]
            }
        ],
        "type": "message",
        "subtype": "bot_message",
        "ts": "1480989193.000003"
    },
    {
        "text": "",
        "bot_id": "B33Q5RRHA",
        "attachments": [
            {
                "more_showtext": "Show more",
                "more_hidetext": "Show less",
                "fallback": "Event time updated: Betting Hour: <!date^1481781600^{date_short_pretty} from {time}|Dec 14, 2016 from 10:00 PM> to <!date^1481785200^{time}|11:00 PM GMT-0800>",
                "text": "<!date^1481781600^{date_short_pretty} from {time}|Dec 14, 2016 from 10:00 PM> to <!date^1481785200^{time}|11:00 PM GMT-0800> at <https:\/\/maps.google.com\/maps?q=3f+Nightclub+%2B+Lounge|3f Nightclub + Lounge>",
                "pretext": "Calendar event time updated",
                "title": "Betting Hour",
                "more": "Connor and Kurt make cents-size bets on things to practice Kelly betting.",
                "id": 1,
                "title_link": "https:\/\/www.google.com\/calendar\/event?eid=aHIxOHVuM2plMTNtbG10bWExOGMzYTdiamsgcGdsczd1djQwZXIwcDBjZXEzbTMyMzc2ZWtAZw",
                "color": "f83a22",
                "mrkdwn_in": [
                    "text",
                    "pretext",
                    "more"
                ]
            }
        ],
        "type": "message",
        "subtype": "bot_message",
        "ts": "1480989193.000004"
    },
    {
        "text": "",
        "bot_id": "B33Q5RRHA",
        "attachments": [
            {
                "fallback": "Event created: Solstice: <!date^1482030000^{date_short_pretty} from {time}|Dec 17, 2016 from 7:00 PM> to <!date^1482033600^{time}|8:00 PM GMT-0800>",
                "text": "<!date^1482030000^{date_short_pretty} from {time}|Dec 17, 2016 from 7:00 PM> to <!date^1482033600^{time}|8:00 PM GMT-0800>",
                "pretext": "New calendar event created",
                "title": "Solstice",
                "id": 1,
                "title_link": "https:\/\/www.google.com\/calendar\/event?eid=cmZycW41dXQ5MW4xbnB2dDRmZHRlbzgwZmMgcGdsczd1djQwZXIwcDBjZXEzbTMyMzc2ZWtAZw",
                "color": "f83a22",
                "mrkdwn_in": [
                    "text",
                    "pretext"
                ]
            }
        ],
        "type": "message",
        "subtype": "bot_message",
        "ts": "1480989193.000005"
    },
    {
        "text": null,
        "attachments": [
            {
                "more_showtext": "Show more",
                "more_hidetext": "Show less",
                "fallback": "Journal Club: <!date^1481004000^{date_short_pretty} from {time}|Dec 5, 2016 from 10:00 PM> to <!date^1481007600^{time}|11:00 PM GMT-0800>",
                "text": "<!date^1481004000^{date_short_pretty} from {time}|Dec 5, 2016 from 10:00 PM> to <!date^1481007600^{time}|11:00 PM GMT-0800>",
                "pretext": "Event starting in 2 hours:",
                "title": "Journal Club",
                "more": "Aysja leads us in discussion of Debiasing Through Mindfulness, a paper on the ability to combat the sunk-cost bias via mindfulness\/meditation\/being present.",
                "id": 1,
                "title_link": "https:\/\/www.google.com\/calendar\/event?eid=ZWlvaWs1NWE2cXFpZDZ0ZmdvdnN1aWlrODggcGdsczd1djQwZXIwcDBjZXEzbTMyMzc2ZWtAZw",
                "color": "f83a22",
                "mrkdwn_in": [
                    "text",
                    "pretext",
                    "more"
                ]
            }
        ],
        "bot_id": "B33Q5RRHA",
        "type": "message",
        "subtype": "bot_message",
        "ts": "1480996800.000008"
    },
    {
        "text": null,
        "attachments": [
            {
                "more_showtext": "Show more",
                "more_hidetext": "Show less",
                "fallback": "Stoicism Reading Club (\/src): <!date^1481007600^{date_short_pretty} from {time}|Dec 5, 2016 from 11:00 PM> to <!date^1481011200^{time}|12:00 AM GMT-0800>",
                "text": "<!date^1481007600^{date_short_pretty} from {time}|Dec 5, 2016 from 11:00 PM> to <!date^1481011200^{time}|12:00 AM GMT-0800> at <https:\/\/maps.google.com\/maps?q=Your+own+internal+experience|Your own internal experience>",
                "pretext": "Event starting in 2 hours:",
                "title": "Stoicism Reading Club (\/src)",
                "more": "Probably reading excerpts from Meditations or Enchiridion, + discussion; flexible",
                "id": 1,
                "title_link": "https:\/\/www.google.com\/calendar\/event?eid=Mm9xb3BsaGhjam5tMGk4a3E4dWNodWxmZmMgcGdsczd1djQwZXIwcDBjZXEzbTMyMzc2ZWtAZw",
                "color": "f83a22",
                "mrkdwn_in": [
                    "text",
                    "pretext",
                    "more"
                ]
            }
        ],
        "bot_id": "B33Q5RRHA",
        "type": "message",
        "subtype": "bot_message",
        "ts": "1481000400.000009"
    },
    {
        "text": "",
        "bot_id": "B33Q5RRHA",
        "attachments": [
            {
                "more_showtext": "Show more",
                "more_hidetext": "Show less",
                "fallback": "Event time updated: Stoicism Reading Club (\/src): <!date^1481342400^{date_short_pretty} from {time}|Dec 9, 2016 from 8:00 PM> to <!date^1481346000^{time}|9:00 PM GMT-0800>",
                "text": "<!date^1481342400^{date_short_pretty} from {time}|Dec 9, 2016 from 8:00 PM> to <!date^1481346000^{time}|9:00 PM GMT-0800> at <https:\/\/maps.google.com\/maps?q=Your+own+internal+experience|Your own internal experience>",
                "pretext": "Calendar event time updated",
                "title": "Stoicism Reading Club (\/src)",
                "more": "Probably reading excerpts from Meditations or Enchiridion, + discussion; flexible",
                "id": 1,
                "title_link": "https:\/\/www.google.com\/calendar\/event?eid=Mm9xb3BsaGhjam5tMGk4a3E4dWNodWxmZmMgcGdsczd1djQwZXIwcDBjZXEzbTMyMzc2ZWtAZw",
                "color": "f83a22",
                "mrkdwn_in": [
                    "text",
                    "pretext",
                    "more"
                ]
            }
        ],
        "type": "message",
        "subtype": "bot_message",
        "ts": "1481007915.000010"
    }
]