[
    {
        "type": "message",
        "user": "U2D0C4SH5",
        "text": "Have messaged Owain",
        "ts": "1481222022.000002"
    },
    {
        "type": "message",
        "user": "U2D0CPE6M",
        "text": "context: <https:\/\/groups.google.com\/forum\/#!topic\/cfar-alumni\/dJY_t9BSfOA>\n\"I'm a researcher at the Future of Humanity Institute at Oxford working on AI Safety and Machine Learning. I'm looking for a room in Berkeley or Oakland for January and February. I'd also a consider a room that's available only part of that time (e.g. just for January). \n\nI'm clean, quiet, and friendly. I'll mostly be out during the day and won't cook. I'd like a room that's really quiet during sleeping hours (and without cats -- I'm allergic). \n\nfacebook: <http:\/\/www.facebook.com\/owain.evans.7545|www.facebook.com\/owain.evans.7545>\"",
        "ts": "1481223249.000003"
    },
    {
        "text": "",
        "bot_id": "B33Q5RRHA",
        "attachments": [
            {
                "more_showtext": "Show more",
                "more_hidetext": "Show less",
                "fallback": "Event created: \"Extra History\" viewing: <!date^1481252400^{date_short_pretty} from {time}|Dec 8, 2016 from 7:00 PM> to <!date^1481263200^{time}|10:00 PM GMT-0800>",
                "text": "<!date^1481252400^{date_short_pretty} from {time}|Dec 8, 2016 from 7:00 PM> to <!date^1481263200^{time}|10:00 PM GMT-0800> at <https:\/\/maps.google.com\/maps?q=2nd+floor|2nd floor>",
                "pretext": "New calendar event created",
                "title": "\"Extra History\" viewing",
                "more": "Come watch Extra History, a great series of \"animated documentaries\" about parts of history often glossed over in school. Each episode is on the Internet as a series of short YouTube clips, but to save time, I've downloaded and \"stitched together\" the clips into continuous movies. To start off, we'll have three episodes, each about half an hour long:\n\n- The South Sea Bubble\n- The First Opium War\n- The July Crisis\n\nEvent will start at 7 PM, and we'll start playing the first episode at ~7:20.",
                "id": 1,
                "title_link": "https:\/\/www.google.com\/calendar\/event?eid=XzhrcDQ2aGhvODhyazZiYTI4NTMzY2I5azhkMmo2YmEyNzBxajhiOW84Y3BqNGdobzg1MWs2Y3ExNjggcGdsczd1djQwZXIwcDBjZXEzbTMyMzc2ZWtAZw",
                "color": "f83a22",
                "mrkdwn_in": [
                    "text",
                    "pretext",
                    "more"
                ]
            }
        ],
        "type": "message",
        "subtype": "bot_message",
        "ts": "1481247503.000004"
    },
    {
        "type": "message",
        "user": "U2D01HLT0",
        "text": "I'm putting a few chargers and headphones in the pretrash, be sure to check there",
        "ts": "1481263577.000002"
    },
    {
        "type": "message",
        "user": "U2D01HLT0",
        "text": "Not that it's going to be taken out soon",
        "ts": "1481263602.000003"
    }
]