[
    {
        "type": "message",
        "user": "U2D0C4SH5",
        "text": "Pretrash going out in less than 12 hours. Starting tomorrow morning, you can take stuff from it not originally yours",
        "ts": "1476256692.000002"
    },
    {
        "type": "message",
        "user": "U2D0C4SH5",
        "text": "<!channel>: ",
        "ts": "1476256703.000003"
    },
    {
        "type": "message",
        "user": "U2D0CPE6M",
        "text": "Oops.  Sorry Elizabeth",
        "ts": "1476305678.000002"
    }
]