[
    {
        "text": null,
        "attachments": [
            {
                "fallback": "Biorisk presentation: <!date^1480474800^{date_short_pretty} from {time}|Nov 29, 2016 from 7:00 PM> to <!date^1480480200^{time}|8:30 PM GMT-0800>",
                "text": "<!date^1480474800^{date_short_pretty} from {time}|Nov 29, 2016 from 7:00 PM> to <!date^1480480200^{time}|8:30 PM GMT-0800>",
                "pretext": "Event starting in 2 hours:",
                "title": "Biorisk presentation",
                "id": 1,
                "title_link": "https:\/\/www.google.com\/calendar\/event?eid=bGtpczgwMXJrYTQzazNmM2h1aWVwbTU1YWsgcGdsczd1djQwZXIwcDBjZXEzbTMyMzc2ZWtAZw",
                "color": "f83a22",
                "mrkdwn_in": [
                    "text",
                    "pretext"
                ]
            }
        ],
        "bot_id": "B33Q5RRHA",
        "type": "message",
        "subtype": "bot_message",
        "ts": "1480467600.000002"
    },
    {
        "type": "message",
        "user": "U2D08CYRK",
        "text": "Anybody else?\n\n<https:\/\/theeventhorizon.slack.com\/archives\/announcements\/p1480380159000003>",
        "attachments": [
            {
                "from_url": "https:\/\/theeventhorizon.slack.com\/archives\/announcements\/p1480380159000003",
                "fallback": "[November 28th, 2016 4:42 PM] esrogs: Be a CFAR Instructor Training beta tester!\n\nLauren Lee is looking for 6-12 people to try out a class either this Thursday evening or Saturday afternoon, and she wants to know if any EH’ers are interested.\n\nShe’s especially interested in people who *won’t* be at the upcoming instructor training workshop (but if you are going to that you’re still invited).\n\nPlease reply here if you’re interested, and say whether you can make Thursday evening or Saturday afternoon (or both). :slightly_smiling_face:",
                "ts": "1480380159.000003",
                "author_subname": "esrogs",
                "channel_id": "C2ES6HA8K",
                "channel_name": "announcements",
                "is_msg_unfurl": true,
                "text": "Be a CFAR Instructor Training beta tester!\n\nLauren Lee is looking for 6-12 people to try out a class either this Thursday evening or Saturday afternoon, and she wants to know if any EH’ers are interested.\n\nShe’s especially interested in people who *won’t* be at the upcoming instructor training workshop (but if you are going to that you’re still invited).\n\nPlease reply here if you’re interested, and say whether you can make Thursday evening or Saturday afternoon (or both). :slightly_smiling_face:",
                "author_name": "Eric Rogstad",
                "author_link": "https:\/\/theeventhorizon.slack.com\/team\/esrogs",
                "author_icon": "https:\/\/secure.gravatar.com\/avatar\/66b77f5bc499fb9bec78d9657a6753e8.jpg?s=48&d=https%3A%2F%2Fa.slack-edge.com%2F66f9%2Fimg%2Favatars%2Fava_0013-48.png",
                "mrkdwn_in": [
                    "text"
                ],
                "id": 1,
                "footer": "Posted in #announcements"
            }
        ],
        "ts": "1480471856.000003"
    }
]