[
    {
        "type": "message",
        "user": "U2D01HLT0",
        "text": "<!channel> I’m taking a vow of silence for all of saturday and sunday. Talk to you later.",
        "ts": "1478925273.000002",
        "reactions": [
            {
                "name": "+1",
                "users": [
                    "U2D0CPE6M"
                ],
                "count": 1
            }
        ]
    },
    {
        "type": "message",
        "user": "U2J7GJ50Q",
        "text": "<@U2D0CPE6M> why are people taking vows of silence?",
        "ts": "1478927268.000003"
    },
    {
        "type": "message",
        "user": "U2D01HLT0",
        "text": "I’m doing it to cultivate skill in not-saying-things",
        "ts": "1478927362.000004",
        "reactions": [
            {
                "name": "+1",
                "users": [
                    "U2CU0HV7D",
                    "U2D0CPE6M",
                    "U2D026HHN"
                ],
                "count": 3
            }
        ]
    },
    {
        "type": "message",
        "user": "U2D0CPE6M",
        "text": "I'm doing Sunday",
        "ts": "1478929930.000005"
    }
]