[
    {
        "user": "U2D0C4SH5",
        "text": "<@U2D0C4SH5> has joined the channel",
        "type": "message",
        "subtype": "channel_join",
        "ts": "1474575950.000002"
    },
    {
        "user": "U2D0C4SH5",
        "purpose": "A place for public announcements",
        "text": "<@U2D0C4SH5> set the channel purpose: A place for public announcements",
        "type": "message",
        "subtype": "channel_purpose",
        "ts": "1474575951.000003"
    },
    {
        "user": "U2CU0JCGK",
        "inviter": "U2D0C4SH5",
        "text": "<@U2CU0JCGK> has joined the channel",
        "type": "message",
        "subtype": "channel_join",
        "ts": "1474575951.000004"
    },
    {
        "user": "U2DD9D8RW",
        "inviter": "U2D0C4SH5",
        "text": "<@U2DD9D8RW> has joined the channel",
        "type": "message",
        "subtype": "channel_join",
        "ts": "1474575951.000005"
    },
    {
        "user": "U2D026HHN",
        "inviter": "U2D0C4SH5",
        "text": "<@U2D026HHN> has joined the channel",
        "type": "message",
        "subtype": "channel_join",
        "ts": "1474575951.000006"
    },
    {
        "user": "U2D01HAA2",
        "inviter": "U2D0C4SH5",
        "text": "<@U2D01HAA2> has joined the channel",
        "type": "message",
        "subtype": "channel_join",
        "ts": "1474575951.000007"
    },
    {
        "user": "U2D0CPE6M",
        "inviter": "U2D0C4SH5",
        "text": "<@U2D0CPE6M> has joined the channel",
        "type": "message",
        "subtype": "channel_join",
        "ts": "1474575951.000008"
    },
    {
        "user": "U2DPV62N7",
        "inviter": "U2D0C4SH5",
        "text": "<@U2DPV62N7> has joined the channel",
        "type": "message",
        "subtype": "channel_join",
        "ts": "1474575951.000009"
    },
    {
        "user": "U29QA5RU3",
        "inviter": "U2D0C4SH5",
        "text": "<@U29QA5RU3> has joined the channel",
        "type": "message",
        "subtype": "channel_join",
        "ts": "1474575951.000010"
    },
    {
        "user": "U2CU0HV7D",
        "inviter": "U2D0C4SH5",
        "text": "<@U2CU0HV7D> has joined the channel",
        "type": "message",
        "subtype": "channel_join",
        "ts": "1474575951.000011"
    },
    {
        "user": "U2D08CYRK",
        "inviter": "U2D0C4SH5",
        "text": "<@U2D08CYRK> has joined the channel",
        "type": "message",
        "subtype": "channel_join",
        "ts": "1474575951.000012"
    },
    {
        "user": "U2D01HLT0",
        "inviter": "U2D0C4SH5",
        "text": "<@U2D01HLT0> has joined the channel",
        "type": "message",
        "subtype": "channel_join",
        "ts": "1474575951.000013"
    },
    {
        "user": "U2CU0JFFD",
        "inviter": "U2D0C4SH5",
        "text": "<@U2CU0JFFD> has joined the channel",
        "type": "message",
        "subtype": "channel_join",
        "ts": "1474575951.000014"
    },
    {
        "user": "U2D0K9866",
        "inviter": "U2D0C4SH5",
        "text": "<@U2D0K9866> has joined the channel",
        "type": "message",
        "subtype": "channel_join",
        "ts": "1474575951.000015"
    },
    {
        "type": "message",
        "user": "U2D0C4SH5",
        "text": "Check out new kitchen dictates posted above the sink.",
        "ts": "1474576027.000016"
    }
]