[
    {
        "type": "message",
        "user": "U2D0C4SH5",
        "text": "The furniture graveyard will be taken away by the gardeners",
        "ts": "1475252660.000002"
    },
    {
        "type": "message",
        "user": "U2D08CYRK",
        "text": "When?",
        "ts": "1475260974.000003"
    },
    {
        "type": "message",
        "user": "U2D0C4SH5",
        "text": "Unclear",
        "ts": "1475260989.000004"
    },
    {
        "type": "message",
        "user": "U2D08CYRK",
        "text": "Hey everyone, please send me October rent within the next week. (I will be giving Christina the check for October rent tomorrow.)",
        "ts": "1475268467.000005"
    }
]