[
    {
        "type": "message",
        "user": "U2CU0HV7D",
        "text": "Stoicism reading club starting Monday <@U2D01HLT0> ",
        "ts": "1480759611.000002"
    },
    {
        "type": "message",
        "user": "U2CU0HV7D",
        "text": "Shirtless juggling hour is now 1:24-2:24 <@U2D08CYRK> ",
        "ts": "1480760678.000003",
        "reactions": [
            {
                "name": "tada",
                "users": [
                    "U2D08CYRK"
                ],
                "count": 1
            }
        ]
    },
    {
        "type": "message",
        "user": "U2CU0HV7D",
        "text": "Kurt and I are starting a monthish-term betting club with total bankroll of $2.00. Enter at your own risk",
        "ts": "1480762390.000004"
    }
]