[
    {
        "text": null,
        "attachments": [
            {
                "fallback": "Agency Hour: <!date^1482008400^{date_short_pretty} from {time}|Dec 17, 2016 from 1:00 PM> to <!date^1482012000^{time}|2:00 PM GMT-0800>",
                "text": "<!date^1482008400^{date_short_pretty} from {time}|Dec 17, 2016 from 1:00 PM> to <!date^1482012000^{time}|2:00 PM GMT-0800>",
                "pretext": "Event starting in 2 hours:",
                "title": "Agency Hour",
                "id": 1,
                "title_link": "https:\/\/www.google.com\/calendar\/event?eid=bnRtcGJqNTlyMmR0YzluanBkcW5lMWgyZHMgcGdsczd1djQwZXIwcDBjZXEzbTMyMzc2ZWtAZw",
                "color": "f83a22",
                "mrkdwn_in": [
                    "text",
                    "pretext"
                ]
            }
        ],
        "bot_id": "B33Q5RRHA",
        "type": "message",
        "subtype": "bot_message",
        "ts": "1482001200.000002"
    },
    {
        "text": null,
        "attachments": [
            {
                "fallback": "Journal Club: <!date^1482015600^{date_short_pretty} from {time}|Dec 17, 2016 from 3:00 PM> to <!date^1482019200^{time}|4:00 PM GMT-0800>",
                "text": "<!date^1482015600^{date_short_pretty} from {time}|Dec 17, 2016 from 3:00 PM> to <!date^1482019200^{time}|4:00 PM GMT-0800>",
                "pretext": "Event starting in 2 hours:",
                "title": "Journal Club",
                "id": 1,
                "title_link": "https:\/\/www.google.com\/calendar\/event?eid=dXJpa2ZoMmJ1NDN1bW85c2k5MmIzM2pnbTggcGdsczd1djQwZXIwcDBjZXEzbTMyMzc2ZWtAZw",
                "color": "f83a22",
                "mrkdwn_in": [
                    "text",
                    "pretext"
                ]
            }
        ],
        "bot_id": "B33Q5RRHA",
        "type": "message",
        "subtype": "bot_message",
        "ts": "1482008400.000003"
    },
    {
        "text": "",
        "bot_id": "B33Q5RRHA",
        "attachments": [
            {
                "fallback": "Event time updated: Journal Club: <!date^1482022800^{date_short_pretty} from {time}|Dec 17, 2016 from 5:00 PM> to <!date^1482026400^{time}|6:00 PM GMT-0800>",
                "text": "<!date^1482022800^{date_short_pretty} from {time}|Dec 17, 2016 from 5:00 PM> to <!date^1482026400^{time}|6:00 PM GMT-0800>",
                "pretext": "Calendar event time updated",
                "title": "Journal Club",
                "id": 1,
                "title_link": "https:\/\/www.google.com\/calendar\/event?eid=dXJpa2ZoMmJ1NDN1bW85c2k5MmIzM2pnbTggcGdsczd1djQwZXIwcDBjZXEzbTMyMzc2ZWtAZw",
                "color": "f83a22",
                "mrkdwn_in": [
                    "text",
                    "pretext"
                ]
            }
        ],
        "type": "message",
        "subtype": "bot_message",
        "ts": "1482010750.000004"
    },
    {
        "text": null,
        "attachments": [
            {
                "fallback": "Journal Club: <!date^1482022800^{date_short_pretty} from {time}|Dec 17, 2016 from 5:00 PM> to <!date^1482026400^{time}|6:00 PM GMT-0800>",
                "text": "<!date^1482022800^{date_short_pretty} from {time}|Dec 17, 2016 from 5:00 PM> to <!date^1482026400^{time}|6:00 PM GMT-0800>",
                "pretext": "Event starting in 2 hours:",
                "title": "Journal Club",
                "id": 1,
                "title_link": "https:\/\/www.google.com\/calendar\/event?eid=dXJpa2ZoMmJ1NDN1bW85c2k5MmIzM2pnbTggcGdsczd1djQwZXIwcDBjZXEzbTMyMzc2ZWtAZw",
                "color": "f83a22",
                "mrkdwn_in": [
                    "text",
                    "pretext"
                ]
            }
        ],
        "bot_id": "B33Q5RRHA",
        "type": "message",
        "subtype": "bot_message",
        "ts": "1482015600.000005"
    },
    {
        "text": null,
        "attachments": [
            {
                "fallback": "Solstice: <!date^1482030000^{date_short_pretty} from {time}|Dec 17, 2016 from 7:00 PM> to <!date^1482033600^{time}|8:00 PM GMT-0800>",
                "text": "<!date^1482030000^{date_short_pretty} from {time}|Dec 17, 2016 from 7:00 PM> to <!date^1482033600^{time}|8:00 PM GMT-0800>",
                "pretext": "Event starting in 2 hours:",
                "title": "Solstice",
                "id": 1,
                "title_link": "https:\/\/www.google.com\/calendar\/event?eid=cmZycW41dXQ5MW4xbnB2dDRmZHRlbzgwZmMgcGdsczd1djQwZXIwcDBjZXEzbTMyMzc2ZWtAZw",
                "color": "f83a22",
                "mrkdwn_in": [
                    "text",
                    "pretext"
                ]
            }
        ],
        "bot_id": "B33Q5RRHA",
        "type": "message",
        "subtype": "bot_message",
        "ts": "1482022800.000002"
    }
]