[
    {
        "text": "",
        "bot_id": "B33Q5RRHA",
        "attachments": [
            {
                "fallback": "Event created: Blogging club: <!date^1482206400^{date_short_pretty} from {time}|Dec 19, 2016 from 8:00 PM> to <!date^1482211800^{time}|9:30 PM GMT-0800>",
                "text": "<!date^1482206400^{date_short_pretty} from {time}|Dec 19, 2016 from 8:00 PM> to <!date^1482211800^{time}|9:30 PM GMT-0800>",
                "pretext": "New calendar event created",
                "title": "Blogging club",
                "id": 1,
                "title_link": "https:\/\/www.google.com\/calendar\/event?eid=Nm9yMzhwaGs2cGhtMmI5aGNsaDM4YjlrNjhzMzJiYjE3MG9qYWJiNDc0cDM2ZDM1Y2NxajhjYjE2cyBwZ2xzN3V2NDBlcjBwMGNlcTNtMzIzNzZla0Bn",
                "color": "f83a22",
                "mrkdwn_in": [
                    "text",
                    "pretext"
                ]
            }
        ],
        "type": "message",
        "subtype": "bot_message",
        "ts": "1482053353.000003"
    },
    {
        "text": "There are *4* events this week:",
        "attachments": [
            {
                "title": "Bayes Month",
                "title_link": "https:\/\/www.google.com\/calendar\/event?eid=cHRxYzBkNm40bGIydWVlbTNxZmdhbnZ0dTAgcGdsczd1djQwZXIwcDBjZXEzbTMyMzc2ZWtAZw",
                "mrkdwn_in": [
                    "text",
                    "pretext"
                ],
                "text": "<!date^1482120000^{date_short_pretty} from {time}|Dec 18, 2016 from 8:00 PM> to <!date^1482123600^{time}|9:00 PM GMT-0800>",
                "color": "f83a22",
                "fallback": "Bayes Month: <!date^1482120000^{date_short_pretty} from {time}|Dec 18, 2016 from 8:00 PM> to <!date^1482123600^{time}|9:00 PM GMT-0800>",
                "start_time": {
                    "date": "2016-12-18 20:00:00.000000",
                    "timezone_type": 1,
                    "timezone": "-08:00"
                },
                "id": 1
            },
            {
                "title": "Final Planet Earth",
                "title_link": "https:\/\/www.google.com\/calendar\/event?eid=M25sMmxtOXI4NDNlcTRpaTlhNHI2amIzNGMgcGdsczd1djQwZXIwcDBjZXEzbTMyMzc2ZWtAZw",
                "mrkdwn_in": [
                    "text",
                    "pretext"
                ],
                "text": "<!date^1482125400^{date_short_pretty} from {time}|Dec 18, 2016 from 9:30 PM> to <!date^1482129000^{time}|10:30 PM GMT-0800>",
                "color": "f83a22",
                "fallback": "Final Planet Earth: <!date^1482125400^{date_short_pretty} from {time}|Dec 18, 2016 from 9:30 PM> to <!date^1482129000^{time}|10:30 PM GMT-0800>",
                "start_time": {
                    "date": "2016-12-18 21:30:00.000000",
                    "timezone_type": 1,
                    "timezone": "-08:00"
                },
                "id": 2
            },
            {
                "title": "Blogging club",
                "title_link": "https:\/\/www.google.com\/calendar\/event?eid=Nm9yMzhwaGs2cGhtMmI5aGNsaDM4YjlrNjhzMzJiYjE3MG9qYWJiNDc0cDM2ZDM1Y2NxajhjYjE2cyBwZ2xzN3V2NDBlcjBwMGNlcTNtMzIzNzZla0Bn",
                "mrkdwn_in": [
                    "text",
                    "pretext"
                ],
                "text": "<!date^1482206400^{date_short_pretty} from {time}|Dec 19, 2016 from 8:00 PM> to <!date^1482211800^{time}|9:30 PM GMT-0800>",
                "color": "f83a22",
                "fallback": "Blogging club: <!date^1482206400^{date_short_pretty} from {time}|Dec 19, 2016 from 8:00 PM> to <!date^1482211800^{time}|9:30 PM GMT-0800>",
                "start_time": {
                    "date": "2016-12-19 20:00:00.000000",
                    "timezone_type": 1,
                    "timezone": "-08:00"
                },
                "id": 3
            },
            {
                "title": "Pre-trash free for all and dump",
                "title_link": "https:\/\/www.google.com\/calendar\/event?eid=dDM2dHF2dTVsN2t0cXBlYW5wcW5rMTRxZjAgcGdsczd1djQwZXIwcDBjZXEzbTMyMzc2ZWtAZw",
                "mrkdwn_in": [
                    "text",
                    "pretext"
                ],
                "text": "<!date^1482213600^{date_short_pretty} from {time}|Dec 19, 2016 from 10:00 PM> to <!date^1482217200^{time}|11:00 PM GMT-0800>",
                "color": "f83a22",
                "fallback": "Pre-trash free for all and dump: <!date^1482213600^{date_short_pretty} from {time}|Dec 19, 2016 from 10:00 PM> to <!date^1482217200^{time}|11:00 PM GMT-0800>",
                "start_time": {
                    "date": "2016-12-19 22:00:00.000000",
                    "timezone_type": 1,
                    "timezone": "-08:00"
                },
                "id": 4
            }
        ],
        "bot_id": "B33Q5RRHA",
        "type": "message",
        "subtype": "bot_message",
        "ts": "1482080400.200342"
    },
    {
        "text": "",
        "bot_id": "B33Q5RRHA",
        "attachments": [
            {
                "fallback": "Event created: Agency Hour: <!date^1483822800^{date_short_pretty} from {time}|Jan 7, 2017 from 1:00 PM> to <!date^1483826400^{time}|2:00 PM GMT-0800>",
                "text": "<!date^1483822800^{date_short_pretty} from {time}|Jan 7, 2017 from 1:00 PM> to <!date^1483826400^{time}|2:00 PM GMT-0800>",
                "pretext": "New calendar event created",
                "title": "Agency Hour",
                "id": 1,
                "title_link": "https:\/\/www.google.com\/calendar\/event?eid=aTltMGJ2aWo4YzJncDc2cGpocHBrNWNlZWMgcGdsczd1djQwZXIwcDBjZXEzbTMyMzc2ZWtAZw",
                "color": "f83a22",
                "mrkdwn_in": [
                    "text",
                    "pretext"
                ]
            }
        ],
        "type": "message",
        "subtype": "bot_message",
        "ts": "1482095365.000002"
    },
    {
        "text": "",
        "bot_id": "B33Q5RRHA",
        "attachments": [
            {
                "fallback": "Event created: Laconic Quincy: December 20th - 22nd, 2016",
                "text": "December 20th - 22nd, 2016",
                "pretext": "New calendar event created",
                "title": "Laconic Quincy",
                "id": 1,
                "title_link": "https:\/\/www.google.com\/calendar\/event?eid=bWJvaWcxazFoaTNmcGowYzliZmJubjV2cWMgcGdsczd1djQwZXIwcDBjZXEzbTMyMzc2ZWtAZw",
                "color": "f83a22",
                "mrkdwn_in": [
                    "text",
                    "pretext"
                ]
            }
        ],
        "type": "message",
        "subtype": "bot_message",
        "ts": "1482095366.000003"
    },
    {
        "text": "",
        "bot_id": "B33Q5RRHA",
        "attachments": [
            {
                "fallback": "Event cancelled: Bayes Month: <!date^1482120000^{date_short_pretty} from {time}|Dec 18, 2016 from 8:00 PM> to <!date^1482123600^{time}|9:00 PM GMT-0800>",
                "text": "<!date^1482120000^{date_short_pretty} from {time}|Dec 18, 2016 from 8:00 PM> to <!date^1482123600^{time}|9:00 PM GMT-0800>",
                "pretext": "Calendar event was cancelled",
                "title": "Bayes Month",
                "id": 1,
                "title_link": "https:\/\/www.google.com\/calendar\/event?eid=cHRxYzBkNm40bGIydWVlbTNxZmdhbnZ0dTAgcGdsczd1djQwZXIwcDBjZXEzbTMyMzc2ZWtAZw",
                "color": "f83a22",
                "mrkdwn_in": [
                    "text",
                    "pretext"
                ]
            }
        ],
        "type": "message",
        "subtype": "bot_message",
        "ts": "1482110653.000002"
    },
    {
        "text": "",
        "bot_id": "B33Q5RRHA",
        "attachments": [
            {
                "fallback": "Event cancelled: Final Planet Earth: <!date^1482125400^{date_short_pretty} from {time}|Dec 18, 2016 from 9:30 PM> to <!date^1482129000^{time}|10:30 PM GMT-0800>",
                "text": "<!date^1482125400^{date_short_pretty} from {time}|Dec 18, 2016 from 9:30 PM> to <!date^1482129000^{time}|10:30 PM GMT-0800>",
                "pretext": "Calendar event was cancelled",
                "title": "Final Planet Earth",
                "id": 1,
                "title_link": "https:\/\/www.google.com\/calendar\/event?eid=M25sMmxtOXI4NDNlcTRpaTlhNHI2amIzNGMgcGdsczd1djQwZXIwcDBjZXEzbTMyMzc2ZWtAZw",
                "color": "f83a22",
                "mrkdwn_in": [
                    "text",
                    "pretext"
                ]
            }
        ],
        "type": "message",
        "subtype": "bot_message",
        "ts": "1482110653.000003"
    },
    {
        "text": "",
        "bot_id": "B33Q5RRHA",
        "attachments": [
            {
                "more_showtext": "Show more",
                "more_hidetext": "Show less",
                "fallback": "Event updated: Betting Hour: <!date^1482125400^{date_short_pretty} from {time}|Dec 18, 2016 from 9:30 PM> to <!date^1482129000^{time}|10:30 PM GMT-0800>",
                "text": "<!date^1482125400^{date_short_pretty} from {time}|Dec 18, 2016 from 9:30 PM> to <!date^1482129000^{time}|10:30 PM GMT-0800> at <https:\/\/maps.google.com\/maps?q=3F+Lounge+%2B+Nightclub|3F Lounge + Nightclub>",
                "pretext": "Calendar event updated",
                "title": "Betting Hour",
                "more": "Learn to Kelly bet",
                "id": 1,
                "title_link": "https:\/\/www.google.com\/calendar\/event?eid=YTJrZTRrcWNkdDE4NzBobHVkNTR1MHBuYjAgcGdsczd1djQwZXIwcDBjZXEzbTMyMzc2ZWtAZw",
                "color": "f83a22",
                "mrkdwn_in": [
                    "text",
                    "pretext",
                    "more"
                ]
            }
        ],
        "type": "message",
        "subtype": "bot_message",
        "ts": "1482110891.000004"
    },
    {
        "text": null,
        "attachments": [
            {
                "more_showtext": "Show more",
                "more_hidetext": "Show less",
                "fallback": "Betting Hour: <!date^1482125400^{date_short_pretty} from {time}|Dec 18, 2016 from 9:30 PM> to <!date^1482129000^{time}|10:30 PM GMT-0800>",
                "text": "<!date^1482125400^{date_short_pretty} from {time}|Dec 18, 2016 from 9:30 PM> to <!date^1482129000^{time}|10:30 PM GMT-0800> at <https:\/\/maps.google.com\/maps?q=3F+Lounge+%2B+Nightclub|3F Lounge + Nightclub>",
                "pretext": "Event starting in 2 hours:",
                "title": "Betting Hour",
                "more": "Learn to Kelly bet",
                "id": 1,
                "title_link": "https:\/\/www.google.com\/calendar\/event?eid=YTJrZTRrcWNkdDE4NzBobHVkNTR1MHBuYjAgcGdsczd1djQwZXIwcDBjZXEzbTMyMzc2ZWtAZw",
                "color": "f83a22",
                "mrkdwn_in": [
                    "text",
                    "pretext",
                    "more"
                ]
            }
        ],
        "bot_id": "B33Q5RRHA",
        "type": "message",
        "subtype": "bot_message",
        "ts": "1482118200.000005"
    },
    {
        "text": "",
        "bot_id": "B33Q5RRHA",
        "attachments": [
            {
                "fallback": "Event created: Connor vs. Quincy - Ice Bath Extravaganza: January 21st, 2017",
                "text": "January 21st, 2017",
                "pretext": "New calendar event created",
                "title": "Connor vs. Quincy - Ice Bath Extravaganza",
                "id": 1,
                "title_link": "https:\/\/www.google.com\/calendar\/event?eid=Z3Jqb2IxaXFsZmVrMWs0YWcwa2U2YjY1NjggcGdsczd1djQwZXIwcDBjZXEzbTMyMzc2ZWtAZw",
                "color": "f83a22",
                "mrkdwn_in": [
                    "text",
                    "pretext"
                ]
            }
        ],
        "type": "message",
        "subtype": "bot_message",
        "ts": "1482126192.000002",
        "reactions": [
            {
                "name": "snowflake",
                "users": [
                    "U2D01HLT0"
                ],
                "count": 1
            }
        ]
    }
]