[
    {
        "text": "",
        "bot_id": "B33Q5RRHA",
        "attachments": [
            {
                "fallback": "Event time updated: Visual Systems: <!date^1483419600^{date_short_pretty} from {time}|Jan 2, 2017 from 9:00 PM> to <!date^1483425000^{time}|10:30 PM GMT-0800>",
                "text": "<!date^1483419600^{date_short_pretty} from {time}|Jan 2, 2017 from 9:00 PM> to <!date^1483425000^{time}|10:30 PM GMT-0800> at <https:\/\/maps.google.com\/maps?q=2f+theater|2f theater>",
                "pretext": "Calendar event time updated",
                "title": "Visual Systems",
                "id": 1,
                "title_link": "https:\/\/www.google.com\/calendar\/event?eid=MHA2YWE1cTl1Mzl1YzEzam5zZTRpdTViNWsgcGdsczd1djQwZXIwcDBjZXEzbTMyMzc2ZWtAZw",
                "color": "f83a22",
                "mrkdwn_in": [
                    "text",
                    "pretext"
                ]
            }
        ],
        "type": "message",
        "subtype": "bot_message",
        "ts": "1482378665.000002"
    },
    {
        "text": "",
        "bot_id": "B33Q5RRHA",
        "attachments": [
            {
                "fallback": "Event time updated: Consciousness kinda explained: <!date^1484197200^{date_short_pretty} from {time}|Jan 11, 2017 from 9:00 PM> to <!date^1484202600^{time}|10:30 PM GMT-0800>",
                "text": "<!date^1484197200^{date_short_pretty} from {time}|Jan 11, 2017 from 9:00 PM> to <!date^1484202600^{time}|10:30 PM GMT-0800> at <https:\/\/maps.google.com\/maps?q=2f+theater|2f theater>",
                "pretext": "Calendar event time updated",
                "title": "Consciousness kinda explained",
                "id": 1,
                "title_link": "https:\/\/www.google.com\/calendar\/event?eid=cjZsYjNqbWd0OXVxZzJqZWthMDd0Z3MwZDQgcGdsczd1djQwZXIwcDBjZXEzbTMyMzc2ZWtAZw",
                "color": "f83a22",
                "mrkdwn_in": [
                    "text",
                    "pretext"
                ]
            }
        ],
        "type": "message",
        "subtype": "bot_message",
        "ts": "1482378665.000003"
    }
]