[
    {
        "type": "message",
        "user": "U2CU0HV7D",
        "text": "November 1\/N has been posted on splitwise. Please settle up by the 7th, but earlier makes me so much happier",
        "ts": "1480644681.000002",
        "reactions": [
            {
                "name": "heavy_check_mark",
                "users": [
                    "U2GK97M1A"
                ],
                "count": 1
            },
            {
                "name": "tropical_fish",
                "users": [
                    "U2D0C4SH5"
                ],
                "count": 1
            }
        ]
    }
]