[
    {
        "text": null,
        "attachments": [
            {
                "more_showtext": "Show more",
                "more_hidetext": "Show less",
                "fallback": "Presentation: Positive Feedback Loops: <!date^1481090400^{date_short_pretty} from {time}|Dec 6, 2016 from 10:00 PM> to <!date^1481094000^{time}|11:00 PM GMT-0800>",
                "text": "<!date^1481090400^{date_short_pretty} from {time}|Dec 6, 2016 from 10:00 PM> to <!date^1481094000^{time}|11:00 PM GMT-0800> at <https:\/\/maps.google.com\/maps?q=2f+theatre|2f theatre>",
                "pretext": "Event starting in 2 hours:",
                "title": "Presentation: Positive Feedback Loops",
                "more": "Connor gives a technical presentation about positive feedback loops and other dynamical systems in our world.",
                "id": 1,
                "title_link": "https:\/\/www.google.com\/calendar\/event?eid=c3Bmc21taWNrdnZyOTVrazh2dmU2NmtzazQgcGdsczd1djQwZXIwcDBjZXEzbTMyMzc2ZWtAZw",
                "color": "f83a22",
                "mrkdwn_in": [
                    "text",
                    "pretext",
                    "more"
                ]
            }
        ],
        "bot_id": "B33Q5RRHA",
        "type": "message",
        "subtype": "bot_message",
        "ts": "1481083200.000002"
    }
]