[
    {
        "type": "message",
        "user": "U2D01HLT0",
        "text": "<!channel> I’m going to visit and join Berkeley Iron Works this week (tomorrow by default). Anyone interested in initiating an Iron Works membership in November may find it convenient to go with me this week.",
        "ts": "1477340125.000002"
    },
    {
        "type": "message",
        "user": "U2D0CPE6M",
        "text": "Cost\/Necessary gear\/Free trial or similar?",
        "ts": "1477340167.000003"
    },
    {
        "type": "message",
        "user": "U2D01HLT0",
        "text": "$70\/month for membership. I forgot about the rest, so I’ll be asking when I’m there.",
        "ts": "1477340227.000004"
    },
    {
        "type": "message",
        "user": "U2CU0JFFD",
        "text": "<@U2D01HLT0> I am interested in using one of your guest passes :smile:",
        "ts": "1477340480.000005",
        "reactions": [
            {
                "name": "+1",
                "users": [
                    "U2D01HLT0",
                    "U2D0CPE6M",
                    "U29QA5RU3"
                ],
                "count": 3
            }
        ]
    }
]