[
    {
        "type": "message",
        "user": "U2D0C4SH5",
        "text": "The cleaners are coming around 15:00 today. Please get your stuff out of the common areas or risk it being misplaced.",
        "ts": "1475600359.000002"
    },
    {
        "type": "message",
        "user": "U2D0C4SH5",
        "text": "Also, fill in your birthday in the census",
        "ts": "1475601930.000003"
    },
    {
        "type": "message",
        "user": "U2CU0JFFD",
        "text": "I am traveling to Boston  from october 5-11, then CFAR workshopping (with the rest of the house) from 12-17",
        "ts": "1475624991.000004"
    },
    {
        "type": "message",
        "user": "U2D0C4SH5",
        "text": "At home with fam tonight",
        "ts": "1475633509.000005"
    }
]