[
    {
        "type": "message",
        "user": "U2D0C4SH5",
        "text": "Dishes are left drying on rags which reduces counter space. This is frustrating because it makes it harder for people to cook, and some people feel stressed when they are surrounded with clutter. We need to keep the counters clear to mitigate broken window effect, cook,  and keep peace of mind. Please dry your dishes with the rags and put them where they belong.",
        "ts": "1477679294.000003"
    },
    {
        "type": "message",
        "user": "U2D026HHN",
        "text": "Also putting dishes face down on rags doesn't really dry them since there's no air flow ",
        "ts": "1477679635.000004"
    },
    {
        "type": "message",
        "user": "U2D0C4SH5",
        "text": "*dishes: everything you use to cook and eat.",
        "edited": {
            "user": "U2D0C4SH5",
            "ts": "1477680834.000000"
        },
        "ts": "1477679734.000005"
    },
    {
        "type": "message",
        "user": "U2D0C4SH5",
        "text": "Gone home to family. Will be back tmrw. :)",
        "ts": "1477705491.000007"
    }
]