[
    {
        "text": "There are *7* events this week:",
        "attachments": [
            {
                "title": "Adulting Resolve Hour x2",
                "title_link": "https:\/\/www.google.com\/calendar\/event?eid=ZjAyNzM2YWR2MGtycnQyNTcwb3FlNjBnaTQgcGdsczd1djQwZXIwcDBjZXEzbTMyMzc2ZWtAZw",
                "mrkdwn_in": [
                    "text",
                    "pretext"
                ],
                "text": "<!date^1481772600^{date_short_pretty} from {time}|Dec 14, 2016 from 7:30 PM> to <!date^1481779800^{time}|9:30 PM GMT-0800> at <https:\/\/maps.google.com\/maps?q=Our+very+standard+house+with+a+picket+fence+and+only+2+parents+plus+children|Our very standard house with a picket fence and only 2 parents plus children>",
                "color": "f83a22",
                "fallback": "Adulting Resolve Hour x2: <!date^1481772600^{date_short_pretty} from {time}|Dec 14, 2016 from 7:30 PM> to <!date^1481779800^{time}|9:30 PM GMT-0800>",
                "start_time": {
                    "date": "2016-12-14 19:30:00.000000",
                    "timezone_type": 1,
                    "timezone": "-08:00"
                },
                "id": 1
            },
            {
                "title": "Betting Hour",
                "title_link": "https:\/\/www.google.com\/calendar\/event?eid=aHIxOHVuM2plMTNtbG10bWExOGMzYTdiamsgcGdsczd1djQwZXIwcDBjZXEzbTMyMzc2ZWtAZw",
                "mrkdwn_in": [
                    "text",
                    "pretext"
                ],
                "text": "<!date^1481781600^{date_short_pretty} from {time}|Dec 14, 2016 from 10:00 PM> to <!date^1481785200^{time}|11:00 PM GMT-0800> at <https:\/\/maps.google.com\/maps?q=3f+Nightclub+%2B+Lounge|3f Nightclub + Lounge>",
                "color": "f83a22",
                "fallback": "Betting Hour: <!date^1481781600^{date_short_pretty} from {time}|Dec 14, 2016 from 10:00 PM> to <!date^1481785200^{time}|11:00 PM GMT-0800>",
                "start_time": {
                    "date": "2016-12-14 22:00:00.000000",
                    "timezone_type": 1,
                    "timezone": "-08:00"
                },
                "id": 2
            },
            {
                "title": "Agency Hour",
                "title_link": "https:\/\/www.google.com\/calendar\/event?eid=bnRtcGJqNTlyMmR0YzluanBkcW5lMWgyZHMgcGdsczd1djQwZXIwcDBjZXEzbTMyMzc2ZWtAZw",
                "mrkdwn_in": [
                    "text",
                    "pretext"
                ],
                "text": "<!date^1482008400^{date_short_pretty} from {time}|Dec 17, 2016 from 1:00 PM> to <!date^1482012000^{time}|2:00 PM GMT-0800>",
                "color": "f83a22",
                "fallback": "Agency Hour: <!date^1482008400^{date_short_pretty} from {time}|Dec 17, 2016 from 1:00 PM> to <!date^1482012000^{time}|2:00 PM GMT-0800>",
                "start_time": {
                    "date": "2016-12-17 13:00:00.000000",
                    "timezone_type": 1,
                    "timezone": "-08:00"
                },
                "id": 3
            },
            {
                "title": "Solstice",
                "title_link": "https:\/\/www.google.com\/calendar\/event?eid=cmZycW41dXQ5MW4xbnB2dDRmZHRlbzgwZmMgcGdsczd1djQwZXIwcDBjZXEzbTMyMzc2ZWtAZw",
                "mrkdwn_in": [
                    "text",
                    "pretext"
                ],
                "text": "<!date^1482030000^{date_short_pretty} from {time}|Dec 17, 2016 from 7:00 PM> to <!date^1482033600^{time}|8:00 PM GMT-0800>",
                "color": "f83a22",
                "fallback": "Solstice: <!date^1482030000^{date_short_pretty} from {time}|Dec 17, 2016 from 7:00 PM> to <!date^1482033600^{time}|8:00 PM GMT-0800>",
                "start_time": {
                    "date": "2016-12-17 19:00:00.000000",
                    "timezone_type": 1,
                    "timezone": "-08:00"
                },
                "id": 4
            },
            {
                "title": "Connor and Quincy don't eat food",
                "title_link": "https:\/\/www.google.com\/calendar\/event?eid=aGwyZm00YmdidHVsNzVtM2N2a2s0cmR1cHMgcGdsczd1djQwZXIwcDBjZXEzbTMyMzc2ZWtAZw",
                "mrkdwn_in": [
                    "text",
                    "pretext"
                ],
                "text": "December 10th - 11th, 2016",
                "color": "f83a22",
                "fallback": "Connor and Quincy don't eat food: December 10th - 11th, 2016",
                "start_time": {
                    "date": "2016-12-10 00:00:00.000000",
                    "timezone_type": 3,
                    "timezone": "America\/Los_Angeles"
                },
                "id": 5
            },
            {
                "title": "Dan's",
                "title_link": "https:\/\/www.google.com\/calendar\/event?eid=czIxZ3RzZ3VuaXJ2aGEyYWNhajBjaGw1a2sgcGdsczd1djQwZXIwcDBjZXEzbTMyMzc2ZWtAZw",
                "mrkdwn_in": [
                    "text",
                    "pretext"
                ],
                "text": "December 13th, 2016",
                "color": "f83a22",
                "fallback": "Dan's: December 13th, 2016",
                "start_time": {
                    "date": "2016-12-13 00:00:00.000000",
                    "timezone_type": 3,
                    "timezone": "America\/Los_Angeles"
                },
                "id": 6
            },
            {
                "title": "Quincy and Kurt are laconic as fuckkkkkkkkkk",
                "title_link": "https:\/\/www.google.com\/calendar\/event?eid=ZzhxNmltZzJuNHM4dTk5MXY2dmhib2ljNm8gcGdsczd1djQwZXIwcDBjZXEzbTMyMzc2ZWtAZw",
                "mrkdwn_in": [
                    "text",
                    "pretext"
                ],
                "text": "December 17th, 2016",
                "color": "f83a22",
                "fallback": "Quincy and Kurt are laconic as fuckkkkkkkkkk: December 17th, 2016",
                "start_time": {
                    "date": "2016-12-17 00:00:00.000000",
                    "timezone_type": 3,
                    "timezone": "America\/Los_Angeles"
                },
                "id": 7
            }
        ],
        "bot_id": "B33Q5RRHA",
        "type": "message",
        "subtype": "bot_message",
        "ts": "1481475600.313889",
        "reactions": [
            {
                "name": "tropical_fish",
                "users": [
                    "U2D0C4SH5"
                ],
                "count": 1
            },
            {
                "name": "+1",
                "users": [
                    "U2D0C4SH5"
                ],
                "count": 1
            },
            {
                "name": "football",
                "users": [
                    "U2D01HLT0"
                ],
                "count": 1
            }
        ]
    },
    {
        "text": "",
        "bot_id": "B33Q5RRHA",
        "attachments": [
            {
                "fallback": "Event created: Bio risk presentation: <!date^1481866200^{date_short_pretty} from {time}|Dec 15, 2016 from 9:30 PM> to <!date^1481869800^{time}|10:30 PM GMT-0800>",
                "text": "<!date^1481866200^{date_short_pretty} from {time}|Dec 15, 2016 from 9:30 PM> to <!date^1481869800^{time}|10:30 PM GMT-0800> at <https:\/\/maps.google.com\/maps?q=2f+theater|2f theater>",
                "pretext": "New calendar event created",
                "title": "Bio risk presentation",
                "id": 1,
                "title_link": "https:\/\/www.google.com\/calendar\/event?eid=cTYwb3ZzNW42amV1M28yYXJrazdlNmxyM2MgcGdsczd1djQwZXIwcDBjZXEzbTMyMzc2ZWtAZw",
                "color": "f83a22",
                "mrkdwn_in": [
                    "text",
                    "pretext"
                ]
            }
        ],
        "type": "message",
        "subtype": "bot_message",
        "ts": "1481489857.000002"
    }
]