[
    {
        "type": "message",
        "user": "U2CU0JFFD",
        "text": "<!channel> Michael (Jacob) has arrived!  He is living in The New Enlightenment.",
        "ts": "1482861492.000002",
        "reactions": [
            {
                "name": "smiley",
                "users": [
                    "U2D0C4SH5",
                    "U2D0CPE6M",
                    "U2D01HLT0"
                ],
                "count": 3
            }
        ]
    },
    {
        "type": "message",
        "user": "U2D026HHN",
        "text": "does he want to be called Jacob?",
        "ts": "1482895033.000002"
    }
]