[
    {
        "type": "message",
        "user": "U2D08CYRK",
        "text": "<!channel> anyone home and available to do a favor for Paul Christiano?",
        "ts": "1503180621.000058"
    },
    {
        "type": "message",
        "user": "U2D08CYRK",
        "text": "He needs something picked up from the Bailey and put in an Uber",
        "ts": "1503180763.000028"
    },
    {
        "type": "message",
        "user": "U5ZV6L94G",
        "text": "I'll be there in an hour or so",
        "ts": "1503194722.000030"
    },
    {
        "type": "message",
        "user": "U5ZV6L94G",
        "text": "Still relevant <@U2D08CYRK> ?",
        "ts": "1503194745.000018"
    }
]