[
    {
        "type": "message",
        "user": "U2UPVPNTB",
        "text": "<!channel> keypad lock installed on the primary door",
        "ts": "1499904168.472460",
        "reactions": [
            {
                "name": "tada",
                "users": [
                    "U2D026HHN"
                ],
                "count": 1
            },
            {
                "name": "smile",
                "users": [
                    "U2D026HHN"
                ],
                "count": 1
            },
            {
                "name": "tropical_fish",
                "users": [
                    "U2D0C4SH5"
                ],
                "count": 1
            },
            {
                "name": "heart",
                "users": [
                    "U2D0C4SH5"
                ],
                "count": 1
            },
            {
                "name": "beers",
                "users": [
                    "U2D0C4SH5"
                ],
                "count": 1
            },
            {
                "name": "star",
                "users": [
                    "U2D0C4SH5"
                ],
                "count": 1
            },
            {
                "name": "bomb",
                "users": [
                    "U2D0K9866"
                ],
                "count": 1
            },
            {
                "name": "volcano",
                "users": [
                    "U2D01HAA2"
                ],
                "count": 1
            }
        ]
    },
    {
        "type": "message",
        "user": "U2UPVPNTB",
        "text": "current code is \"3045\"",
        "ts": "1499904175.473947"
    }
]