[
    {
        "type": "message",
        "user": "U2D0C4SH5",
        "text": "House Meeting this Sunday at 20:00",
        "ts": "1510189076.000213"
    },
    {
        "type": "message",
        "user": "U4F57EN2F",
        "text": "Claire and I have choir rehearsal 6-9. Could we have this in the afternoon, say 15:00?",
        "ts": "1510190439.000110"
    },
    {
        "type": "message",
        "user": "U2D0C4SH5",
        "text": "Seems reasonable. 15:00? Any objections?",
        "thread_ts": "1510190621.000177",
        "reply_count": 1,
        "replies": [
            {
                "user": "U2GK97M1A",
                "ts": "1510445306.000017"
            }
        ],
        "unread_count": 1,
        "ts": "1510190621.000177",
        "reactions": [
            {
                "name": "+1",
                "users": [
                    "U2CU0HV7D",
                    "U6Z19G1C7"
                ],
                "count": 2
            },
            {
                "name": "table_tennis_paddle_and_ball",
                "users": [
                    "U2D08CYRK"
                ],
                "count": 1
            },
            {
                "name": "clock3",
                "users": [
                    "U2D01HLT0"
                ],
                "count": 1
            }
        ]
    }
]