[
    {
        "type": "message",
        "user": "U5ZV6L94G",
        "text": "Hi all! Meet <@U73F454BF>, a CFAR alum, ML engineer, and epic human being. He's renting my bed on the first floor for the next month. I've given him the basics of living at EH, but it'd be great if you'd show him the ropes and invite him to things. :slightly_smiling_face:",
        "ts": "1505927662.000033",
        "reactions": [
            {
                "name": "+1",
                "users": [
                    "U2D0K9866"
                ],
                "count": 1
            }
        ]
    },
    {
        "text": "*spank me*",
        "type": "message",
        "subtype": "slackbot_response",
        "user": "USLACKBOT",
        "ts": "1505927662.000085"
    },
    {
        "user": "U73F454BF",
        "inviter": "U5ZV6L94G",
        "text": "<@U73F454BF> has joined the channel",
        "type": "message",
        "subtype": "channel_join",
        "ts": "1505927671.000035",
        "reactions": [
            {
                "name": "tada",
                "users": [
                    "U2D08CYRK"
                ],
                "count": 1
            }
        ]
    }
]