[
    {
        "type": "message",
        "user": "U2D0CPE6M",
        "text": "Hey everyone (not 1st floor people!!), 1\/n is up.  Only $81.76 this month :slightly_smiling_face:.  Pay by 8\/11 to avoid late fees.",
        "thread_ts": "1501883395.136002",
        "reply_count": 2,
        "replies": [
            {
                "user": "U5ZV6L94G",
                "ts": "1501955747.507968"
            },
            {
                "user": "U2D0CPE6M",
                "ts": "1501956368.563388"
            }
        ],
        "unread_count": 2,
        "ts": "1501883395.136002",
        "reactions": [
            {
                "name": "smile",
                "users": [
                    "U2D026HHN",
                    "U2D0K9866"
                ],
                "count": 2
            }
        ]
    }
]