[
    {
        "type": "message",
        "user": "U2D0C4SH5",
        "text": "<!channel> Spring Cleaning: 3rd fl large bathroom. I have taken all the shampoos etc out of the shower. Put back what is yours. Also, the mirrored cabinet and under the sink are disgusting and I suspect are mostly full of past residents' stuff. Please grab what is yours from there as well. Everything is being thrown out Sunday. If you're not here this weekend, pm me what you want set aside. :slightly_smiling_face:",
        "thread_ts": "1490315350.375108",
        "reply_count": 3,
        "replies": [
            {
                "user": "U2D0K9866",
                "ts": "1490545209.092058"
            },
            {
                "user": "U2D0C4SH5",
                "ts": "1490549690.344747"
            },
            {
                "user": "U2D0K9866",
                "ts": "1490586897.842889"
            }
        ],
        "unread_count": 3,
        "ts": "1490315350.375108",
        "reactions": [
            {
                "name": "violin",
                "users": [
                    "U3K49B8H0"
                ],
                "count": 1
            },
            {
                "name": "gear",
                "users": [
                    "U2D01HLT0"
                ],
                "count": 1
            }
        ]
    }
]