[
    {
        "type": "message",
        "user": "U2D0C4SH5",
        "text": "Yo! Remember that time there weren't enough tickets for Summer Solstice? What if that happens again? Alumni Reunion : <https:\/\/www.eventbrite.com\/e\/cfar-alumni-reunion-2017-tickets-33555831395>",
        "attachments": [
            {
                "service_name": "Eventbrite",
                "title": "CFAR Alumni Reunion 2017",
                "title_link": "https:\/\/www.eventbrite.com\/e\/cfar-alumni-reunion-2017-tickets-33555831395",
                "text": "The reunion is a social event (an “unconference”) where alumni from all 5 years of CFAR’s operation gather to talk, teach each other, scheme, and hang out. There will be seminars, mini workshops, an opportunity to get up to speed on the new developments of CFAR’s curriculum, spaces to debug and to double crux, coordination exercises, socializing and s'mores around campfires, and more, almost entirely designed and led by YOU, the attendees (see below). This year’s reunion will be held at the same venue as last year’s, Westminster Woods Camp and Conference Center, an hour and a half north of Berkeley, from August 18 to August 20. Tickets include sleeping accommodations and 8 meals (dinner on Friday to Breakfast on Monday). (Most of the accommodations are 4 to 8 person cabins, but there are a few private bedrooms.  Contact us directly if you think you’ll need special accommodations. You are free to pre-select a group to share a cabin with, or to be randomly sorted with other alumni who you don’t know yet.) We ask that alumni who can afford to do so pay the full ticket price, but for the alumni for whom this is financially burdensome, please pay what you can. We want all alumni who want to attend to attend, even if they can’t pay. We estimate, based on last year’s ticket sales, that if everyone who is able to pays in full, we will be able to cover the costs of the event. “Plus one”s are invited! This is the signup form for running talks and activities. Participants will be able to schedule programming on the fly over the course of the weekend. However, if you have some idea of what you would like to do in advance, let us know. This will assist in organizing, especially if you would like a large audience or a specialized space. Email <mailto:elizabeth@rationality.org|elizabeth@rationality.org> with any questions. We look forward to seeing you there!",
                "fallback": "Eventbrite: CFAR Alumni Reunion 2017",
                "image_url": "https:\/\/img.evbuc.com\/https%3A%2F%2Fcdn.evbuc.com%2Fimages%2F30270132%2F73105598919%2F1%2Foriginal.jpg?w=1000&rect=1613%2C0%2C4678%2C2339&s=3e7bcd9c5ac62bfbd934d980e99e6e01",
                "fields": [
                    {
                        "title": "Where",
                        "value": "6510 Bohemian Highway, Occidental, CA 95465",
                        "short": true
                    },
                    {
                        "title": "When",
                        "value": "Fri, Aug 18, 2017 at 6:00 PM",
                        "short": true
                    }
                ],
                "from_url": "https:\/\/www.eventbrite.com\/e\/cfar-alumni-reunion-2017-tickets-33555831395",
                "image_width": 500,
                "image_height": 250,
                "image_bytes": 153400,
                "service_icon": "https:\/\/cdn.evbstatic.com\/s3-build\/perm_001\/1aab42\/django\/images\/touch_icons\/apple-touch-icon-57x57.png",
                "id": 1
            }
        ],
        "ts": "1499546688.958930",
        "reactions": [
            {
                "name": "heart",
                "users": [
                    "U2D0CPE6M",
                    "U2J7GJ50Q"
                ],
                "count": 2
            }
        ]
    },
    {
        "type": "message",
        "user": "U2J7GJ50Q",
        "text": "hah. two of my favorite estonians.",
        "edited": {
            "user": "U2J7GJ50Q",
            "ts": "1499575769.000000"
        },
        "ts": "1499575760.611136"
    }
]