[
    {
        "type": "message",
        "user": "U2D0C4SH5",
        "text": "<!channel>  Please put emergency contact information in the Census\/Contact sheet",
        "ts": "1493071096.007763",
        "reactions": [
            {
                "name": "vaniver",
                "users": [
                    "U2UPVPNTB"
                ],
                "count": 1
            }
        ]
    },
    {
        "type": "message",
        "subtype": "file_share",
        "text": "<@U2D0C4SH5> shared a file: <https:\/\/theeventhorizon.slack.com\/files\/U2D0C4SH5\/F538KG1R7\/census___contact_info|Census + Contact Info>",
        "file": {
            "id": "F538KG1R7",
            "created": 1493071153,
            "timestamp": 1493071153,
            "name": "Census + Contact Info",
            "title": "Census + Contact Info",
            "mimetype": "application\/vnd.google-apps.spreadsheet",
            "filetype": "gsheet",
            "pretty_type": "GDocs Spreadsheet",
            "user": "U2D0C4SH5",
            "editable": false,
            "size": 61990,
            "mode": "external",
            "is_external": true,
            "external_type": "gdrive",
            "is_public": true,
            "public_url_shared": false,
            "display_as_bot": false,
            "username": "",
            "url_private": "https:\/\/docs.google.com\/spreadsheets\/d\/1kkOLWPEzzPfjlyx0s2jQnIMgHBnzVdyO01bHqm_wEh0\/edit?usp=drivesdk",
            "thumb_64": "https:\/\/files.slack.com\/files-tmb\/T29RXEZQV-F538KG1R7-42ea0f94a4\/census___contact_info_64.png?t=xoxe-77881509845-278458240181-277799076385-f7aff9668b2352bc9174110ca96b42af",
            "thumb_80": "https:\/\/files.slack.com\/files-tmb\/T29RXEZQV-F538KG1R7-42ea0f94a4\/census___contact_info_80.png?t=xoxe-77881509845-278458240181-277799076385-f7aff9668b2352bc9174110ca96b42af",
            "thumb_360": "https:\/\/files.slack.com\/files-tmb\/T29RXEZQV-F538KG1R7-42ea0f94a4\/census___contact_info_360.png?t=xoxe-77881509845-278458240181-277799076385-f7aff9668b2352bc9174110ca96b42af",
            "thumb_360_w": 254,
            "thumb_360_h": 360,
            "thumb_480": "https:\/\/files.slack.com\/files-tmb\/T29RXEZQV-F538KG1R7-42ea0f94a4\/census___contact_info_480.png?t=xoxe-77881509845-278458240181-277799076385-f7aff9668b2352bc9174110ca96b42af",
            "thumb_480_w": 339,
            "thumb_480_h": 480,
            "thumb_160": "https:\/\/files.slack.com\/files-tmb\/T29RXEZQV-F538KG1R7-42ea0f94a4\/census___contact_info_160.png?t=xoxe-77881509845-278458240181-277799076385-f7aff9668b2352bc9174110ca96b42af",
            "thumb_720": "https:\/\/files.slack.com\/files-tmb\/T29RXEZQV-F538KG1R7-42ea0f94a4\/census___contact_info_720.png?t=xoxe-77881509845-278458240181-277799076385-f7aff9668b2352bc9174110ca96b42af",
            "thumb_720_w": 509,
            "thumb_720_h": 720,
            "thumb_800": "https:\/\/files.slack.com\/files-tmb\/T29RXEZQV-F538KG1R7-42ea0f94a4\/census___contact_info_800.png?t=xoxe-77881509845-278458240181-277799076385-f7aff9668b2352bc9174110ca96b42af",
            "thumb_800_w": 800,
            "thumb_800_h": 1132,
            "thumb_960": "https:\/\/files.slack.com\/files-tmb\/T29RXEZQV-F538KG1R7-42ea0f94a4\/census___contact_info_960.png?t=xoxe-77881509845-278458240181-277799076385-f7aff9668b2352bc9174110ca96b42af",
            "thumb_960_w": 678,
            "thumb_960_h": 960,
            "thumb_1024": "https:\/\/files.slack.com\/files-tmb\/T29RXEZQV-F538KG1R7-42ea0f94a4\/census___contact_info_1024.png?t=xoxe-77881509845-278458240181-277799076385-f7aff9668b2352bc9174110ca96b42af",
            "thumb_1024_w": 724,
            "thumb_1024_h": 1024,
            "image_exif_rotation": 1,
            "original_w": 1024,
            "original_h": 1449,
            "permalink": "https:\/\/theeventhorizon.slack.com\/files\/U2D0C4SH5\/F538KG1R7\/census___contact_info",
            "channels": [],
            "groups": [],
            "ims": [],
            "comments_count": 0,
            "has_rich_preview": true
        },
        "user": "U2D0C4SH5",
        "upload": false,
        "display_as_bot": false,
        "username": "elizabeth",
        "bot_id": null,
        "ts": "1493071153.021866"
    },
    {
        "type": "message",
        "user": "U2D0C4SH5",
        "text": "Also in the future, there will be emergency contact info for guests kept in the calendar",
        "ts": "1493071411.084083"
    }
]