[
    {
        "type": "message",
        "user": "U2D01HLT0",
        "text": "<!channel> I’m going to be doing an online training session via videochat at one of the second floor desks. If ambient noise\/conversation could be kept low, that would be much appreciated. The session goes from 1pm to 5pm. If that ends up too inconvenient, I can relocate to my room. Thanks.",
        "ts": "1487708941.000002",
        "reactions": [
            {
                "name": "+1",
                "users": [
                    "U2CU0HV7D",
                    "U2D026HHN"
                ],
                "count": 2
            }
        ]
    }
]