[
    {
        "type": "message",
        "user": "U2D0C4SH5",
        "text": "Eric B is taking the private room with bathroom in February!",
        "ts": "1483476613.000002",
        "reactions": [
            {
                "name": "unicorn_face",
                "users": [
                    "U2D01HLT0",
                    "U2D0CPE6M",
                    "U2CU0HV7D",
                    "U2J7GJ50Q",
                    "U2GK97M1A"
                ],
                "count": 5
            },
            {
                "name": "soon",
                "users": [
                    "U2CU0JCGK",
                    "U2J7GJ50Q"
                ],
                "count": 2
            },
            {
                "name": "raised_hands",
                "users": [
                    "U2CU0HV7D",
                    "U2D026HHN",
                    "U2J7GJ50Q"
                ],
                "count": 3
            }
        ]
    }
]