[
    {
        "type": "message",
        "user": "U2D0C4SH5",
        "text": "@everyone Reminder that we have a house meeting this Sunday evening (20:00). If you have lived at Eh for two months or more, your presence is requested.",
        "thread_ts": "1506121136.000086",
        "reply_count": 2,
        "replies": [
            {
                "user": "U73F454BF",
                "ts": "1506182076.000112"
            },
            {
                "user": "U2D0C4SH5",
                "ts": "1506184712.000001"
            }
        ],
        "unread_count": 2,
        "ts": "1506121136.000086"
    }
]