[
    {
        "type": "message",
        "user": "U2D0K9866",
        "text": "PSA all expenses should be tagged w\/ the event horizon group on splitwise so that we can combined settle",
        "ts": "1488744928.000002",
        "reactions": [
            {
                "name": "gear",
                "users": [
                    "U2D01HLT0"
                ],
                "count": 1
            },
            {
                "name": "100",
                "users": [
                    "U2CU0HV7D"
                ],
                "count": 1
            }
        ]
    }
]