[
    {
        "type": "message",
        "user": "U2D0C4SH5",
        "text": "<!channel> Fernando is coming to check out the 2nd fl breaker situation. He'll either be there by 5PM today or will come tomorrow morning around 8AM. She has requested that we turn off the breaker now.\n\nAlso, Phaedrus had a super high average and has been approved. :slightly_smiling_face:",
        "ts": "1491418055.067422"
    },
    {
        "type": "message",
        "user": "U2UPVPNTB",
        "text": "Turn off the breaker for all of 2f, or which part? ",
        "thread_ts": "1491418219.128738",
        "reply_count": 1,
        "replies": [
            {
                "user": "U2D0C4SH5",
                "ts": "1491418288.154694"
            }
        ],
        "unread_count": 1,
        "ts": "1491418219.128738"
    },
    {
        "type": "message",
        "user": "U2D0C4SH5",
        "text": "vaniver: last time we had breaker trouble, we turned off the switch that  seemed to be the cause of trouble...",
        "thread_ts": "1491418219.128738",
        "parent_user_id": "U2UPVPNTB",
        "ts": "1491418288.154694"
    }
]