[
    {
        "type": "message",
        "user": "U2CU0HV7D",
        "text": "I think this sounds great regardless, and would plus one considering whether we should keep economy of scaling it or should cap us at Dunbar's number and let downstairs be Dragon Army or some other partition",
        "ts": "1490944778.023533",
        "reactions": [
            {
                "name": "+1::skin-tone-6",
                "users": [
                    "U2D01HLT0"
                ],
                "count": 1
            }
        ]
    },
    {
        "type": "message",
        "user": "U2UPVPNTB",
        "text": "<@U2D01HLT0> I don't mind losing the cafe as exists now, but we also lose the potential for a good cafe. (Just hiring a second barista would probably fix most of the issues with service.)",
        "ts": "1490995978.661168"
    },
    {
        "type": "message",
        "user": "U2UPVPNTB",
        "text": "Christina may be by tomorrow with a potential tenant (?) to show the 2nd floow",
        "ts": "1491005252.080493"
    },
    {
        "type": "message",
        "user": "U2UPVPNTB",
        "text": "(In my experience, normal leases give the landlord that right with notice; she tried to do it today unannounced and I asked for notice, but it's possible our lease doesn't work that way)",
        "ts": "1491005302.085071"
    },
    {
        "type": "message",
        "user": "U2D0C4SH5",
        "text": "Is this tenant thinking of renting the cafe or our home...?",
        "ts": "1491005754.126911"
    },
    {
        "type": "message",
        "user": "U2UPVPNTB",
        "text": "Unclear; I told Christina that you were the person to talk to",
        "ts": "1491006492.189685"
    },
    {
        "type": "message",
        "user": "U2UPVPNTB",
        "text": "from what I overheard, it sounded like they were looking for a single room",
        "ts": "1491006502.190630",
        "reactions": [
            {
                "name": "tropical_fish",
                "users": [
                    "U2D0C4SH5"
                ],
                "count": 1
            }
        ]
    }
]