[
    {
        "type": "message",
        "user": "U2D0C4SH5",
        "text": "<!channel> House meeting in 40 minutes!",
        "thread_ts": "1510525174.000035",
        "reply_count": 1,
        "replies": [
            {
                "user": "U74F3P9AN",
                "ts": "1510529291.000088"
            }
        ],
        "unread_count": 1,
        "ts": "1510525174.000035"
    },
    {
        "type": "message",
        "user": "U74F3P9AN",
        "text": "Can't make it, out of town :\/",
        "thread_ts": "1510525174.000035",
        "parent_user_id": "U2D0C4SH5",
        "ts": "1510529291.000088"
    }
]