[
    {
        "type": "message",
        "user": "U2D0C4SH5",
        "text": "<!channel> Reminder that House Meeting is at 20:00",
        "ts": "1506302862.000157",
        "reactions": [
            {
                "name": "robot_face",
                "users": [
                    "U2D026HHN"
                ],
                "count": 1
            }
        ]
    },
    {
        "type": "message",
        "user": "U2D0C4SH5",
        "text": "(3rd fl)",
        "ts": "1506302931.000068"
    },
    {
        "user": "U74F3P9AN",
        "text": "<@U74F3P9AN> has joined the channel",
        "type": "message",
        "subtype": "channel_join",
        "ts": "1506309031.000009"
    }
]