[
    {
        "type": "message",
        "user": "U2D026HHN",
        "text": "I'm not selling any of my weed anymore",
        "ts": "1486288580.000002",
        "reactions": [
            {
                "name": "+1",
                "users": [
                    "U3K49B8H0",
                    "U2D0CPE6M"
                ],
                "count": 2
            }
        ]
    },
    {
        "type": "message",
        "user": "U2D08CYRK",
        "text": "Just for this month, Ashley from the cafe will be using our 3rd floor washer + dryer to wash the cafe’s towels on Monday afternoons.",
        "ts": "1486326613.000002"
    },
    {
        "type": "message",
        "user": "U2D08CYRK",
        "text": "(Christina asked me if that was okay and I said yes.)",
        "ts": "1486326637.000003"
    }
]