[
    {
        "type": "message",
        "user": "U2UPVPNTB",
        "text": "<!channel> there's a bunch of pastries and chips on 3f thanks to a combination of Stuart Russell, Roxanne, and JP. There will be more today (likely including sandwiches and similar) if we have a car at the CITRAS Innovation Lab (north side of Berkeley campus) at around 5-5:30 today.",
        "edited": {
            "user": "U2UPVPNTB",
            "ts": "1494085405.000000"
        },
        "ts": "1494085386.514058",
        "reactions": [
            {
                "name": "smile",
                "users": [
                    "U2D026HHN",
                    "U2D0K9866",
                    "U2J7GJ50Q"
                ],
                "count": 3
            }
        ]
    }
]