[
    {
        "type": "message",
        "user": "U2D01HAA2",
        "text": "<!channel> 2f breaker was buzzing again just now. I figured out which switch was responsible and turned that one off.",
        "ts": "1491470007.824056",
        "reactions": [
            {
                "name": "clap",
                "users": [
                    "U3K49B8H0",
                    "U2CU0HV7D"
                ],
                "count": 2
            }
        ]
    },
    {
        "type": "message",
        "user": "U2UPVPNTB",
        "text": "I suspect that was the one to my room?",
        "ts": "1491495353.401597"
    },
    {
        "type": "message",
        "user": "U2UPVPNTB",
        "text": "<@U2D0C4SH5> Do you know if Fernando came? ",
        "ts": "1491524860.052646"
    },
    {
        "type": "message",
        "user": "U2UPVPNTB",
        "text": "I restored the breaker to my room, because I like having electricity, but it still seems to be making a faint buzz",
        "thread_ts": "1491524922.060830",
        "reply_count": 1,
        "replies": [
            {
                "user": "U2D0C4SH5",
                "ts": "1491527263.361226"
            }
        ],
        "unread_count": 1,
        "ts": "1491524922.060830"
    },
    {
        "type": "message",
        "user": "U2D0C4SH5",
        "text": "Did anyone see Fernando either yesterday or today? ",
        "ts": "1491525102.085145"
    },
    {
        "type": "message",
        "user": "U2D0C4SH5",
        "text": "vaniver: Could you turn off the breaker when you don't need electricity for the night? (either when you go to sleep or your computer is sufficiently powered to run on battery.)",
        "thread_ts": "1491524922.060830",
        "parent_user_id": "U2UPVPNTB",
        "ts": "1491527263.361226",
        "reactions": [
            {
                "name": "vaniver",
                "users": [
                    "U2UPVPNTB"
                ],
                "count": 1
            }
        ]
    },
    {
        "type": "message",
        "user": "U2D0C4SH5",
        "text": "<!channel> Christina is coming over right now",
        "ts": "1491528267.486148"
    },
    {
        "type": "message",
        "user": "U2CU0HV7D",
        "text": "We need to leave the door open tonight so they can get in at 8am tomorrow. Please help me remember and try not to lock the door past ~9pm",
        "ts": "1491528976.574387",
        "reactions": [
            {
                "name": "cookie",
                "users": [
                    "U2D0C4SH5"
                ],
                "count": 1
            },
            {
                "name": "+1",
                "users": [
                    "U3K49B8H0"
                ],
                "count": 1
            },
            {
                "name": "robot_face",
                "users": [
                    "U2D026HHN"
                ],
                "count": 1
            }
        ]
    },
    {
        "type": "message",
        "user": "U3K49B8H0",
        "text": "Alarm set on my computer for robustness.",
        "ts": "1491533550.132474"
    },
    {
        "type": "message",
        "user": "U2CU0HV7D",
        "text": "Taped the lock, should be good now",
        "ts": "1491533664.145712"
    },
    {
        "type": "message",
        "user": "U2D0K9866",
        "text": "PSA that Grocery Outlet exists and has absurdly cheaper groceries than the other options ",
        "ts": "1491540350.826257",
        "reactions": [
            {
                "name": "+1",
                "users": [
                    "U3K49B8H0"
                ],
                "count": 1
            }
        ]
    }
]