[
    {
        "type": "message",
        "user": "U2CU0HV7D",
        "text": "<!channel>: I don't know how much the Tezos talk has gotten around the house, but just letting people know that several of us think it's a pretty good investment and I'm willing to forward people a fair amount of analysis and make small investments in Tezos for them if they are interested but don't want the trivial inconvenience of doing everything themselves (thanks Quincy for pointing out that it's a little weird to not tell people). The tax situation may be a little difficult but I should have that figured out in a few weeks—will operate under good faith principles that taxation issues will be dealt with fairly if they arise.",
        "ts": "1499118006.692665",
        "reactions": [
            {
                "name": "heart",
                "users": [
                    "U2D0CPE6M",
                    "U2D0C4SH5",
                    "U2D026HHN",
                    "U4F57EN2F"
                ],
                "count": 4
            },
            {
                "name": "new_moon",
                "users": [
                    "U2D08CYRK"
                ],
                "count": 1
            }
        ]
    },
    {
        "type": "message",
        "user": "U2CU0HV7D",
        "text": "Price goes up early Wednesday, so it's best for you if you decide by then (but increase is only small)",
        "ts": "1499118070.704589"
    },
    {
        "type": "message",
        "user": "U2D08CYRK",
        "text": "I put ~7% of my net worth into Tezos over the weekend.",
        "ts": "1499118286.742256"
    },
    {
        "type": "message",
        "user": "U2D08CYRK",
        "text": "I consider it high-risk \/ high-reward, but good EV.",
        "ts": "1499118298.744201"
    },
    {
        "type": "message",
        "user": "U2D08CYRK",
        "text": "In particular, they’re on track to raise $800MM or less in the ICO. But I think the total market cap should be comparable* to that of Ethereum Classic or higher, and ETC is at $1.6B. So that suggests there’s a significant chance of a doubling.\n\n* assuming all goes well with the continued Tezos development (it’s not completed yet) and that there are no negative surprises",
        "ts": "1499118465.773967"
    },
    {
        "type": "message",
        "user": "U2D0K9866",
        "text": "I put 5%, have similar analysis. (putting this here to reinforce useful community norm of sharing such info)",
        "ts": "1499127102.013209",
        "reactions": [
            {
                "name": "+1",
                "users": [
                    "U2D08CYRK"
                ],
                "count": 1
            }
        ]
    },
    {
        "type": "message",
        "user": "U2GK97M1A",
        "text": "To chime in, I put in 0%, after cursory analysis.",
        "ts": "1499127251.031782",
        "reactions": [
            {
                "name": "+1",
                "users": [
                    "U2D08CYRK"
                ],
                "count": 1
            }
        ]
    },
    {
        "type": "message",
        "user": "U2D0CPE6M",
        "text": "<!channel> I'll be doing first aid + CPR training from 1pm-6pm on the 19th.  It's in Berkeley and costs $120.\n\nIf anybody would like to join me, sign up here: <http:\/\/www.berkeleycprclasses.com\/course-catalog\/american-heart-association-cpr-aed-first-aid\/>",
        "attachments": [
            {
                "title": "American Heart Association First-aid\/CPR\/AED Certification",
                "title_link": "http:\/\/www.berkeleycprclasses.com\/course-catalog\/american-heart-association-cpr-aed-first-aid\/",
                "text": "We offer the lowest price American Heart Association CPR\/First-aid classes in Alameda County - Guaranteed. Students receive their card on the day of the class.",
                "fallback": "American Heart Association First-aid\/CPR\/AED Certification",
                "from_url": "http:\/\/www.berkeleycprclasses.com\/course-catalog\/american-heart-association-cpr-aed-first-aid\/",
                "service_name": "berkeleycprclasses.com",
                "id": 1
            }
        ],
        "edited": {
            "user": "U2D0CPE6M",
            "ts": "1499134177.000000"
        },
        "ts": "1499134167.989150"
    },
    {
        "type": "message",
        "user": "U2D0C4SH5",
        "text": "Man! I want to go }:\/",
        "thread_ts": "1499134333.013839",
        "reply_count": 2,
        "replies": [
            {
                "user": "U2D0CPE6M",
                "ts": "1499134913.097623"
            },
            {
                "user": "U2D0C4SH5",
                "ts": "1499137908.519564"
            }
        ],
        "unread_count": 2,
        "ts": "1499134333.013839"
    },
    {
        "type": "message",
        "user": "U2D0CPE6M",
        "text": "elizabeth: You can't?",
        "thread_ts": "1499134333.013839",
        "parent_user_id": "U2D0C4SH5",
        "ts": "1499134913.097623"
    },
    {
        "type": "message",
        "user": "U2D0C4SH5",
        "text": "Spain",
        "thread_ts": "1499134333.013839",
        "parent_user_id": "U2D0C4SH5",
        "ts": "1499137908.519564"
    }
]