[
    {
        "type": "message",
        "subtype": "file_share",
        "text": "<@U2D01HLT0> uploaded a file: <https:\/\/theeventhorizon.slack.com\/files\/U2D01HLT0\/F4Z8YJ8VB\/a_sauna.jpg|A sauna> and commented: Greetings from hell",
        "file": {
            "id": "F4Z8YJ8VB",
            "created": 1492128187,
            "timestamp": 1492128187,
            "name": "A sauna.jpg",
            "title": "A sauna",
            "mimetype": "image\/jpeg",
            "filetype": "jpg",
            "pretty_type": "JPEG",
            "user": "U2D01HLT0",
            "editable": false,
            "size": 6485753,
            "mode": "hosted",
            "is_external": false,
            "external_type": "",
            "is_public": true,
            "public_url_shared": false,
            "display_as_bot": false,
            "username": "",
            "url_private": "https:\/\/files.slack.com\/files-pri\/T29RXEZQV-F4Z8YJ8VB\/a_sauna.jpg?t=xoxe-77881509845-278458240181-277799076385-f7aff9668b2352bc9174110ca96b42af",
            "url_private_download": "https:\/\/files.slack.com\/files-pri\/T29RXEZQV-F4Z8YJ8VB\/download\/a_sauna.jpg?t=xoxe-77881509845-278458240181-277799076385-f7aff9668b2352bc9174110ca96b42af",
            "thumb_64": "https:\/\/files.slack.com\/files-tmb\/T29RXEZQV-F4Z8YJ8VB-7bcb8822ff\/a_sauna_64.jpg?t=xoxe-77881509845-278458240181-277799076385-f7aff9668b2352bc9174110ca96b42af",
            "thumb_80": "https:\/\/files.slack.com\/files-tmb\/T29RXEZQV-F4Z8YJ8VB-7bcb8822ff\/a_sauna_80.jpg?t=xoxe-77881509845-278458240181-277799076385-f7aff9668b2352bc9174110ca96b42af",
            "thumb_360": "https:\/\/files.slack.com\/files-tmb\/T29RXEZQV-F4Z8YJ8VB-7bcb8822ff\/a_sauna_360.jpg?t=xoxe-77881509845-278458240181-277799076385-f7aff9668b2352bc9174110ca96b42af",
            "thumb_360_w": 360,
            "thumb_360_h": 124,
            "thumb_480": "https:\/\/files.slack.com\/files-tmb\/T29RXEZQV-F4Z8YJ8VB-7bcb8822ff\/a_sauna_480.jpg?t=xoxe-77881509845-278458240181-277799076385-f7aff9668b2352bc9174110ca96b42af",
            "thumb_480_w": 480,
            "thumb_480_h": 165,
            "thumb_160": "https:\/\/files.slack.com\/files-tmb\/T29RXEZQV-F4Z8YJ8VB-7bcb8822ff\/a_sauna_160.jpg?t=xoxe-77881509845-278458240181-277799076385-f7aff9668b2352bc9174110ca96b42af",
            "thumb_720": "https:\/\/files.slack.com\/files-tmb\/T29RXEZQV-F4Z8YJ8VB-7bcb8822ff\/a_sauna_720.jpg?t=xoxe-77881509845-278458240181-277799076385-f7aff9668b2352bc9174110ca96b42af",
            "thumb_720_w": 720,
            "thumb_720_h": 248,
            "thumb_800": "https:\/\/files.slack.com\/files-tmb\/T29RXEZQV-F4Z8YJ8VB-7bcb8822ff\/a_sauna_800.jpg?t=xoxe-77881509845-278458240181-277799076385-f7aff9668b2352bc9174110ca96b42af",
            "thumb_800_w": 800,
            "thumb_800_h": 275,
            "thumb_960": "https:\/\/files.slack.com\/files-tmb\/T29RXEZQV-F4Z8YJ8VB-7bcb8822ff\/a_sauna_960.jpg?t=xoxe-77881509845-278458240181-277799076385-f7aff9668b2352bc9174110ca96b42af",
            "thumb_960_w": 960,
            "thumb_960_h": 330,
            "thumb_1024": "https:\/\/files.slack.com\/files-tmb\/T29RXEZQV-F4Z8YJ8VB-7bcb8822ff\/a_sauna_1024.jpg?t=xoxe-77881509845-278458240181-277799076385-f7aff9668b2352bc9174110ca96b42af",
            "thumb_1024_w": 1024,
            "thumb_1024_h": 352,
            "image_exif_rotation": 1,
            "original_w": 9116,
            "original_h": 3136,
            "permalink": "https:\/\/theeventhorizon.slack.com\/files\/U2D01HLT0\/F4Z8YJ8VB\/a_sauna.jpg",
            "permalink_public": "https:\/\/slack-files.com\/T29RXEZQV-F4Z8YJ8VB-a9c79c1e53",
            "channels": [],
            "groups": [],
            "ims": [],
            "comments_count": 1,
            "initial_comment": {
                "id": "Fc4ZSMA58F",
                "created": 1492128187,
                "timestamp": 1492128187,
                "user": "U2D01HLT0",
                "is_intro": true,
                "comment": "Greetings from hell"
            },
            "reactions": [
                {
                    "name": "smile",
                    "users": [
                        "U2D026HHN"
                    ],
                    "count": 1
                },
                {
                    "name": "fire",
                    "users": [
                        "U3K49B8H0",
                        "U2D0K9866"
                    ],
                    "count": 2
                }
            ]
        },
        "user": "U2D01HLT0",
        "upload": true,
        "display_as_bot": false,
        "username": "kurt",
        "bot_id": null,
        "ts": "1492128195.281930"
    }
]