[
    {
        "type": "message",
        "user": "U2D01HLT0",
        "text": "<!channel> Starting shower census tonight. I’m going to put a big, noticeable piece of tape on all towels in every bathroom. Please remove tape from your own towels only. On Sunday, the still-taped towels will be collected and washed and put into circulation as house-owned towels. (Or thrown out maybe)",
        "edited": {
            "user": "U2D01HLT0",
            "ts": "1506730562.000000"
        },
        "ts": "1506729829.000123",
        "reactions": [
            {
                "name": "+1",
                "users": [
                    "U2D0C4SH5",
                    "U5ZSLKXPB"
                ],
                "count": 2
            },
            {
                "name": "innocent",
                "users": [
                    "U2D0C4SH5"
                ],
                "count": 1
            },
            {
                "name": "robot_face",
                "users": [
                    "U2D026HHN"
                ],
                "count": 1
            }
        ]
    },
    {
        "type": "message",
        "user": "U614WV9NC",
        "text": "I am traveling",
        "ts": "1506752055.000026"
    },
    {
        "type": "message",
        "user": "U614WV9NC",
        "text": "Can I reclaim my towel Monday?",
        "ts": "1506752063.000005"
    }
]