[
    {
        "type": "message",
        "user": "U2CU0HV7D",
        "text": "PSA that Adam's PSA about Grocery Outlet being the promised land was entirely unexaggerated and that I could e.g. get cashews for DIY soylent prices and that we all owe him for this knowledge that will maybe save us thousands of dollars a year",
        "ts": "1492315114.042146",
        "reactions": [
            {
                "name": "money_with_wings",
                "users": [
                    "U2D0K9866"
                ],
                "count": 1
            }
        ]
    },
    {
        "type": "message",
        "user": "U2CU0HV7D",
        "text": "Thank you Adam",
        "ts": "1492315121.042324"
    }
]