[
    {
        "type": "message",
        "user": "U2D0C4SH5",
        "text": "<!channel>  Chief has returned from hunt with food for all. Share. (In same places as before). ",
        "ts": "1484547432.000002",
        "reactions": [
            {
                "name": "smile",
                "users": [
                    "U2D026HHN"
                ],
                "count": 1
            },
            {
                "name": "raised_hands",
                "users": [
                    "U3K49B8H0"
                ],
                "count": 1
            },
            {
                "name": "lion_face",
                "users": [
                    "U2CU0JCGK",
                    "U2CU0HV7D",
                    "U2J7GJ50Q"
                ],
                "count": 3
            }
        ]
    }
]