[
    {
        "text": "I want to quickly apologize for not having ever made a house meeting. It’s not out of negligence, I just literally have had meetings all day on Sundays for the past year, otherwise it’s a school vacation and I’m out of town.",
        "thread_ts": "1510190621.000177",
        "type": "message",
        "subtype": "thread_broadcast",
        "user": "U2GK97M1A",
        "root": {
            "type": "message",
            "user": "U2D0C4SH5",
            "text": "Seems reasonable. 15:00? Any objections?",
            "thread_ts": "1510190621.000177",
            "reply_count": 1,
            "replies": [
                {
                    "user": "U2GK97M1A",
                    "ts": "1510445306.000017"
                }
            ],
            "unread_count": 1,
            "ts": "1510190621.000177"
        },
        "ts": "1510445306.000017",
        "reactions": [
            {
                "name": "+1",
                "users": [
                    "U2D0C4SH5"
                ],
                "count": 1
            }
        ]
    },
    {
        "type": "message",
        "user": "U2D0C4SH5",
        "text": "<!channel> \nDear Friends, \nYou are cordially invited to the brunch event in celebration of the 1.5 year friendiversary of Mr. Kurt Brown and Miss Elizabeth Garrett. The event will take place Sunday the 12th, departing from the house at 11:00. Location TBD. Weekend morning casual requested.",
        "ts": "1510455373.000019"
    }
]