[
    {
        "type": "message",
        "user": "U2D0C4SH5",
        "text": "I'm hosting weekly office hours for the house. The event is called \"Cocoa &amp; Concerns\" :slightly_smiling_face: \n\nWorried about some house system?\nHave something for the ad-hoc squad?\nFrustrated with how something works\/ doesn't work?\nHave a house related project in mind?\n\nCome tell me in person while we can drink hot chocolate.  :chocolate_bar: :coffee:",
        "ts": "1484679143.000002",
        "reactions": [
            {
                "name": "+1",
                "users": [
                    "U2CU0HV7D"
                ],
                "count": 1
            }
        ]
    }
]