[
    {
        "type": "message",
        "subtype": "file_share",
        "text": "<@U2D0CPE6M> uploaded a file: <https:\/\/theeventhorizon.slack.com\/files\/U2D0CPE6M\/F61CJTA3E\/img_20170628_224929.jpg|IMG_20170628_224929.jpg> and commented: <!channel> Laundry developments:\n\nWe now have these weird ball things.  They work like dryer sheets and you can just leave them in the dryer.",
        "file": {
            "id": "F61CJTA3E",
            "created": 1498716472,
            "timestamp": 1498716472,
            "name": "IMG_20170628_224929.jpg",
            "title": "IMG_20170628_224929.jpg",
            "mimetype": "image\/jpeg",
            "filetype": "jpg",
            "pretty_type": "JPEG",
            "user": "U2D0CPE6M",
            "editable": false,
            "size": 2886178,
            "mode": "hosted",
            "is_external": false,
            "external_type": "",
            "is_public": true,
            "public_url_shared": false,
            "display_as_bot": false,
            "username": "",
            "url_private": "https:\/\/files.slack.com\/files-pri\/T29RXEZQV-F61CJTA3E\/img_20170628_224929.jpg?t=xoxe-77881509845-278458240181-277799076385-f7aff9668b2352bc9174110ca96b42af",
            "url_private_download": "https:\/\/files.slack.com\/files-pri\/T29RXEZQV-F61CJTA3E\/download\/img_20170628_224929.jpg?t=xoxe-77881509845-278458240181-277799076385-f7aff9668b2352bc9174110ca96b42af",
            "thumb_64": "https:\/\/files.slack.com\/files-tmb\/T29RXEZQV-F61CJTA3E-29ec3fdb27\/img_20170628_224929_64.jpg?t=xoxe-77881509845-278458240181-277799076385-f7aff9668b2352bc9174110ca96b42af",
            "thumb_80": "https:\/\/files.slack.com\/files-tmb\/T29RXEZQV-F61CJTA3E-29ec3fdb27\/img_20170628_224929_80.jpg?t=xoxe-77881509845-278458240181-277799076385-f7aff9668b2352bc9174110ca96b42af",
            "thumb_360": "https:\/\/files.slack.com\/files-tmb\/T29RXEZQV-F61CJTA3E-29ec3fdb27\/img_20170628_224929_360.jpg?t=xoxe-77881509845-278458240181-277799076385-f7aff9668b2352bc9174110ca96b42af",
            "thumb_360_w": 270,
            "thumb_360_h": 360,
            "thumb_480": "https:\/\/files.slack.com\/files-tmb\/T29RXEZQV-F61CJTA3E-29ec3fdb27\/img_20170628_224929_480.jpg?t=xoxe-77881509845-278458240181-277799076385-f7aff9668b2352bc9174110ca96b42af",
            "thumb_480_w": 360,
            "thumb_480_h": 480,
            "thumb_160": "https:\/\/files.slack.com\/files-tmb\/T29RXEZQV-F61CJTA3E-29ec3fdb27\/img_20170628_224929_160.jpg?t=xoxe-77881509845-278458240181-277799076385-f7aff9668b2352bc9174110ca96b42af",
            "thumb_720": "https:\/\/files.slack.com\/files-tmb\/T29RXEZQV-F61CJTA3E-29ec3fdb27\/img_20170628_224929_720.jpg?t=xoxe-77881509845-278458240181-277799076385-f7aff9668b2352bc9174110ca96b42af",
            "thumb_720_w": 540,
            "thumb_720_h": 720,
            "thumb_800": "https:\/\/files.slack.com\/files-tmb\/T29RXEZQV-F61CJTA3E-29ec3fdb27\/img_20170628_224929_800.jpg?t=xoxe-77881509845-278458240181-277799076385-f7aff9668b2352bc9174110ca96b42af",
            "thumb_800_w": 800,
            "thumb_800_h": 1067,
            "thumb_960": "https:\/\/files.slack.com\/files-tmb\/T29RXEZQV-F61CJTA3E-29ec3fdb27\/img_20170628_224929_960.jpg?t=xoxe-77881509845-278458240181-277799076385-f7aff9668b2352bc9174110ca96b42af",
            "thumb_960_w": 720,
            "thumb_960_h": 960,
            "thumb_1024": "https:\/\/files.slack.com\/files-tmb\/T29RXEZQV-F61CJTA3E-29ec3fdb27\/img_20170628_224929_1024.jpg?t=xoxe-77881509845-278458240181-277799076385-f7aff9668b2352bc9174110ca96b42af",
            "thumb_1024_w": 768,
            "thumb_1024_h": 1024,
            "image_exif_rotation": 1,
            "original_w": 3024,
            "original_h": 4032,
            "permalink": "https:\/\/theeventhorizon.slack.com\/files\/U2D0CPE6M\/F61CJTA3E\/img_20170628_224929.jpg",
            "permalink_public": "https:\/\/slack-files.com\/T29RXEZQV-F61CJTA3E-20b02415d9",
            "channels": [],
            "groups": [],
            "ims": [],
            "comments_count": 1,
            "initial_comment": {
                "id": "Fc60Q4MUUR",
                "created": 1498716472,
                "timestamp": 1498716472,
                "user": "U2D0CPE6M",
                "is_intro": true,
                "comment": "<!channel> Laundry developments:\n\nWe now have these weird ball things.  They work like dryer sheets and you can just leave them in the dryer."
            }
        },
        "user": "U2D0CPE6M",
        "upload": true,
        "display_as_bot": false,
        "username": "quincy",
        "bot_id": null,
        "ts": "1498716477.491122"
    },
    {
        "type": "message",
        "subtype": "file_share",
        "text": "<@U2D0CPE6M> uploaded a file: <https:\/\/theeventhorizon.slack.com\/files\/U2D0CPE6M\/F61CLL98U\/img_20170628_230351.jpg|IMG_20170628_230351.jpg> and commented: Also, we have some hampers.  You can put clothes in them instead of suffering horribly.",
        "file": {
            "id": "F61CLL98U",
            "created": 1498716890,
            "timestamp": 1498716890,
            "name": "IMG_20170628_230351.jpg",
            "title": "IMG_20170628_230351.jpg",
            "mimetype": "image\/jpeg",
            "filetype": "jpg",
            "pretty_type": "JPEG",
            "user": "U2D0CPE6M",
            "editable": false,
            "size": 3480763,
            "mode": "hosted",
            "is_external": false,
            "external_type": "",
            "is_public": true,
            "public_url_shared": false,
            "display_as_bot": false,
            "username": "",
            "url_private": "https:\/\/files.slack.com\/files-pri\/T29RXEZQV-F61CLL98U\/img_20170628_230351.jpg?t=xoxe-77881509845-278458240181-277799076385-f7aff9668b2352bc9174110ca96b42af",
            "url_private_download": "https:\/\/files.slack.com\/files-pri\/T29RXEZQV-F61CLL98U\/download\/img_20170628_230351.jpg?t=xoxe-77881509845-278458240181-277799076385-f7aff9668b2352bc9174110ca96b42af",
            "thumb_64": "https:\/\/files.slack.com\/files-tmb\/T29RXEZQV-F61CLL98U-2fc82ba13f\/img_20170628_230351_64.jpg?t=xoxe-77881509845-278458240181-277799076385-f7aff9668b2352bc9174110ca96b42af",
            "thumb_80": "https:\/\/files.slack.com\/files-tmb\/T29RXEZQV-F61CLL98U-2fc82ba13f\/img_20170628_230351_80.jpg?t=xoxe-77881509845-278458240181-277799076385-f7aff9668b2352bc9174110ca96b42af",
            "thumb_360": "https:\/\/files.slack.com\/files-tmb\/T29RXEZQV-F61CLL98U-2fc82ba13f\/img_20170628_230351_360.jpg?t=xoxe-77881509845-278458240181-277799076385-f7aff9668b2352bc9174110ca96b42af",
            "thumb_360_w": 270,
            "thumb_360_h": 360,
            "thumb_480": "https:\/\/files.slack.com\/files-tmb\/T29RXEZQV-F61CLL98U-2fc82ba13f\/img_20170628_230351_480.jpg?t=xoxe-77881509845-278458240181-277799076385-f7aff9668b2352bc9174110ca96b42af",
            "thumb_480_w": 360,
            "thumb_480_h": 480,
            "thumb_160": "https:\/\/files.slack.com\/files-tmb\/T29RXEZQV-F61CLL98U-2fc82ba13f\/img_20170628_230351_160.jpg?t=xoxe-77881509845-278458240181-277799076385-f7aff9668b2352bc9174110ca96b42af",
            "thumb_720": "https:\/\/files.slack.com\/files-tmb\/T29RXEZQV-F61CLL98U-2fc82ba13f\/img_20170628_230351_720.jpg?t=xoxe-77881509845-278458240181-277799076385-f7aff9668b2352bc9174110ca96b42af",
            "thumb_720_w": 540,
            "thumb_720_h": 720,
            "thumb_800": "https:\/\/files.slack.com\/files-tmb\/T29RXEZQV-F61CLL98U-2fc82ba13f\/img_20170628_230351_800.jpg?t=xoxe-77881509845-278458240181-277799076385-f7aff9668b2352bc9174110ca96b42af",
            "thumb_800_w": 800,
            "thumb_800_h": 1067,
            "thumb_960": "https:\/\/files.slack.com\/files-tmb\/T29RXEZQV-F61CLL98U-2fc82ba13f\/img_20170628_230351_960.jpg?t=xoxe-77881509845-278458240181-277799076385-f7aff9668b2352bc9174110ca96b42af",
            "thumb_960_w": 720,
            "thumb_960_h": 960,
            "thumb_1024": "https:\/\/files.slack.com\/files-tmb\/T29RXEZQV-F61CLL98U-2fc82ba13f\/img_20170628_230351_1024.jpg?t=xoxe-77881509845-278458240181-277799076385-f7aff9668b2352bc9174110ca96b42af",
            "thumb_1024_w": 768,
            "thumb_1024_h": 1024,
            "image_exif_rotation": 1,
            "original_w": 3024,
            "original_h": 4032,
            "permalink": "https:\/\/theeventhorizon.slack.com\/files\/U2D0CPE6M\/F61CLL98U\/img_20170628_230351.jpg",
            "permalink_public": "https:\/\/slack-files.com\/T29RXEZQV-F61CLL98U-58585eba85",
            "channels": [],
            "groups": [],
            "ims": [],
            "comments_count": 1,
            "initial_comment": {
                "id": "Fc60Q6EZ6V",
                "created": 1498716890,
                "timestamp": 1498716890,
                "user": "U2D0CPE6M",
                "is_intro": true,
                "comment": "Also, we have some hampers.  You can put clothes in them instead of suffering horribly."
            },
            "reactions": [
                {
                    "name": "+1::skin-tone-2",
                    "users": [
                        "U2UPVPNTB"
                    ],
                    "count": 1
                },
                {
                    "name": "joy",
                    "users": [
                        "U3K49B8H0"
                    ],
                    "count": 1
                },
                {
                    "name": "heart",
                    "users": [
                        "U2D08CYRK"
                    ],
                    "count": 1
                }
            ]
        },
        "user": "U2D0CPE6M",
        "upload": true,
        "display_as_bot": false,
        "username": "quincy",
        "bot_id": null,
        "ts": "1498716895.548122"
    }
]