[
    {
        "type": "message",
        "user": "U2D0C4SH5",
        "text": "<!channel> Don't forget our Constitutional Convention today at 14:00 :)",
        "ts": "1485108288.000002",
        "reactions": [
            {
                "name": "classical_building",
                "users": [
                    "U2D0C4SH5",
                    "U2UPVPNTB"
                ],
                "count": 2
            },
            {
                "name": "scales",
                "users": [
                    "U2D0C4SH5"
                ],
                "count": 1
            },
            {
                "name": "crossed_swords",
                "users": [
                    "U2D0C4SH5"
                ],
                "count": 1
            },
            {
                "name": "book",
                "users": [
                    "U2D0C4SH5"
                ],
                "count": 1
            },
            {
                "name": "scroll",
                "users": [
                    "U2D0C4SH5",
                    "U2D01HLT0"
                ],
                "count": 2
            }
        ]
    },
    {
        "type": "message",
        "user": "U2GK97M1A",
        "text": "Please recap for me (or is it on a google doc somewhere?)",
        "ts": "1485131958.000002"
    },
    {
        "type": "message",
        "user": "U2CU0HV7D",
        "text": "Constitutional Convention gdoc had most of the info, but has now been updated as the agenda for the next convention. Likely still useful though",
        "ts": "1485132493.000003"
    }
]