[
    {
        "type": "message",
        "user": "U73F454BF",
        "text": "Can people who haven't been here for two months attend?",
        "thread_ts": "1506121136.000086",
        "parent_user_id": "U2D0C4SH5",
        "ts": "1506182076.000112"
    },
    {
        "type": "message",
        "user": "U2D0C4SH5",
        "text": "Unfortunately no, we discuss private matters. ",
        "thread_ts": "1506121136.000086",
        "parent_user_id": "U2D0C4SH5",
        "ts": "1506184712.000001"
    },
    {
        "type": "message",
        "user": "U4F57EN2F",
        "text": "<!channel> Pre-trash announcement: The piles of stuff in the second and third-floor kitchens will be thrown out next Sunday, 10\/1. Please don’t add anything to the bins in the next week. Before Friday morning, take stuff from the bins only if it’s yours. After that, until it goes out, everything is fair game.",
        "ts": "1506197661.000080",
        "reactions": [
            {
                "name": "heart",
                "users": [
                    "U2D0C4SH5"
                ],
                "count": 1
            },
            {
                "name": "beers",
                "users": [
                    "U2D0C4SH5"
                ],
                "count": 1
            }
        ]
    }
]