[
    {
        "type": "message",
        "user": "U2D0C4SH5",
        "text": "<!channel> food is here in the same places + bottom rack of the fridge door.",
        "ts": "1485807182.000002"
    },
    {
        "type": "message",
        "subtype": "pinned_item",
        "user": "U2D0C4SH5",
        "item_type": "C",
        "attachments": [
            {
                "fallback": "[January 9th, 2017 11:01 AM] elizabeth: <!channel> Free food! 2nd floor kitchen has CFAR spoils. Communal food is all food on the middle 2 rows in the fridge, the body (not door or top shelf) of the freezer, the fruit and breads on the dishwasher corpse, and two cubbies marked with blue tape. Eat as you are hungry. Do not squirrel away food for yourself. To get maximum group value, I'm heating up the food in the tins at 6ish for group dinner. :)",
                "ts": "1483988479.000002",
                "author_id": "U2D0C4SH5",
                "author_subname": "Elizabeth 🐠 Garrett",
                "channel_id": "C2ES6HA8K",
                "channel_name": "announcements",
                "is_msg_unfurl": true,
                "text": "<!channel> Free food! 2nd floor kitchen has CFAR spoils. Communal food is all food on the middle 2 rows in the fridge, the body (not door or top shelf) of the freezer, the fruit and breads on the dishwasher corpse, and two cubbies marked with blue tape. Eat as you are hungry. Do not squirrel away food for yourself. To get maximum group value, I'm heating up the food in the tins at 6ish for group dinner. :)",
                "author_name": "Elizabeth 🐠 Garrett",
                "author_link": "https:\/\/theeventhorizon.slack.com\/team\/U2D0C4SH5",
                "author_icon": "https:\/\/avatars.slack-edge.com\/2016-09-21\/82475556294_2706f2e7d97596014ae4_48.jpg",
                "mrkdwn_in": [
                    "text"
                ]
            }
        ],
        "text": "<@U2D0C4SH5> pinned a message to this channel.",
        "ts": "1485807201.000003"
    },
    {
        "type": "message",
        "user": "U2D0C4SH5",
        "text": "Ammendment: just the ice cream in the freezer",
        "edited": {
            "user": "U2D0C4SH5",
            "ts": "1485807257.000000"
        },
        "ts": "1485807241.000004",
        "reactions": [
            {
                "name": "raised_hands",
                "users": [
                    "U3K49B8H0",
                    "U2D0K9866"
                ],
                "count": 2
            }
        ]
    },
    {
        "type": "message",
        "user": "U2D0C4SH5",
        "text": "<!channel> Pre-trash from the porch has been brought inside. It is being thrown away tmrw. Now is your chance to claim your stuff :)\n\n#thanksconnor",
        "edited": {
            "user": "U2D0C4SH5",
            "ts": "1485828351.000000"
        },
        "ts": "1485828327.000006"
    }
]