[
    {
        "type": "message",
        "user": "U2D0K9866",
        "text": "Open call for ideas for our house sign out front (to replace the LaRen sign)",
        "thread_ts": "1500494313.881073",
        "reply_count": 1,
        "replies": [
            {
                "user": "U3K49B8H0",
                "ts": "1500494792.140181"
            }
        ],
        "unread_count": 1,
        "ts": "1500494313.881073"
    },
    {
        "type": "message",
        "user": "U3K49B8H0",
        "text": "Center for Applied Rationality",
        "thread_ts": "1500494313.881073",
        "parent_user_id": "U2D0K9866",
        "ts": "1500494792.140181",
        "reactions": [
            {
                "name": "laughing",
                "users": [
                    "U2D01HLT0"
                ],
                "count": 1
            }
        ]
    },
    {
        "type": "message",
        "subtype": "file_share",
        "text": "<@U2D01HLT0> uploaded a file: <https:\/\/theeventhorizon.slack.com\/files\/U2D01HLT0\/F6BUFGN3Y\/pasted_image_at_2017_07_19_02_31_pm.png|spacetime curvature black hole>",
        "file": {
            "id": "F6BUFGN3Y",
            "created": 1500499903,
            "timestamp": 1500499903,
            "name": "Pasted image at 2017_07_19 02_31 PM.png",
            "title": "spacetime curvature black hole",
            "mimetype": "image\/png",
            "filetype": "png",
            "pretty_type": "PNG",
            "user": "U2D01HLT0",
            "editable": false,
            "size": 90006,
            "mode": "hosted",
            "is_external": false,
            "external_type": "",
            "is_public": true,
            "public_url_shared": false,
            "display_as_bot": false,
            "username": "",
            "url_private": "https:\/\/files.slack.com\/files-pri\/T29RXEZQV-F6BUFGN3Y\/pasted_image_at_2017_07_19_02_31_pm.png?t=xoxe-77881509845-278458240181-277799076385-f7aff9668b2352bc9174110ca96b42af",
            "url_private_download": "https:\/\/files.slack.com\/files-pri\/T29RXEZQV-F6BUFGN3Y\/download\/pasted_image_at_2017_07_19_02_31_pm.png?t=xoxe-77881509845-278458240181-277799076385-f7aff9668b2352bc9174110ca96b42af",
            "thumb_64": "https:\/\/files.slack.com\/files-tmb\/T29RXEZQV-F6BUFGN3Y-ff7ff91753\/pasted_image_at_2017_07_19_02_31_pm_64.png?t=xoxe-77881509845-278458240181-277799076385-f7aff9668b2352bc9174110ca96b42af",
            "thumb_80": "https:\/\/files.slack.com\/files-tmb\/T29RXEZQV-F6BUFGN3Y-ff7ff91753\/pasted_image_at_2017_07_19_02_31_pm_80.png?t=xoxe-77881509845-278458240181-277799076385-f7aff9668b2352bc9174110ca96b42af",
            "thumb_360": "https:\/\/files.slack.com\/files-tmb\/T29RXEZQV-F6BUFGN3Y-ff7ff91753\/pasted_image_at_2017_07_19_02_31_pm_360.png?t=xoxe-77881509845-278458240181-277799076385-f7aff9668b2352bc9174110ca96b42af",
            "thumb_360_w": 293,
            "thumb_360_h": 280,
            "thumb_160": "https:\/\/files.slack.com\/files-tmb\/T29RXEZQV-F6BUFGN3Y-ff7ff91753\/pasted_image_at_2017_07_19_02_31_pm_160.png?t=xoxe-77881509845-278458240181-277799076385-f7aff9668b2352bc9174110ca96b42af",
            "image_exif_rotation": 1,
            "original_w": 293,
            "original_h": 280,
            "permalink": "https:\/\/theeventhorizon.slack.com\/files\/U2D01HLT0\/F6BUFGN3Y\/pasted_image_at_2017_07_19_02_31_pm.png",
            "permalink_public": "https:\/\/slack-files.com\/T29RXEZQV-F6BUFGN3Y-60440d75e3",
            "channels": [],
            "groups": [],
            "ims": [],
            "comments_count": 0
        },
        "user": "U2D01HLT0",
        "upload": true,
        "display_as_bot": false,
        "username": "kurt",
        "bot_id": null,
        "ts": "1500499904.640047"
    },
    {
        "type": "message",
        "user": "U2D01HLT0",
        "text": "^Without any text on it so that only the ingroup will get it, which is desirable because it is a private house, not an eating establishment.",
        "ts": "1500500030.693156",
        "reactions": [
            {
                "name": "smile",
                "users": [
                    "U2D0K9866",
                    "U2D0CPE6M"
                ],
                "count": 2
            }
        ]
    },
    {
        "type": "message",
        "subtype": "file_share",
        "text": "<@U2D0C4SH5> uploaded a file: <https:\/\/theeventhorizon.slack.com\/files\/U2D0C4SH5\/F6BV98M9U\/20170713_191911.jpg|20170713_191911.jpg>",
        "file": {
            "id": "F6BV98M9U",
            "created": 1500504093,
            "timestamp": 1500504093,
            "name": "20170713_191911.jpg",
            "title": "20170713_191911.jpg",
            "mimetype": "image\/jpeg",
            "filetype": "jpg",
            "pretty_type": "JPEG",
            "user": "U2D0C4SH5",
            "editable": false,
            "size": 2414029,
            "mode": "hosted",
            "is_external": false,
            "external_type": "",
            "is_public": true,
            "public_url_shared": false,
            "display_as_bot": false,
            "username": "",
            "url_private": "https:\/\/files.slack.com\/files-pri\/T29RXEZQV-F6BV98M9U\/20170713_191911.jpg?t=xoxe-77881509845-278458240181-277799076385-f7aff9668b2352bc9174110ca96b42af",
            "url_private_download": "https:\/\/files.slack.com\/files-pri\/T29RXEZQV-F6BV98M9U\/download\/20170713_191911.jpg?t=xoxe-77881509845-278458240181-277799076385-f7aff9668b2352bc9174110ca96b42af",
            "thumb_64": "https:\/\/files.slack.com\/files-tmb\/T29RXEZQV-F6BV98M9U-f134f55642\/20170713_191911_64.jpg?t=xoxe-77881509845-278458240181-277799076385-f7aff9668b2352bc9174110ca96b42af",
            "thumb_80": "https:\/\/files.slack.com\/files-tmb\/T29RXEZQV-F6BV98M9U-f134f55642\/20170713_191911_80.jpg?t=xoxe-77881509845-278458240181-277799076385-f7aff9668b2352bc9174110ca96b42af",
            "thumb_360": "https:\/\/files.slack.com\/files-tmb\/T29RXEZQV-F6BV98M9U-f134f55642\/20170713_191911_360.jpg?t=xoxe-77881509845-278458240181-277799076385-f7aff9668b2352bc9174110ca96b42af",
            "thumb_360_w": 360,
            "thumb_360_h": 360,
            "thumb_480": "https:\/\/files.slack.com\/files-tmb\/T29RXEZQV-F6BV98M9U-f134f55642\/20170713_191911_480.jpg?t=xoxe-77881509845-278458240181-277799076385-f7aff9668b2352bc9174110ca96b42af",
            "thumb_480_w": 480,
            "thumb_480_h": 480,
            "thumb_160": "https:\/\/files.slack.com\/files-tmb\/T29RXEZQV-F6BV98M9U-f134f55642\/20170713_191911_160.jpg?t=xoxe-77881509845-278458240181-277799076385-f7aff9668b2352bc9174110ca96b42af",
            "thumb_720": "https:\/\/files.slack.com\/files-tmb\/T29RXEZQV-F6BV98M9U-f134f55642\/20170713_191911_720.jpg?t=xoxe-77881509845-278458240181-277799076385-f7aff9668b2352bc9174110ca96b42af",
            "thumb_720_w": 720,
            "thumb_720_h": 720,
            "thumb_800": "https:\/\/files.slack.com\/files-tmb\/T29RXEZQV-F6BV98M9U-f134f55642\/20170713_191911_800.jpg?t=xoxe-77881509845-278458240181-277799076385-f7aff9668b2352bc9174110ca96b42af",
            "thumb_800_w": 800,
            "thumb_800_h": 800,
            "thumb_960": "https:\/\/files.slack.com\/files-tmb\/T29RXEZQV-F6BV98M9U-f134f55642\/20170713_191911_960.jpg?t=xoxe-77881509845-278458240181-277799076385-f7aff9668b2352bc9174110ca96b42af",
            "thumb_960_w": 960,
            "thumb_960_h": 960,
            "thumb_1024": "https:\/\/files.slack.com\/files-tmb\/T29RXEZQV-F6BV98M9U-f134f55642\/20170713_191911_1024.jpg?t=xoxe-77881509845-278458240181-277799076385-f7aff9668b2352bc9174110ca96b42af",
            "thumb_1024_w": 1024,
            "thumb_1024_h": 1024,
            "image_exif_rotation": 1,
            "original_w": 2160,
            "original_h": 2160,
            "permalink": "https:\/\/theeventhorizon.slack.com\/files\/U2D0C4SH5\/F6BV98M9U\/20170713_191911.jpg",
            "permalink_public": "https:\/\/slack-files.com\/T29RXEZQV-F6BV98M9U-7711175f8e",
            "channels": [],
            "groups": [],
            "ims": [],
            "comments_count": 0
        },
        "user": "U2D0C4SH5",
        "upload": true,
        "display_as_bot": false,
        "username": "elizabeth",
        "bot_id": null,
        "ts": "1500504096.138670"
    },
    {
        "type": "message",
        "user": "U2D0C4SH5",
        "text": "^A giant popsicle. No explanation or justification required. Maybe add a pun?",
        "ts": "1500504134.149692"
    },
    {
        "type": "message",
        "user": "U3K49B8H0",
        "text": "lets hope no one pops it?",
        "ts": "1500507807.134529"
    },
    {
        "type": "message",
        "user": "U3K49B8H0",
        "text": "ohhh, you meant on the sign. whoops",
        "ts": "1500507844.143147"
    }
]