[
    {
        "type": "message",
        "user": "U2D0C4SH5",
        "text": "<!channel> What are you brining to the phenomenological potluck? Post it in the fb group :slightly_smiling_face:",
        "ts": "1501461221.352055"
    },
    {
        "type": "message",
        "user": "U2D0C4SH5",
        "text": "<!channel> Sorry for the spam, but reminder that we have a our monthly house meeting in 10 minutes.",
        "ts": "1501462357.482883"
    },
    {
        "type": "message",
        "user": "U2D08CYRK",
        "text": "Meant to send this out earlier: I'm out of town until Tuesday, so make sure to check the front steps for any packages you're expecting.",
        "ts": "1501462481.497940"
    }
]