[
    {
        "type": "message",
        "user": "U3K49B8H0",
        "text": "<!channel> Pretrash on 2nd and 3rd goes out tonight! Feel free to pillage before then!\n(<@U4F57EN2F>, thank you for your service! :slightly_smiling_face: )",
        "ts": "1502040423.829848"
    },
    {
        "type": "message",
        "user": "U4F57EN2F",
        "text": "Pillage only the bin on the right",
        "ts": "1502043258.061964",
        "reactions": [
            {
                "name": "+1",
                "users": [
                    "U3K49B8H0"
                ],
                "count": 1
            }
        ]
    }
]