[
    {
        "type": "message",
        "user": "U2J7GJ50Q",
        "text": "1. @ channel since it's a best assumption that no one reads slack\n\n2. at least 3 day's notice \n\n3. don't bring him inside *at all* since we all voted and decided he cannot be inside *at all*. He is perfectly capable of being handed things outside after sending lists of things he thinks belong to him that we can collect for him at our leisure. \n\nBringing him inside on short notice was upsetting to several people and is extremely inconsiderate and disrespectful. None of us should ever feel uncomfortable in our own home. I am angry at you for this.\n\nWe do not operate on Giego's timescale or for his convenience in any possible slight way whatsoever. There are 15+ people in the house who *pay to live here* and those are the only people who get to be considered where the house is concerned.",
        "edited": {
            "user": "U2J7GJ50Q",
            "ts": "1487161578.000000"
        },
        "ts": "1487158978.000017"
    },
    {
        "type": "message",
        "user": "U2D08CYRK",
        "text": "<@U2J7GJ50Q> thanks for feedback!\n\nA couple notes:\n\n&gt; we all voted and decided he cannot be inside *at all*\n\nIt was my understanding that we agreed that he could not be a visitor to EH, with an exception for when he comes to pick up his stuff. I thought that’s what we all agreed on. I was not contemplating him standing outside in that scenario. If that’s what others were imagining, then it seems we miscommunicated. (Or I misremembered?)\n\nI did not think what happened was in violation of what we voted on, and wouldn’t have done it if I did.\n\n&gt; He is perfectly capable of being handed things outside after sending lists of things he thinks belong to him\n\nFair point.\n\n&gt; We do not operate on Giego's timescale\n\nTo be clear, this wasn’t a case of Diego showing up on short notice. He and I arranged last week to meet up today, and to do a handoff of his stuff that was in my room. I realized yesterday afternoon that I hadn’t told anybody about it and that I should post in slack. It now seems clear that not posting sooner was a mistake.\n\nMy apologies to those who felt uncomfortable and\/or were caught by surprise. I will make sure that doesn’t happen again.",
        "ts": "1487177163.000002"
    },
    {
        "type": "message",
        "user": "U2D0K9866",
        "text": "Bryan, Eric is correct -- that's not what we agreed on. We agreed to a complete ban *after* he came to get his stuff",
        "ts": "1487186161.000002"
    },
    {
        "type": "message",
        "user": "U2D0K9866",
        "text": "Also want to mention that imo 1) one day's notice on slack seems totally reasonable, 2) it's absurd to expect that nobody will ever feel uncomfortable in a huge group home. I do regularly, for example currently while having this conversation, and this doesn't surprise me given how many monkeys we cram in here. Think the steelman is \"minimize discomfort given constraints\"",
        "edited": {
            "user": "U2D0K9866",
            "ts": "1487186769.000000"
        },
        "ts": "1487186600.000003"
    },
    {
        "type": "message",
        "user": "U2J7GJ50Q",
        "text": "There was a strong element of \"Giego will come pick up his stuff once or twice\" that was assumed at the meeting. This is now looking like 4+ trips of much longer lengths than expected (1st time which was like 5 hours) and that are being very spontaneous (which it was 1st time and looked like yesterday and was in practicality).\n\nHow many more trips of Giego showing up and wandering through the house for hours should we expect to see? 2 more? 4 more? 6 more because he keeps thinking of things like finding magic cards and no one wants to enforce boundaries? No. Fuck that.\n\nThe things implicitly agreed upon are not being followed.\n\nThe level of uncomfortable I'm talking about is everyone upstairs being upset enough to stop all conversation, have their evenings screwed with, and go hide in their rooms because they don't want to even exist in the common areas. This is categorically something I strongly oppose and think should be loudly brought up any time things get to that level. Most especially if it's because of someone who doesn't live here. (Nevermind someone already outright *banned*.)\n\nNone of you should ever feel that way here and it is never okay for someone to make you feel that way here.",
        "edited": {
            "user": "U2J7GJ50Q",
            "ts": "1487188998.000000"
        },
        "ts": "1487187185.000007"
    },
    {
        "type": "message",
        "user": "U2D0C4SH5",
        "text": "For posterity, Giego has come 3 times. \n1st was a surprise to everyone\n2nd was organized right after the first with the people that happened to be at the first\n3rd was last night, organized with Eric R, with 5 hours notice.",
        "ts": "1487193998.000016"
    },
    {
        "type": "message",
        "user": "U2D0C4SH5",
        "text": "Kris is staying in Eric Bruylant's room and as his helper\/assistant until Eric feels better. He is paying the house a reduced guest amount.",
        "ts": "1487195421.000017",
        "reactions": [
            {
                "name": "+1",
                "users": [
                    "U2D08CYRK",
                    "U2D026HHN",
                    "U2J7GJ50Q",
                    "U2D0CPE6M"
                ],
                "count": 4
            }
        ]
    },
    {
        "type": "message",
        "user": "U2J7GJ50Q",
        "text": "How many more visits are we currently expecting? Sounded like 2, but that means easily 3 (or more). \nGiego being in the house 6+ times after being explicitly fully banned is obviously against what everyone voted on.\n\nI should also publicly note that I am being partially unfair to Eric and that I'm far more fed up with the whole situation itself than any given person.",
        "ts": "1487199853.000021"
    },
    {
        "type": "message",
        "user": "U2D08CYRK",
        "text": "I wouldn’t be surprised if we can get it down to zero\/one more times. Let’s shoot for one of those.",
        "ts": "1487200607.000023",
        "reactions": [
            {
                "name": "+1",
                "users": [
                    "U2J7GJ50Q",
                    "U2CU0JCGK"
                ],
                "count": 2
            }
        ]
    }
]