[
    {
        "user": "U5ZV6L94G",
        "inviter": "U2GK97M1A",
        "text": "<@U5ZV6L94G> has joined the channel",
        "type": "message",
        "subtype": "channel_join",
        "ts": "1501714323.901066"
    },
    {
        "user": "U648CNV1C",
        "inviter": "U2GK97M1A",
        "text": "<@U648CNV1C> has joined the channel",
        "type": "message",
        "subtype": "channel_join",
        "ts": "1501714332.903978"
    },
    {
        "user": "U614WV9NC",
        "inviter": "U2GK97M1A",
        "text": "<@U614WV9NC> has joined the channel",
        "type": "message",
        "subtype": "channel_join",
        "ts": "1501714343.907358"
    }
]