[
    {
        "type": "message",
        "user": "U2CU0HV7D",
        "text": "<!channel>: March 1\/n is up a day early; payments came out to $203.64; major inclusions were being ahead $500 in rent (thanks Elizabeth + everyone who pays costs when Eli is asleep in common space), paying $400 on the loan from Rogs ($200 left), and paying our insane 2-month water bills on time (a month ahead of normal). Next month is expected at $204 and we'll pay off our loan (2 months early), and it could be even less with guests or Veronica (a $500 guest reduces cost by $33).",
        "ts": "1490827651.478402"
    },
    {
        "type": "message",
        "user": "U2CU0HV7D",
        "text": "Please pay within a week, unless you have made arrangements with me!",
        "ts": "1490827674.482590"
    },
    {
        "type": "message",
        "user": "U2CU0HV7D",
        "text": "To be clear, that's 4\/7; I'm going to actually charge 5% late fees this month",
        "ts": "1490827738.494664"
    },
    {
        "type": "message",
        "user": "U2CU0HV7D",
        "text": "Also a reminder (because there was some confusion) that I mentioned last month or the month before that the new status quo is *$200\/month*; early on we had underestimated water bills, so when we were paying $120-160 the first few months, we were significantly below the ~$180 actual baseline, and now we are about halfway through sixish months of paying an extra $20\/month to make up for those. Maybe if there are lots of guests this summer we'll get back to $180 early, but in general you should expect $200 and be glad if we get a break. Also a reminder that after Diego left, *we made every single thing super transparent so now you can go look at any of the spreadsheets and even see where I make an advance estimate every month of what the next month will look like just for you*",
        "ts": "1490828640.670885"
    },
    {
        "type": "message",
        "user": "U2CU0HV7D",
        "text": "In concurrence with Diego's scapegoating theories, any qualms about the financial situation can be turned directly into animosity for Eric Bruylant to pin all of our evils on him as he leaves and give us a new beginning! Hooray for justice being served",
        "ts": "1490829284.785898"
    },
    {
        "type": "message",
        "user": "U2CU0HV7D",
        "text": "Guys do you think scapegoat derives from \"escape\" ????????? for more inspiring thoughts, sign up for my newsletter, delivered directly to the announcements channel on Wednesdays",
        "ts": "1490829444.813743",
        "reactions": [
            {
                "name": "laughing",
                "users": [
                    "U3K49B8H0",
                    "U2D0K9866"
                ],
                "count": 2
            }
        ]
    },
    {
        "type": "message",
        "user": "U2CU0HV7D",
        "text": "Over and out",
        "ts": "1490829456.815842"
    },
    {
        "type": "message",
        "user": "U2D01HAA2",
        "text": "Sings point to yes, though this may be based on misreading a demon's name as an ordinary word <https:\/\/en.wikipedia.org\/wiki\/Scapegoat#Etymology>",
        "edited": {
            "user": "U2D01HAA2",
            "ts": "1490832306.000000"
        },
        "ts": "1490832282.275298",
        "reactions": [
            {
                "name": "+1",
                "users": [
                    "U2D0K9866"
                ],
                "count": 1
            }
        ]
    }
]