[
    {
        "type": "message",
        "user": "U2D0CPE6M",
        "text": "In unrelated news, I expect 1\/n will be significantly higher this month.  Expect a return to the good old days when 1\/n was $150-$200.",
        "edited": {
            "user": "U2D0CPE6M",
            "ts": "1502247784.000000"
        },
        "ts": "1502247773.563840"
    },
    {
        "type": "message",
        "user": "U2D0C4SH5",
        "text": "uhg",
        "ts": "1502247804.569710"
    },
    {
        "type": "message",
        "user": "U2D0C4SH5",
        "text": "but",
        "ts": "1502247808.570419"
    },
    {
        "type": "message",
        "user": "U2D0C4SH5",
        "text": "guests!",
        "ts": "1502247810.570880"
    },
    {
        "type": "message",
        "user": "U2D0CPE6M",
        "text": "Maybe less",
        "ts": "1502249974.919225"
    },
    {
        "type": "message",
        "user": "U2D0CPE6M",
        "text": "Maybe much less with EAG-ers?",
        "ts": "1502250931.070311"
    }
]