[
    {
        "type": "message",
        "user": "U2D0C4SH5",
        "text": "<!channel> Please get your stuff from the 2nd fl. We've got potential awesome housemates and guests coming today and through next week.",
        "ts": "1502403962.898683"
    },
    {
        "type": "message",
        "user": "U2D0CPE6M",
        "text": "Can someone put my rice on the balcony?",
        "ts": "1502404261.990473"
    },
    {
        "type": "message",
        "user": "U2D0C4SH5",
        "text": "lol",
        "ts": "1502404540.074297"
    }
]