[
    {
        "type": "message",
        "user": "U2D01HLT0",
        "text": "I’m taking another vow of silence starting tomorrow (Monday) and lasting until 23:59 on Wednesday. I have stuff to do this week so this one only applies while I’m on the Event Horizon premises.",
        "thread_ts": "1497832854.234841",
        "reply_count": 2,
        "replies": [
            {
                "user": "U4F57EN2F",
                "ts": "1497848147.640637"
            },
            {
                "user": "USLACKBOT",
                "ts": "1497848147.640653"
            }
        ],
        "unread_count": 2,
        "ts": "1497832854.234841",
        "reactions": [
            {
                "name": "grimacing",
                "users": [
                    "U2D0CPE6M"
                ],
                "count": 1
            },
            {
                "name": "raised_hands",
                "users": [
                    "U3K49B8H0"
                ],
                "count": 1
            },
            {
                "name": "no_mouth",
                "users": [
                    "U2GK97M1A"
                ],
                "count": 1
            },
            {
                "name": "shell",
                "users": [
                    "U29QA5RU3"
                ],
                "count": 1
            }
        ]
    },
    {
        "type": "message",
        "user": "U4F57EN2F",
        "text": "kurt: cool idea",
        "thread_ts": "1497832854.234841",
        "parent_user_id": "U2D01HLT0",
        "ts": "1497848147.640637"
    },
    {
        "text": "smells like teen spirit",
        "type": "message",
        "subtype": "slackbot_response",
        "user": "USLACKBOT",
        "thread_ts": "1497832854.234841",
        "parent_user_id": "U2D01HLT0",
        "ts": "1497848147.640653"
    }
]