[
    {
        "type": "message",
        "user": "U2CU0HV7D",
        "text": "My flight home just got cancelled so if it turns out that Planet Earth has to get postponed for strange and unforeseen reasons, I will not vote against it",
        "ts": "1484068112.000002"
    },
    {
        "type": "message",
        "user": "U2D0C4SH5",
        "text": "<!channel> Exterminators are coming to the house next Wednesday (18th)! We need to be out by 10AM and probably not back until 2 (I will update you). The cost is 145$ Please emoticon that you've received this message. If you have strong objections, please let me know.",
        "ts": "1484094849.000003",
        "reactions": [
            {
                "name": "eyes",
                "users": [
                    "U2D08CYRK",
                    "U2D01HLT0"
                ],
                "count": 2
            },
            {
                "name": "tropical_fish",
                "users": [
                    "U2D0C4SH5"
                ],
                "count": 1
            },
            {
                "name": "ant",
                "users": [
                    "U2CU0HV7D",
                    "U2CU0JCGK",
                    "U2D0CPE6M",
                    "U2UPVPNTB",
                    "U2D0K9866",
                    "U3K49B8H0",
                    "U2CU0JFFD",
                    "U2D01HAA2"
                ],
                "count": 8
            },
            {
                "name": "robot_face",
                "users": [
                    "U2D026HHN"
                ],
                "count": 1
            },
            {
                "name": "skull_and_crossbones",
                "users": [
                    "U2GK97M1A"
                ],
                "count": 1
            }
        ]
    },
    {
        "type": "message",
        "user": "U2CU0JCGK",
        "text": "This sounds like it will be... logistically interesting.",
        "ts": "1484095414.000004"
    }
]