[
    {
        "type": "message",
        "user": "U2D0K9866",
        "text": "elizabeth: everything on the left side under the sink is mine, please don't throw it out",
        "thread_ts": "1490315350.375108",
        "parent_user_id": "U2D0C4SH5",
        "ts": "1490545209.092058"
    },
    {
        "type": "message",
        "user": "U2D0C4SH5",
        "text": "Did you also check behind the mirror?",
        "thread_ts": "1490315350.375108",
        "parent_user_id": "U2D0C4SH5",
        "ts": "1490549690.344747"
    },
    {
        "timestamp": "1490549690344747",
        "is_multiteam": false,
        "slog_is_shared": "0",
        "slog_is_mpdm": null,
        "slog_is_slackbot_dm": false,
        "slog_is_self_dm": false,
        "is_thread_broadcast": true,
        "attachments": [
            {
                "from_url": "https:\/\/theeventhorizon.slack.com\/archives\/C2ES6HA8K\/p1490315350375108",
                "fallback": "[March 23rd, 2017 5:29 PM] elizabeth: <!channel> Spring Cleaning: 3rd fl large bathroom. I have taken all the shampoos etc out of the shower. Put back what is yours. Also, the mirrored cabinet and under the sink are disgusting and I suspect are mostly full of past residents' stuff. Please grab what is yours from there as well. Everything is being thrown out Sunday. If you're not here this weekend, pm me what you want set aside. :slightly_smiling_face:",
                "ts": "1490315350.375108",
                "author_subname": "elizabeth",
                "channel_id": "C2ES6HA8K",
                "channel_name": "announcements",
                "is_msg_unfurl": true,
                "is_thread_root_unfurl": true,
                "text": "<!channel> Spring Cleaning: 3rd fl large bathroom. I have taken all the shampoos etc out of the shower. Put back what is yours. Also, the mirrored cabinet and under the sink are disgusting and I suspect are mostly full of past residents' stuff. Please grab what is yours from there as well. Everything is being thrown out Sunday. If you're not here this weekend, pm me what you want set aside. :slightly_smiling_face:",
                "author_name": "Elizabeth Garrett",
                "author_link": "https:\/\/theeventhorizon.slack.com\/team\/elizabeth",
                "author_icon": "https:\/\/avatars.slack-edge.com\/2016-09-21\/82475556294_2706f2e7d97596014ae4_48.jpg",
                "mrkdwn_in": [
                    "text"
                ],
                "id": 1,
                "footer": "3 replies"
            },
            {
                "fallback": "Did you also check behind the mirror?",
                "author_name": "Elizabeth Garrett",
                "author_subname": "elizabeth",
                "text": "Did you also check behind the mirror?",
                "mrkdwn_in": [
                    "text"
                ],
                "author_link": "https:\/\/theeventhorizon.slack.com\/team\/elizabeth",
                "from_url": "https:\/\/theeventhorizon.slack.com\/archives\/C2ES6HA8K\/p1490549690344747?thread_ts=1490315350375108&cid=C2ES6HA8K",
                "ts": "1490549690.344747",
                "author_icon": "https:\/\/avatars.slack-edge.com\/2016-09-21\/82475556294_2706f2e7d97596014ae4_48.jpg",
                "id": 2
            }
        ],
        "text": "",
        "type": "message",
        "subtype": "reply_broadcast",
        "user": "U2D0C4SH5",
        "ts": "1490549690.344750"
    },
    {
        "type": "message",
        "user": "U2CU0HV7D",
        "text": "Dryer is starting to get really difficult to start, e.g. trying four different positions of the dial before it will turn on. Seems like it's been getting worse, but hard to tell. Should be ok for now, but flagging",
        "ts": "1490568599.418362",
        "reactions": [
            {
                "name": "tophat",
                "users": [
                    "U2J7GJ50Q"
                ],
                "count": 1
            }
        ]
    },
    {
        "type": "message",
        "user": "U2D0K9866",
        "text": "nothing of mine there I don't think, tons useful stuff though - where is pretrash for it?",
        "thread_ts": "1490315350.375108",
        "parent_user_id": "U2D0C4SH5",
        "ts": "1490586897.842889"
    }
]