[
    {
        "type": "message",
        "user": "U4BCD5AQ7",
        "text": "can I pay someone with cash?",
        "ts": "1489050573.000031"
    },
    {
        "type": "message",
        "user": "U4BCD5AQ7",
        "text": "paypal is not an option for me, and card cross borders is inconvenient \/ comes with fees",
        "ts": "1489050615.000032"
    },
    {
        "type": "message",
        "user": "U2CU0HV7D",
        "text": "You can pay me with cash tomorrow",
        "ts": "1489057663.000033"
    },
    {
        "type": "message",
        "user": "U2D0K9866",
        "text": "desqueaked the bike",
        "ts": "1489103546.000002"
    }
]