[
    {
        "type": "message",
        "user": "U2CU0HV7D",
        "text": "<!channel>: just added 5% late fees on splitwise for two people this month. One person told me ahead of time they would be late and so avoided it",
        "ts": "1491771402.387974"
    },
    {
        "type": "message",
        "user": "U2CU0HV7D",
        "text": "I bought some reasonably well-reviewed L theanine for the house to try with non-house money, feel free to take small to medium amounts from the medicine drawer but maybe don't use it for continual use",
        "ts": "1491773977.524032",
        "reactions": [
            {
                "name": "raised_hands",
                "users": [
                    "U2D0CPE6M",
                    "U2D026HHN"
                ],
                "count": 2
            }
        ]
    },
    {
        "type": "message",
        "user": "U2J7GJ50Q",
        "text": "Were people alerted that they were late like usual?",
        "ts": "1491776102.632833"
    },
    {
        "type": "message",
        "user": "U2CU0HV7D",
        "text": "No, but both people had out-standing balances that they still hadn't paid from last month, so I thought it was fair",
        "ts": "1491778395.749438",
        "reactions": [
            {
                "name": "+1",
                "users": [
                    "U2J7GJ50Q"
                ],
                "count": 1
            }
        ]
    },
    {
        "type": "message",
        "user": "U2D08CYRK",
        "text": "PSA: Gate has been harder to close recently. Try lifting up slightly. Prefer to leave it open rather than slamming it.\n\nChristina requests:\n\n&gt; Hi !\n&gt; Since the rain, the gate has been affected by the weather and at sometimes hard to close-\n&gt; Pls advice your roommates not to slam the gate, if they can’t close the door gently, try to lift the gate a bit, that way they should be able to close the gate;\n&gt; If that still couldn’t close the gate, then leave it open, I’ll soon adjust the gate so it works again;\n&gt; by slamming the gate, it really doesn’t help and will break the gate sooner or later.",
        "edited": {
            "user": "U2D08CYRK",
            "ts": "1491779434.000000"
        },
        "ts": "1491779360.803693"
    },
    {
        "type": "message",
        "user": "U2CU0HV7D",
        "text": "I was lifting yesterday morning and it was fitting well; by the evening when Phoenix and I got cake, it was almost impossible to get to stay shut whether lifting or not, because it was just too loose. So I think we wrecked it this time. If she fixes it the same way again we should totally try hard to lift instead of slamming or yanking, but I really think she should put a latch on it because getting 15+ people to not do the obvious thing is really difficult",
        "ts": "1491781906.951864",
        "reactions": [
            {
                "name": "gear",
                "users": [
                    "U2D01HLT0"
                ],
                "count": 1
            },
            {
                "name": "+1",
                "users": [
                    "U2D08CYRK"
                ],
                "count": 1
            }
        ]
    },
    {
        "type": "message",
        "user": "U2CU0HV7D",
        "text": "Special request for laundry person to do laundry promptly today so I can do bed bug stuff (just restarted your wash), and also floor laundry mountain person to remove floor laundry mountain so no bed bugs drop into it",
        "ts": "1491784497.128297"
    },
    {
        "type": "message",
        "user": "U2D01HAA2",
        "text": "Bed bugs?!",
        "ts": "1491787622.386427",
        "reactions": [
            {
                "name": "eyes",
                "users": [
                    "U2D08CYRK",
                    "U2J7GJ50Q",
                    "U2UPVPNTB"
                ],
                "count": 3
            }
        ]
    },
    {
        "type": "message",
        "user": "U2J7GJ50Q",
        "text": "Can we buy 5x what you were going to for bed bugs if it isn't super expensive? Then we can have it on all the things before it can spread",
        "ts": "1491790965.700238"
    },
    {
        "type": "message",
        "user": "U2CU0HV7D",
        "text": "I haven't yet seen a bed bug and there is no feces on my sheets where it should be, but I have a bunch of their bites on my legs that may have come from Florida. Will do everything I possibly can to contain them if proof surfaces that they are now in our room",
        "ts": "1491802160.705834",
        "reactions": [
            {
                "name": "+1",
                "users": [
                    "U2D0C4SH5"
                ],
                "count": 1
            }
        ]
    }
]