[
    {
        "type": "message",
        "user": "U2D0C4SH5",
        "text": "<!channel> Free food! 2nd floor kitchen has CFAR spoils. Communal food is all food on the middle 2 rows in the fridge, the body (not door or top shelf) of the freezer, the fruit and breads on the dishwasher corpse, and two cubbies marked with blue tape. Eat as you are hungry. Do not squirrel away food for yourself. To get maximum group value, I'm heating up the food in the tins at 6ish for group dinner. :)",
        "edited": {
            "user": "U2D0C4SH5",
            "ts": "1483988726.000000"
        },
        "ts": "1483988479.000002",
        "reactions": [
            {
                "name": "+1",
                "users": [
                    "U2D0CPE6M",
                    "U2D026HHN",
                    "U2CU0HV7D"
                ],
                "count": 3
            }
        ]
    },
    {
        "type": "message",
        "user": "U2D0C4SH5",
        "text": "Notice changes",
        "ts": "1483988738.000004"
    },
    {
        "type": "message",
        "user": "U2D0C4SH5",
        "text": "Due to unforseen changes, dinner starting at 7",
        "ts": "1484016074.000005"
    }
]