[
    {
        "type": "message",
        "user": "U2D08CYRK",
        "text": "<!channel>\n\ntl;dr An opportunity has presented itself for us to fulfill our Manifest Destiny. Do we take it?\n\nChristina (our landlord) is moving to Taiwan indefinitely to take care of her mom. She says she’ll be back in town 2-3 times per year. She’s going to close the cafe and turn the first floor into a living space to rent out. She’s offering us first dibs. (She hasn’t publicly announced that she’s closing the cafe, so please keep this a secret for now. I think even the baristas don’t know yet.)\n\nI’m sad to see the cafe go, but it seems to me that if the first floor is going to be rented out to someone, I’d much rather that we get a say as to who it is than that it be randos. So I think that, if the price is right, we should take it. (Also, it’d be cool to have the whole house.)\n\nI’ve been in conversation with Christina about the details (with some help from Matt and Elizabeth). Christina’s current thinking is that she’d divide the south side of the cafe (where the counter is) into three bedrooms. (These would each be about the size of Ben and Bryan’s rooms.) Adding in the room that’s currently her office\/bedroom, that’s:\n* 4 bedrooms,\n* 1 bathroom (which happens to have a hidden shower in it),\n* a huge open living \/ working space, and\n* no real kitchen (there would a fridge + sink + hot plate, but no oven).\nIt looks like the rent for the floor would be somewhere in the $4500 to $5000 range (she started at $6000, but I’ve been talking her down).\n\nAt that price, I’m leaning towards taking it (and Rick says he’d be down to co-sign again).\n\nWhat do people think?",
        "ts": "1490927416.054640",
        "reactions": [
            {
                "name": "+1",
                "users": [
                    "U2D0CPE6M",
                    "U2CU0JCGK",
                    "U2CU0JFFD",
                    "U3K49B8H0",
                    "U2D0K9866",
                    "U2GK97M1A",
                    "U2D026HHN",
                    "U2UPVPNTB"
                ],
                "count": 8
            },
            {
                "name": "beers",
                "users": [
                    "U3K49B8H0",
                    "U2D0K9866"
                ],
                "count": 2
            }
        ]
    },
    {
        "type": "message",
        "user": "U2D01HLT0",
        "text": "I disagree, I’m not sad to see the cafe go, everything is overpriced and the service is abhorrent.",
        "ts": "1490930071.346308"
    },
    {
        "type": "message",
        "user": "U2D08CYRK",
        "text": "<@U2D01HLT0> :stuck_out_tongue: Where do you stand on filling the void that was the cafe with more Event Horizon?",
        "ts": "1490930240.363949"
    },
    {
        "type": "message",
        "user": "U2D0K9866",
        "text": "I'd be psyched about it, especially if that became Dragon Army Barracks and we could generally make the property more baugruppe-like with EH, DA and a to-be-named yurt community in the driveway, could re-fence some stuff so that the cafe sitting area and weird yard facing shattuck and our driveway got combined into a nice yard to hang out and sit and barbecue and live in yurts etc",
        "ts": "1490931484.492457",
        "reactions": [
            {
                "name": "yurt",
                "users": [
                    "U2GK97M1A",
                    "U2D0CPE6M",
                    "U2D0K9866"
                ],
                "count": 3
            }
        ]
    }
]