[
    {
        "type": "message",
        "user": "U2CU0HV7D",
        "text": "<!channel>: My Wits and Wagers game is still missing. I have combed through the 3rd floor and the 2nd floor common spaces, so the only places left I can think of are people's rooms. Did anyone mistake my Wits and Wagers for their own? Or did it get left on someone's bookshelf during a Moving Event? Or can you think of a secret door in the common areas I may not know exists?",
        "ts": "1487643881.000011",
        "reactions": [
            {
                "name": "white_frowning_face",
                "users": [
                    "U3K49B8H0"
                ],
                "count": 1
            }
        ]
    },
    {
        "type": "message",
        "user": "U2CU0JFFD",
        "text": "maybe it got stolen by CFAR?",
        "ts": "1487643909.000012"
    }
]