[
    {
        "type": "message",
        "user": "U2J7GJ50Q",
        "text": "I agree with just putting a gaint pool floater-thing raibow popsicle on the window as our sign",
        "ts": "1500538664.463384",
        "reactions": [
            {
                "name": "tropical_fish",
                "users": [
                    "U2D0C4SH5"
                ],
                "count": 1
            },
            {
                "name": "robot_face",
                "users": [
                    "U2D026HHN"
                ],
                "count": 1
            }
        ]
    },
    {
        "type": "message",
        "user": "U2D026HHN",
        "text": "<!channel> heads up that you can lock our door by only pressing the top button! (You don't have to enter 3045)",
        "ts": "1500586398.000722",
        "reactions": [
            {
                "name": "+1::skin-tone-4",
                "users": [
                    "U2J7GJ50Q",
                    "U5ZPXDVLK",
                    "U2CU0JCGK"
                ],
                "count": 3
            }
        ]
    }
]