[
    {
        "type": "message",
        "user": "U5EPK7WET",
        "text": "<!channel> A couple changes to the smart locks: they auto-lock after thirty seconds now, and we’ve got two new unlock codes. 6283 is the new house code that we’ll use, and 0112 is the guest code we’ll give to guests and change every month or so. 3045 will still work for now, since I don’t want to pull the rug out from under everyone, but I’m going to remove it soon--probably by the end of the week. Any thoughts on any of this, let me know.",
        "ts": "1506391373.000076",
        "reactions": [
            {
                "name": "heart",
                "users": [
                    "U2D0CPE6M",
                    "U2D026HHN"
                ],
                "count": 2
            },
            {
                "name": "raised_hands",
                "users": [
                    "U2D0CPE6M",
                    "U74F3P9AN"
                ],
                "count": 2
            },
            {
                "name": "smiley",
                "users": [
                    "U2D0C4SH5",
                    "U2D026HHN"
                ],
                "count": 2
            },
            {
                "name": "ok",
                "users": [
                    "U2D01HLT0"
                ],
                "count": 1
            }
        ]
    },
    {
        "type": "message",
        "user": "U2J7GJ50Q",
        "text": "How will I remember the new codes?",
        "ts": "1506391485.000037"
    },
    {
        "type": "message",
        "user": "U5EPK7WET",
        "text": "Tau and fibonacci",
        "ts": "1506391582.000133",
        "reactions": [
            {
                "name": "heart",
                "users": [
                    "U5ZSLKXPB",
                    "U2D026HHN",
                    "U74F3P9AN",
                    "U2D01HLT0"
                ],
                "count": 4
            }
        ]
    },
    {
        "type": "message",
        "user": "U2J7GJ50Q",
        "text": "Ahh",
        "ts": "1506391623.000158"
    },
    {
        "type": "message",
        "user": "U2J7GJ50Q",
        "text": "How long until we replace it with a portrait that makes us solve riddles to enter?",
        "ts": "1506391653.000217"
    },
    {
        "type": "message",
        "user": "U5EPK7WET",
        "text": "I’m working on replacing the smartlock interface with a chatbot :wink:",
        "ts": "1506391673.000171"
    },
    {
        "type": "message",
        "user": "U2J7GJ50Q",
        "text": "How can I find true love?",
        "thread_ts": "1506391751.000078",
        "reply_count": 1,
        "replies": [
            {
                "user": "U5EPK7WET",
                "ts": "1506391904.000047"
            }
        ],
        "unread_count": 1,
        "ts": "1506391751.000078"
    },
    {
        "type": "message",
        "user": "U5EPK7WET",
        "text": "Botssss\n<http:\/\/www.thedrum.com\/news\/2017\/04\/19\/matchcom-launches-lara-dating-chatbot-help-people-find-love-using-ai>",
        "attachments": [
            {
                "service_name": "The Drum",
                "title": "Match.com launches Lara - a dating chatbot to help people find love using AI",
                "title_link": "http:\/\/www.thedrum.com\/news\/2017\/04\/19\/matchcom-launches-lara-dating-chatbot-help-people-find-love-using-ai",
                "text": "<http:\/\/Match.com|Match.com> has launched what is it describing as the",
                "fallback": "The Drum: Match.com launches Lara - a dating chatbot to help people find love using AI",
                "image_url": "http:\/\/media-assets-05.thedrum.com\/cache\/images\/thedrum-prod\/s3-news-tmp-90538-match.com_lara_bot--default--1200.png",
                "from_url": "http:\/\/www.thedrum.com\/news\/2017\/04\/19\/matchcom-launches-lara-dating-chatbot-help-people-find-love-using-ai",
                "image_width": 476,
                "image_height": 250,
                "image_bytes": 770317,
                "service_icon": "http:\/\/www.thedrum.com\/assets\/images\/icons\/apple-touch-icon-57x57.png",
                "id": 1
            }
        ],
        "thread_ts": "1506391751.000078",
        "parent_user_id": "U2J7GJ50Q",
        "ts": "1506391904.000047",
        "reactions": [
            {
                "name": "eggplant",
                "users": [
                    "U74F3P9AN"
                ],
                "count": 1
            }
        ]
    }
]