[
    {
        "type": "message",
        "user": "U2CU0HV7D",
        "text": "1\/N is up! It's about $180 this month, and seems like it will be about $180 again next month.",
        "ts": "1493496353.907815",
        "reactions": [
            {
                "name": "+1",
                "users": [
                    "U2D0C4SH5"
                ],
                "count": 1
            },
            {
                "name": "beers",
                "users": [
                    "U2D0C4SH5"
                ],
                "count": 1
            },
            {
                "name": "heart",
                "users": [
                    "U2D0C4SH5"
                ],
                "count": 1
            },
            {
                "name": "robot_face",
                "users": [
                    "U2D026HHN"
                ],
                "count": 1
            }
        ]
    },
    {
        "type": "message",
        "user": "U2D026HHN",
        "text": "3f fridge cleaning tonight tonight at 11! Will be throwing out anything that looks or smells weird. If you want a chance to defend your food or possibly find free food join us! <@U3K49B8H0> ",
        "ts": "1493510197.565888"
    }
]