[
    {
        "type": "message",
        "user": "U2CU0HV7D",
        "text": "<!channel>: December 1\/n is finally up, sorry for the delay. Obviously, you won't have to pay by the 7th this month, but do try to pay within a week if you can.\n\nTurns out we hadn't been paying some of our utilities bills for a few months, so our monthly cost jumped to 185 for December. We also don't have a full house at the moment, so January is expected to be about 200 and February may be between 150-200 as well. Pressing questions can be directed to me, otherwise we will discuss these increases in the Constitutional Convention on the 22nd so we can decide if we want to lower the bar on housemates to recover costs or not.",
        "ts": "1484262091.000002",
        "reactions": [
            {
                "name": "robot_face",
                "users": [
                    "U2D026HHN",
                    "U2D01HLT0"
                ],
                "count": 2
            },
            {
                "name": "tropical_fish",
                "users": [
                    "U2D0C4SH5"
                ],
                "count": 1
            },
            {
                "name": "ok_hand",
                "users": [
                    "U2D0K9866"
                ],
                "count": 1
            }
        ]
    },
    {
        "type": "message",
        "user": "U2D08CYRK",
        "text": "&gt; we hadn't been paying some of our utilities bills for a few months\n\nJust to clarify, we paid them to the utility companies on time. I just failed to promptly add them to expenses and bill the rest of the house. My apologies for clumping them all together.\n\n(If you want to track when I make utilities payments, see this sheet: <https:\/\/docs.google.com\/spreadsheets\/d\/1visxiGekt4_JLNija3vCtt9AwDz9e6b8Dwu1Zx1Te_Y\/edit#gid=53921770>)",
        "edited": {
            "user": "U2D08CYRK",
            "ts": "1484268566.000000"
        },
        "ts": "1484268496.000003",
        "reactions": [
            {
                "name": "ok_hand",
                "users": [
                    "U2CU0HV7D",
                    "U2D0CPE6M",
                    "U2D0K9866"
                ],
                "count": 3
            },
            {
                "name": "tropical_fish",
                "users": [
                    "U2D0C4SH5"
                ],
                "count": 1
            },
            {
                "name": "robot_face",
                "users": [
                    "U2D026HHN"
                ],
                "count": 1
            }
        ]
    }
]