[
    {
        "type": "message",
        "user": "U2D0CPE6M",
        "text": "<!channel> Reminder: We're doing lightning talks (4-7 mins on ANY topic) this Wednesday at the open house\/soiree.  Please thumbs-up if you will probably give one. ",
        "edited": {
            "user": "U2D0CPE6M",
            "ts": "1483379999.000000"
        },
        "ts": "1483379953.000002",
        "reactions": [
            {
                "name": "+1",
                "users": [
                    "U2UPVPNTB",
                    "U2D026HHN",
                    "U2J7GJ50Q",
                    "U2D0CPE6M"
                ],
                "count": 4
            }
        ]
    },
    {
        "type": "message",
        "user": "U2D0C4SH5",
        "text": "We got a Holiday card and gift from Ben Hoffman! It's upstairs where mucus used to be. Definitely smell them. I think it would be in the spirit of what he wrote if we used the small bottles as prizes for our next rationalist games activity. :)",
        "ts": "1483404516.000004"
    },
    {
        "type": "message",
        "subtype": "file_share",
        "text": "<@U2D0C4SH5> uploaded a file: <https:\/\/theeventhorizon.slack.com\/files\/U2D0C4SH5\/F3LHFLFLJ\/20170102_162753.jpg|Slack for Android Upload>",
        "file": {
            "id": "F3LHFLFLJ",
            "created": 1483404536,
            "timestamp": 1483404536,
            "name": "20170102_162753.jpg",
            "title": "Slack for Android Upload",
            "mimetype": "image\/jpeg",
            "filetype": "jpg",
            "pretty_type": "JPEG",
            "user": "U2D0C4SH5",
            "editable": false,
            "size": 2490204,
            "mode": "hosted",
            "is_external": false,
            "external_type": "",
            "is_public": true,
            "public_url_shared": false,
            "display_as_bot": false,
            "username": "",
            "url_private": "https:\/\/files.slack.com\/files-pri\/T29RXEZQV-F3LHFLFLJ\/20170102_162753.jpg?t=xoxe-77881509845-278458240181-277799076385-f7aff9668b2352bc9174110ca96b42af",
            "url_private_download": "https:\/\/files.slack.com\/files-pri\/T29RXEZQV-F3LHFLFLJ\/download\/20170102_162753.jpg?t=xoxe-77881509845-278458240181-277799076385-f7aff9668b2352bc9174110ca96b42af",
            "thumb_64": "https:\/\/files.slack.com\/files-tmb\/T29RXEZQV-F3LHFLFLJ-436852a5e4\/20170102_162753_64.jpg?t=xoxe-77881509845-278458240181-277799076385-f7aff9668b2352bc9174110ca96b42af",
            "thumb_80": "https:\/\/files.slack.com\/files-tmb\/T29RXEZQV-F3LHFLFLJ-436852a5e4\/20170102_162753_80.jpg?t=xoxe-77881509845-278458240181-277799076385-f7aff9668b2352bc9174110ca96b42af",
            "thumb_360": "https:\/\/files.slack.com\/files-tmb\/T29RXEZQV-F3LHFLFLJ-436852a5e4\/20170102_162753_360.jpg?t=xoxe-77881509845-278458240181-277799076385-f7aff9668b2352bc9174110ca96b42af",
            "thumb_360_w": 270,
            "thumb_360_h": 360,
            "thumb_480": "https:\/\/files.slack.com\/files-tmb\/T29RXEZQV-F3LHFLFLJ-436852a5e4\/20170102_162753_480.jpg?t=xoxe-77881509845-278458240181-277799076385-f7aff9668b2352bc9174110ca96b42af",
            "thumb_480_w": 360,
            "thumb_480_h": 480,
            "thumb_160": "https:\/\/files.slack.com\/files-tmb\/T29RXEZQV-F3LHFLFLJ-436852a5e4\/20170102_162753_160.jpg?t=xoxe-77881509845-278458240181-277799076385-f7aff9668b2352bc9174110ca96b42af",
            "thumb_720": "https:\/\/files.slack.com\/files-tmb\/T29RXEZQV-F3LHFLFLJ-436852a5e4\/20170102_162753_720.jpg?t=xoxe-77881509845-278458240181-277799076385-f7aff9668b2352bc9174110ca96b42af",
            "thumb_720_w": 540,
            "thumb_720_h": 720,
            "thumb_960": "https:\/\/files.slack.com\/files-tmb\/T29RXEZQV-F3LHFLFLJ-436852a5e4\/20170102_162753_960.jpg?t=xoxe-77881509845-278458240181-277799076385-f7aff9668b2352bc9174110ca96b42af",
            "thumb_960_w": 720,
            "thumb_960_h": 960,
            "thumb_1024": "https:\/\/files.slack.com\/files-tmb\/T29RXEZQV-F3LHFLFLJ-436852a5e4\/20170102_162753_1024.jpg?t=xoxe-77881509845-278458240181-277799076385-f7aff9668b2352bc9174110ca96b42af",
            "thumb_1024_w": 768,
            "thumb_1024_h": 1024,
            "image_exif_rotation": 1,
            "original_w": 4032,
            "original_h": 3024,
            "permalink": "https:\/\/theeventhorizon.slack.com\/files\/U2D0C4SH5\/F3LHFLFLJ\/20170102_162753.jpg",
            "permalink_public": "https:\/\/slack-files.com\/T29RXEZQV-F3LHFLFLJ-593505b2a8",
            "channels": [],
            "groups": [],
            "ims": [],
            "comments_count": 0
        },
        "user": "U2D0C4SH5",
        "upload": true,
        "display_as_bot": false,
        "username": "elizabeth",
        "bot_id": null,
        "ts": "1483404543.000005"
    }
]