[
    {
        "type": "message",
        "user": "U2D0C4SH5",
        "text": "<!channel>  final reminder that pre-trash is going out today. ",
        "ts": "1485378937.000002"
    },
    {
        "type": "message",
        "user": "U2CU0HV7D",
        "text": "2 spots still open on a Spotify Family account with me, Kurt, Adam, Aysja. We get Spotify premium for $15 total, instead of the standard $10\/person, so you'll pay either $3 or $2.50 if we get 5 or 6 people, respectively. To sign up, just send me the email address on your Spotify account",
        "ts": "1485389202.000003"
    },
    {
        "type": "message",
        "user": "U2D0C4SH5",
        "text": "<!channel> Pre-trash is now Free-trash!!! Have at it!",
        "ts": "1485414823.000004"
    }
]