[
    {
        "type": "message",
        "user": "U2D08CYRK",
        "text": "Diego will be coming by to pick up stuff from my room around 8pm.",
        "ts": "1487120213.000002"
    },
    {
        "type": "message",
        "user": "U2D08CYRK",
        "text": "Based on people's faces, seems like people were surprised and upset when Diego and I showed up looking for his stuff.",
        "ts": "1487141985.000003"
    },
    {
        "type": "message",
        "user": "U2D08CYRK",
        "text": "Can I get feedback on what I should have done differently?",
        "ts": "1487141999.000004"
    },
    {
        "type": "message",
        "user": "U2D08CYRK",
        "text": "I'm guessing people didn't see my earlier message above saying that he was coming. Should I have given more notice?",
        "ts": "1487142040.000005"
    },
    {
        "type": "message",
        "user": "U2D08CYRK",
        "text": "Or used the at-channel feature?",
        "ts": "1487142057.000006"
    }
]