[
    {
        "type": "message",
        "user": "U2D01HLT0",
        "text": "<!channel> hail",
        "ts": "1485208439.000002"
    },
    {
        "type": "message",
        "user": "U2CU0HV7D",
        "text": "All hail our hail overlords!",
        "ts": "1485209148.000003",
        "reactions": [
            {
                "name": "snowman",
                "users": [
                    "U2D0K9866"
                ],
                "count": 1
            }
        ]
    },
    {
        "type": "message",
        "user": "U2D0C4SH5",
        "text": "<!channel> Our accumulated boxes of *pre-trash* are being thrown away *Wednesday*. Please check them!!!! They are currently _behind the sofa on the 2nd floor_. *New pre-trash* should be placed in the _bin on the 3rd floor_, so it has time to be missed.  Emoticon you have read and understand the risks of not checking pre-trash.",
        "ts": "1485221496.000004",
        "reactions": [
            {
                "name": "tropical_fish",
                "users": [
                    "U2CU0HV7D",
                    "U2CU0JFFD"
                ],
                "count": 2
            },
            {
                "name": "place_of_worship",
                "users": [
                    "U2J7GJ50Q",
                    "U2D01HLT0",
                    "U2D01HAA2"
                ],
                "count": 3
            },
            {
                "name": "robot_face",
                "users": [
                    "U2D026HHN"
                ],
                "count": 1
            },
            {
                "name": "space_invader",
                "users": [
                    "U3K49B8H0"
                ],
                "count": 1
            }
        ]
    }
]