[
    {
        "type": "message",
        "user": "U2CU0HV7D",
        "text": "I just sent like $200 of stuff to the house by accident. Oops. Thank god ETH is up! If anyone wants stuff they can buy it from me for half price (includes pillows, lamp, laundry hamper, kilos of protein and vitamins)—if no one wants it the first time around it can probably go for free. If still no one wants it, lmk and I can say what should go in trash vs tiny things that I'd like stored. Sorry about this, text me if any fights break out",
        "ts": "1496779364.057573"
    },
    {
        "text": "This is why we can't have nice things.",
        "type": "message",
        "subtype": "slackbot_response",
        "user": "USLACKBOT",
        "ts": "1496779364.057675"
    },
    {
        "type": "message",
        "user": "U2D0CPE6M",
        "text": "Probably down to buy vitamins\/protein, depending on the kind, but I'm not at the house for the week",
        "ts": "1496780278.360459"
    },
    {
        "type": "message",
        "user": "U2D0CPE6M",
        "text": "(so even if nobody else wants them, they shouldn't be free)",
        "ts": "1496780295.366605"
    }
]