[
    {
        "type": "message",
        "user": "U2D0C4SH5",
        "text": "I'm going to Uber to EAG around 5 if anyone wants to share :slightly_smiling_face:",
        "edited": {
            "user": "U2D0C4SH5",
            "ts": "1502488019.000000"
        },
        "ts": "1502488013.893299"
    },
    {
        "type": "message",
        "user": "U2D01HLT0",
        "text": "Christina is here",
        "ts": "1502492447.994751"
    },
    {
        "type": "message",
        "user": "U2D0C4SH5",
        "text": "I lied and am leaving for EAG from office",
        "ts": "1502496052.606982"
    }
]