[
    {
        "type": "message",
        "user": "U2D01HLT0",
        "text": "<!channel> I’m going to be doing another online training video conference today in the 2nd floor work zone. Same details as last time: it will be helpful to me if the ambient noise\/conversation is minimized between 1 and 5, but I can relocate to my room if it’s an issue.",
        "ts": "1488564559.000003",
        "reactions": [
            {
                "name": "+1",
                "users": [
                    "U2D026HHN"
                ],
                "count": 1
            }
        ]
    },
    {
        "type": "message",
        "user": "U2D08CYRK",
        "text": "<@U2D01HLT0> feel free to use my room if you want",
        "ts": "1488569593.000005",
        "reactions": [
            {
                "name": "gear",
                "users": [
                    "U2D01HLT0",
                    "U2D0CPE6M"
                ],
                "count": 2
            }
        ]
    }
]