[
    {
        "type": "message",
        "user": "U2CU0HV7D",
        "text": "<!channel>: There has as yet been no consistent policy on alcohol pricing, but I'd like to institute an ongoing plan of leaving alcohol out for people and them paying me back. Prices will be about $.75\/shot, $1.50\/beer. Another option is to go Olivia's route, and just pay me $20 to cover a few nights of drinking so as not to have to worry about each drink. That's fine too. If you drank at non-sponsored events (essentially anything but birthday parties) over the last few months and can estimate volume, I appreciate venmoing. If you want to estimate the next month or two's volume and pay me in advance, that's fine too. I'm going to leave it to you guys to square up as you wish.",
        "ts": "1487398624.000002"
    },
    {
        "type": "message",
        "user": "U2CU0HV7D",
        "text": "Also, Kurt and I are at Safeway right now stocking up, so we'll take any alcohol requests for 15 minutes!",
        "ts": "1487398661.000003",
        "reactions": [
            {
                "name": "+1",
                "users": [
                    "U2D0C4SH5",
                    "U2D026HHN",
                    "U2D01HLT0",
                    "U3K49B8H0"
                ],
                "count": 4
            }
        ]
    }
]