[
    {
        "type": "message",
        "subtype": "file_share",
        "text": "<@U5ZSLKXPB> uploaded a file: <https:\/\/theeventhorizon.slack.com\/files\/U5ZSLKXPB\/F86C1GFPY\/house_meeting_minutes_9-24-17_and_11-12-17.docx|House meeting minutes 9-24-17 and 11-12-17.docx> and commented: Main takeaways from our two most recent house meetings",
        "file": {
            "id": "F86C1GFPY",
            "created": 1511683877,
            "timestamp": 1511683877,
            "name": "House meeting minutes 9-24-17 and 11-12-17.docx",
            "title": "House meeting minutes 9-24-17 and 11-12-17.docx",
            "mimetype": "application\/vnd.openxmlformats-officedocument.wordprocessingml.document",
            "filetype": "docx",
            "pretty_type": "Word Document",
            "user": "U5ZSLKXPB",
            "editable": false,
            "size": 119054,
            "mode": "hosted",
            "is_external": false,
            "external_type": "",
            "is_public": true,
            "public_url_shared": false,
            "display_as_bot": false,
            "username": "",
            "url_private": "https:\/\/files.slack.com\/files-pri\/T29RXEZQV-F86C1GFPY\/house_meeting_minutes_9-24-17_and_11-12-17.docx?t=xoxe-77881509845-278458240181-277799076385-f7aff9668b2352bc9174110ca96b42af",
            "url_private_download": "https:\/\/files.slack.com\/files-pri\/T29RXEZQV-F86C1GFPY\/download\/house_meeting_minutes_9-24-17_and_11-12-17.docx?t=xoxe-77881509845-278458240181-277799076385-f7aff9668b2352bc9174110ca96b42af",
            "permalink": "https:\/\/theeventhorizon.slack.com\/files\/U5ZSLKXPB\/F86C1GFPY\/house_meeting_minutes_9-24-17_and_11-12-17.docx",
            "permalink_public": "https:\/\/slack-files.com\/T29RXEZQV-F86C1GFPY-257b329351",
            "channels": [],
            "groups": [],
            "ims": [],
            "comments_count": 1,
            "initial_comment": {
                "id": "Fc84RV3GBA",
                "created": 1511683877,
                "timestamp": 1511683877,
                "user": "U5ZSLKXPB",
                "is_intro": true,
                "comment": "Main takeaways from our two most recent house meetings"
            },
            "reactions": [
                {
                    "name": "purple_heart",
                    "users": [
                        "U2D026HHN"
                    ],
                    "count": 1
                }
            ]
        },
        "user": "U5ZSLKXPB",
        "upload": true,
        "display_as_bot": false,
        "username": "claire.wang",
        "bot_id": null,
        "ts": "1511683879.000003"
    }
]