[
    {
        "type": "message",
        "user": "U2CU0HV7D",
        "text": "Ant check: There have been ants  in most rooms of the third floor, though I've seen mostly single ones; Aysja said something about them maybe still getting in through the middle bathroom and having a higher density there. I don't know about the second floor. We should probably do some combination  of getting screens for the bathroom window and having the ex-terminators come back again",
        "ts": "1485942389.000002"
    },
    {
        "type": "message",
        "user": "U2CU0HV7D",
        "text": "Also, thanks to people on the second floor for being patient with my soylent stuff; I'm almost finished experimenting and can then consolidate the amount of space I'm taking. Meanwhile, I got clips for the bags specifically so as not to attract ants, and I think that is working: haven't seen any nearby",
        "ts": "1485942533.000003"
    },
    {
        "type": "message",
        "user": "U2CU0HV7D",
        "text": "Also also, because I know you want even longer walls of text, the trash pile on the 3f balcony has gone from pre-trash to free-trash! Come claim other people's sleeping bags and stuff if wanted. Will turn into re-trash in a day or two",
        "ts": "1485942690.000004"
    },
    {
        "type": "message",
        "user": "U2D0C4SH5",
        "text": "<!channel> Ant Terminators coming Monday the 6th @ 11AM to treat problem areas. Be out of the house!",
        "ts": "1485977842.000002"
    },
    {
        "type": "message",
        "user": "U2D08CYRK",
        "text": "Second floor seems to have been free of ants since the last time exterminators came",
        "ts": "1485992709.000003"
    },
    {
        "type": "message",
        "user": "U2D026HHN",
        "text": "Avocados on dishwasher corpse are house food :)",
        "ts": "1485992909.000004"
    }
]