[
    {
        "type": "message",
        "user": "U2D0C4SH5",
        "text": "Caution: do not use upstairs bathroom off living room until 18:30. Fernando did something in there and it needs to dry.",
        "edited": {
            "user": "U2D0C4SH5",
            "ts": "1484605173.000000"
        },
        "ts": "1484605130.000002"
    },
    {
        "type": "message",
        "user": "U2CU0HV7D",
        "text": "My computer charger was last seen at the brown desk on the second floor, so if you might have taken mine by accident please let me know",
        "ts": "1484623783.000004"
    }
]