[
    {
        "type": "message",
        "user": "U2D0CPE6M",
        "text": "",
        "attachments": [
            {
                "fallback": "[July 10th, 2017 1:04 AM] quincy: <!channel> 1\/n is finally up.  It's $170.83.  Try to pay by the 17th but I won't be too strict about it.",
                "ts": "1499673885.952385",
                "author_subname": "quincy",
                "channel_id": "C2ES6HA8K",
                "channel_name": "announcements",
                "is_msg_unfurl": true,
                "text": "<!channel> 1\/n is finally up.  It's $170.83.  Try to pay by the 17th but I won't be too strict about it.",
                "author_name": "adom hartell",
                "author_link": "https:\/\/theeventhorizon.slack.com\/team\/quincy",
                "author_icon": "https:\/\/secure.gravatar.com\/avatar\/c5a9980d3483387056a5893c4007ba78.jpg?s=48&d=https%3A%2F%2Fa.slack-edge.com%2F66f9%2Fimg%2Favatars%2Fava_0022-48.png",
                "mrkdwn_in": [
                    "text"
                ],
                "color": "D0D0D0",
                "from_url": "https:\/\/theeventhorizon.slack.com\/archives\/C2ES6HA8K\/p1499673885952385",
                "is_share": true,
                "footer": "Posted in #announcements"
            }
        ],
        "ts": "1500062432.941476"
    }
]