[
    {
        "type": "message",
        "user": "U2CU0HV7D",
        "text": "I put a few extra things in the free trash, including what appears to be our house's 4th pull up bar, if anyone wants it. People can take until the end of the weekend to grab things, then we will start purging everything. A fair amount of the stuff is made of papers and Tupperware and things that are definitely owned by someone, so if you could deal with your things even if you don't take anything else, we would much appreciate it. ",
        "ts": "1486164287.000002"
    },
    {
        "type": "message",
        "user": "U2UPVPNTB",
        "text": "I'll be out of town this weekend; can someone who recognizes my pull up bar check if it's mine? <@U2D0CPE6M> <@U2D01HLT0> ?",
        "ts": "1486165221.000003"
    },
    {
        "type": "message",
        "user": "U2D0CPE6M",
        "text": "It is",
        "ts": "1486165770.000004"
    },
    {
        "type": "message",
        "user": "U2CU0HV7D",
        "text": "Just put it back in your room. Do you also own the other weird shiny long metal thing that looks similar but is thicker?",
        "thread_ts": "1486166571.000005",
        "reply_count": 3,
        "replies": [
            {
                "user": "U2UPVPNTB",
                "ts": "1486169523.000006"
            },
            {
                "user": "U2UPVPNTB",
                "ts": "1486169544.000008"
            },
            {
                "user": "U2CU0HV7D",
                "ts": "1486174764.000010"
            }
        ],
        "unread_count": 3,
        "ts": "1486166571.000005"
    },
    {
        "type": "message",
        "user": "U2UPVPNTB",
        "text": "flexman: I've already left for the weekend, can you put it there for me?",
        "thread_ts": "1486166571.000005",
        "parent_user_id": "U2CU0HV7D",
        "ts": "1486169523.000006"
    },
    {
        "type": "message",
        "user": "U2UPVPNTB",
        "text": "Also, if that's a desk leg (you can tell because of the circle with five screw-holes on a side), it was mine but should be thrown out",
        "thread_ts": "1486166571.000005",
        "parent_user_id": "U2CU0HV7D",
        "ts": "1486169544.000008"
    },
    {
        "type": "message",
        "user": "U2CU0HV7D",
        "text": "Sorry, meant that I had put it back in your room! Wasn't telling you to just do it, yikes",
        "thread_ts": "1486166571.000005",
        "parent_user_id": "U2CU0HV7D",
        "ts": "1486174764.000010",
        "reactions": [
            {
                "name": "laughing",
                "users": [
                    "U2D0C4SH5",
                    "U2D0CPE6M",
                    "U2UPVPNTB"
                ],
                "count": 3
            }
        ]
    }
]