[
    {
        "type": "message",
        "user": "U2CU0HV7D",
        "text": "<!channel>: January 1\/n was $203. Expect something around $190 for the next several months, instead of the original $150 anchor. You have until February 7th to pay, but doing it first thing is much appreciated!",
        "ts": "1485851740.000002"
    },
    {
        "type": "message",
        "user": "U2D0C4SH5",
        "text": "Reminder: Cocoa &amp; Concerns tonight @ 9PM. This is the time to let me know general or specific frustrations or desires related to the house :slightly_smiling_face:",
        "ts": "1485898838.000002"
    },
    {
        "type": "message",
        "user": "U2D0CPE6M",
        "text": "<!channel> Connor and I declare that Metaethics discussion is banned in common areas for two months.  Challenges to this dictum will be settled in single combat.",
        "ts": "1485919902.000003",
        "reactions": [
            {
                "name": "joy",
                "users": [
                    "U3K49B8H0"
                ],
                "count": 1
            },
            {
                "name": "crossed_swords",
                "users": [
                    "U2J7GJ50Q"
                ],
                "count": 1
            }
        ]
    },
    {
        "type": "message",
        "user": "U2D0CPE6M",
        "text": "<!channel> Cocoa &amp; Concerns with Elizabeth in 15 minutes",
        "ts": "1485924321.000004"
    },
    {
        "type": "message",
        "user": "U2CU0HV7D",
        "text": "The metaethics ban was partly in jest, following SSC's Schedule of Tumblr Arguments, but on Adam's counsel I revoke the metaethics ban so that anyone who hasn't yet converged can do so. I reinstate the ban on myself from participating for 5 months",
        "ts": "1485925981.000005"
    }
]