[
    {
        "type": "message",
        "user": "U2UPVPNTB",
        "text": "I upgraded my graphics card a while ago, and my old card is just gathering dust. Does anyone want it to use or sell? ( <https:\/\/www.amazon.com\/MSI-R9-390-GAMING-8G\/dp\/B00ZPOAYG6> )",
        "ts": "1493577478.430808"
    },
    {
        "type": "message",
        "user": "U2CU0JCGK",
        "text": "the probability I build a computer in the next 6 months is high enough that I'm willing to hold onto it.",
        "ts": "1493585289.872581"
    },
    {
        "type": "message",
        "user": "U2D08CYRK",
        "text": "Diego has just declared that, to the best of his knowledge, there are no more things at Event Horizon that he owns.",
        "edited": {
            "user": "U2D08CYRK",
            "ts": "1493614265.000000"
        },
        "ts": "1493614254.715716",
        "reactions": [
            {
                "name": "beers",
                "users": [
                    "U2D0C4SH5",
                    "U2D0CPE6M",
                    "U3K49B8H0",
                    "U2D026HHN",
                    "U2CU0JFFD",
                    "U2UPVPNTB",
                    "U2CU0HV7D",
                    "U2J7GJ50Q"
                ],
                "count": 8
            }
        ]
    }
]