[
    {
        "type": "message",
        "user": "U5ZV6L94G",
        "text": "<@U2D0CPE6M> is this utilities? Who do we send money to?",
        "thread_ts": "1501883395.136002",
        "parent_user_id": "U2D0CPE6M",
        "ts": "1501955747.507968"
    },
    {
        "type": "message",
        "user": "U2D0CPE6M",
        "text": "Sorry for the confusion.  Downstairs folk don't have to worry about this.",
        "thread_ts": "1501883395.136002",
        "parent_user_id": "U2D0CPE6M",
        "ts": "1501956368.563388"
    }
]