[
    {
        "type": "message",
        "user": "U2UPVPNTB",
        "text": "<!channel> Tuesday dinner is happening tonight, react if you're coming so I have an idea of how much food we need",
        "ts": "1501008812.077467"
    },
    {
        "type": "message",
        "user": "U2UPVPNTB",
        "text": "<!channel> Tuesday dinner is happening tonight, react if you're coming so I have an idea of how much food we need",
        "ts": "1501008816.099013"
    },
    {
        "type": "message",
        "user": "U2UPVPNTB",
        "text": "<!channel> Tuesday dinner is happening tonight, react if you're coming so I have an idea of how much food we need",
        "thread_ts": "1501008818.127514",
        "reply_count": 2,
        "replies": [
            {
                "user": "U2GK97M1A",
                "ts": "1501009728.666757"
            },
            {
                "user": "U2UPVPNTB",
                "ts": "1501011369.501705"
            }
        ],
        "unread_count": 2,
        "ts": "1501008818.127514",
        "reactions": [
            {
                "name": "tropical_fish",
                "users": [
                    "U2D0C4SH5"
                ],
                "count": 1
            },
            {
                "name": "table_tennis_paddle_and_ball",
                "users": [
                    "U2D08CYRK"
                ],
                "count": 1
            },
            {
                "name": "white_check_mark",
                "users": [
                    "U2GK97M1A"
                ],
                "count": 1
            },
            {
                "name": "bomb",
                "users": [
                    "U2D0K9866"
                ],
                "count": 1
            },
            {
                "name": "volcano",
                "users": [
                    "U2D01HAA2"
                ],
                "count": 1
            }
        ]
    },
    {
        "type": "message",
        "user": "U2D026HHN",
        "text": "FYI I brought home a box of foods that seemed Tuesday dinner ish (canned beans\/diced tomatoes\/etc) its in a box on 3f if you want to use some ",
        "ts": "1501008911.211061"
    },
    {
        "type": "message",
        "user": "U2GK97M1A",
        "text": "will come if it’s :white_check_mark:egan",
        "thread_ts": "1501008818.127514",
        "parent_user_id": "U2UPVPNTB",
        "ts": "1501009728.666757"
    },
    {
        "type": "message",
        "user": "U2UPVPNTB",
        "text": "everything is vegan by default, but there will be butter and cheese",
        "thread_ts": "1501008818.127514",
        "parent_user_id": "U2UPVPNTB",
        "ts": "1501011369.501705",
        "reactions": [
            {
                "name": "ok_hand",
                "users": [
                    "U2GK97M1A"
                ],
                "count": 1
            }
        ]
    }
]