[
    {
        "type": "message",
        "user": "U2UPVPNTB",
        "text": "to welcome <@U4F57EN2F> I'm going to make some cinnamon raisin bread, but haven't decided when yet",
        "ts": "1488998619.000002"
    },
    {
        "type": "message",
        "user": "U2UPVPNTB",
        "text": "any day Friday to Tuesday should work; any votes?",
        "ts": "1488998675.000003"
    },
    {
        "type": "message",
        "user": "U4F57EN2F",
        "text": "mm sounds delicious!!",
        "ts": "1488999304.000004"
    },
    {
        "type": "message",
        "user": "U2D0C4SH5",
        "text": "Friday!",
        "edited": {
            "user": "U2D0C4SH5",
            "ts": "1488999345.000000"
        },
        "ts": "1488999336.000005"
    },
    {
        "type": "message",
        "user": "U2UPVPNTB",
        "text": "<!channel> vote here!",
        "edited": {
            "user": "U2UPVPNTB",
            "ts": "1488999383.000000"
        },
        "ts": "1488999370.000007",
        "reactions": [
            {
                "name": "friday",
                "users": [
                    "U2UPVPNTB",
                    "U2D0C4SH5",
                    "U2CU0HV7D",
                    "U2D01HLT0",
                    "U4F57EN2F",
                    "U2D026HHN",
                    "U3K49B8H0"
                ],
                "count": 7
            },
            {
                "name": "smbc",
                "users": [
                    "U2UPVPNTB"
                ],
                "count": 1
            },
            {
                "name": "sunny",
                "users": [
                    "U2UPVPNTB"
                ],
                "count": 1
            },
            {
                "name": "crescent_moon",
                "users": [
                    "U2UPVPNTB"
                ],
                "count": 1
            },
            {
                "name": "tiwaz",
                "users": [
                    "U2UPVPNTB"
                ],
                "count": 1
            }
        ]
    },
    {
        "type": "message",
        "user": "U2D0C4SH5",
        "text": "Well done",
        "ts": "1488999435.000015",
        "reactions": [
            {
                "name": "+1::skin-tone-2",
                "users": [
                    "U2UPVPNTB"
                ],
                "count": 1
            },
            {
                "name": "raised_hands",
                "users": [
                    "U3K49B8H0"
                ],
                "count": 1
            }
        ]
    },
    {
        "type": "message",
        "user": "U2UPVPNTB",
        "text": "Since a conversation with Eric made it obvious that this was less clear than intended, you may want to know that reaction order is determined by the order you react in, and Tuesday is named after the Norse god Tyr",
        "ts": "1489007623.000025"
    },
    {
        "type": "message",
        "user": "U2CU0HV7D",
        "text": "That is clever. Very clever",
        "ts": "1489008078.000026"
    },
    {
        "type": "message",
        "user": "U2D01HLT0",
        "text": "Now I get it.",
        "ts": "1489018513.000027"
    },
    {
        "type": "message",
        "user": "U2CU0HV7D",
        "text": "Reminder to pay splitwise balance by tomorrow! <@U2CU0JCGK> <@U4BCD5AQ7> <@U2CU0JFFD> ",
        "edited": {
            "user": "U2CU0HV7D",
            "ts": "1489033546.000000"
        },
        "ts": "1489033300.000028",
        "reactions": [
            {
                "name": "thecheat",
                "users": [
                    "U2CU0JFFD"
                ],
                "count": 1
            }
        ]
    }
]