[
    {
        "type": "message",
        "user": "U2D026HHN",
        "text": "I would really like (and I know other people would too) to have the stair space open. Is that something you could talk to her about? Maybe offer a shed or something to store everything? ",
        "ts": "1491982013.944949",
        "reactions": [
            {
                "name": "+1",
                "users": [
                    "U2D08CYRK",
                    "U2D0CPE6M",
                    "U2J7GJ50Q"
                ],
                "count": 3
            }
        ]
    },
    {
        "type": "message",
        "user": "U2D08CYRK",
        "text": "<@U2D026HHN> We did discuss the possibility of Christina putting her stuff in a large container in the yard, but this would take up a parking space.\n\nWe were thinking it would be preferable to have the whole yard free (we can grow a garden, <@U2D0K9866> might set up a yurt), but this is something we can revisit.\n\nAnother option might be to help Christina find a cheap off-site storage space somewhere if we want both the stairway and the yard.",
        "thread_ts": "1492033860.654632",
        "reply_count": 1,
        "replies": [
            {
                "user": "U2D01HLT0",
                "ts": "1492033952.678306"
            }
        ],
        "unread_count": 1,
        "ts": "1492033860.654632"
    },
    {
        "type": "message",
        "user": "U2D01HLT0",
        "text": "esrogs: If this last one can be done, I think it is the best option. Worth trying, I say.",
        "thread_ts": "1492033860.654632",
        "parent_user_id": "U2D08CYRK",
        "ts": "1492033952.678306",
        "reactions": [
            {
                "name": "+1",
                "users": [
                    "U2D026HHN",
                    "U2D0CPE6M",
                    "U2D0K9866",
                    "U2J7GJ50Q"
                ],
                "count": 4
            }
        ]
    },
    {
        "type": "message",
        "user": "U2CU0HV7D",
        "text": "2f measuring spoons seem unfindable",
        "ts": "1492035017.933722"
    }
]