[
    {
        "type": "message",
        "user": "U2D01HLT0",
        "text": "Sandwiches inbound",
        "ts": "1486943610.000002",
        "reactions": [
            {
                "name": "+1",
                "users": [
                    "U2D0C4SH5"
                ],
                "count": 1
            },
            {
                "name": "rocket",
                "users": [
                    "U2D0C4SH5",
                    "U2D0CPE6M",
                    "U2CU0JFFD"
                ],
                "count": 3
            },
            {
                "name": "money_with_wings",
                "users": [
                    "U2CU0HV7D",
                    "U2D0CPE6M"
                ],
                "count": 2
            }
        ]
    },
    {
        "type": "message",
        "user": "U2D026HHN",
        "text": "?",
        "ts": "1486943852.000005"
    },
    {
        "type": "message",
        "user": "U2D0C4SH5",
        "text": "CFAR spoils",
        "ts": "1486943912.000006"
    },
    {
        "type": "message",
        "user": "U2D026HHN",
        "text": "For tomorrow though right?",
        "ts": "1486943950.000007"
    },
    {
        "type": "message",
        "user": "U2D0C4SH5",
        "text": "Right now",
        "edited": {
            "user": "U2D0C4SH5",
            "ts": "1486944033.000000"
        },
        "ts": "1486943980.000008"
    },
    {
        "type": "message",
        "user": "U2D026HHN",
        "text": "Sweet!",
        "ts": "1486944219.000010"
    },
    {
        "type": "message",
        "user": "U2D0C4SH5",
        "text": " <!channel> we have 5 tickets to the workshop party going on now! If you want to come, figure it out between yourselves. :)",
        "ts": "1486956601.000015"
    },
    {
        "type": "message",
        "user": "U2UPVPNTB",
        "text": "I want to come and think they should be first come first served :stuck_out_tongue:",
        "ts": "1486957933.000016",
        "reactions": [
            {
                "name": "+1",
                "users": [
                    "U2D0C4SH5"
                ],
                "count": 1
            }
        ]
    },
    {
        "type": "message",
        "user": "U2D01HLT0",
        "text": "May I come?",
        "ts": "1486958836.000018",
        "reactions": [
            {
                "name": "+1",
                "users": [
                    "U2D0C4SH5"
                ],
                "count": 1
            }
        ]
    }
]