[
    {
        "type": "message",
        "user": "U2UPVPNTB",
        "text": "<!channel> Next options for bread: Onion Pletzel, Roasted Garlic Potato Bread, and Oatmeal Pumpkin Bread. Plan is to have it ready Tuesday and then play board games after",
        "ts": "1489169270.000002",
        "reactions": [
            {
                "name": "onion",
                "users": [
                    "U2UPVPNTB",
                    "U2D0K9866"
                ],
                "count": 2
            },
            {
                "name": "garlic",
                "users": [
                    "U2UPVPNTB",
                    "U2D01HAA2",
                    "U2D01HLT0"
                ],
                "count": 3
            },
            {
                "name": "jack_o_lantern",
                "users": [
                    "U2UPVPNTB",
                    "U2D01HAA2",
                    "U2D026HHN",
                    "U2CU0HV7D",
                    "U3K49B8H0"
                ],
                "count": 5
            }
        ]
    },
    {
        "type": "message",
        "user": "U2UPVPNTB",
        "text": "(also, I should probably find a better place to stick these messages \/ polls than announcements?)",
        "ts": "1489169361.000006"
    },
    {
        "type": "message",
        "user": "U2D0K9866",
        "text": "vaniver this bread is amazing thank you",
        "ts": "1489209060.000012",
        "reactions": [
            {
                "name": "+1::skin-tone-2",
                "users": [
                    "U2UPVPNTB",
                    "U2D026HHN"
                ],
                "count": 2
            },
            {
                "name": "heavy_plus_sign",
                "users": [
                    "U2CU0HV7D",
                    "U2D01HLT0",
                    "U3K49B8H0"
                ],
                "count": 3
            }
        ]
    }
]