[
    {
        "type": "message",
        "user": "U2D0C4SH5",
        "text": "<!channel> pre-trash is free-trash today! (Only from the two bins labeled for going outh the 24th) !!!!!",
        "ts": "1488153235.000002"
    },
    {
        "type": "message",
        "user": "U2UPVPNTB",
        "text": "Moved clothes in washer to dryer. Will unceremoniously dump on top of dryer when done.",
        "ts": "1488161857.000003"
    },
    {
        "user": "U4BCD5AQ7",
        "text": "<@U4BCD5AQ7> has joined the channel",
        "type": "message",
        "subtype": "channel_join",
        "ts": "1488168737.000004"
    },
    {
        "type": "message",
        "user": "U2CU0HV7D",
        "text": "<!channel>: That reminds me, the new clothes-washing policy is to not actually put washed clothes in dryer (since several people have told me they have many items that can't be tumble-dried), but instead put them in the small light blue hamper. This will be stored between the wall and the side of the washer when not in use. Thanks all (and no harm done this time)",
        "ts": "1488170699.000005"
    },
    {
        "type": "message",
        "user": "U2CU0HV7D",
        "text": "To be clear, this only applies to moving *other people's* clothes that have been left in the washer",
        "ts": "1488170737.000006",
        "reactions": [
            {
                "name": "violin",
                "users": [
                    "U3K49B8H0"
                ],
                "count": 1
            },
            {
                "name": "gear",
                "users": [
                    "U2D01HLT0"
                ],
                "count": 1
            },
            {
                "name": "tropical_fish",
                "users": [
                    "U2D0C4SH5"
                ],
                "count": 1
            }
        ]
    }
]