[
    {
        "type": "message",
        "user": "U2D0C4SH5",
        "text": "Hey Everyone, due to me being out of town\/busy for the next few months, I'm paying Phoenix to take on a lot of house maintenance. This includes assigning ad-hoc tasks and managing the *guests* and chores. EAG is going to be crazy, so please respond to his requests. \/chief",
        "ts": "1502133305.939756",
        "reactions": [
            {
                "name": "pray",
                "users": [
                    "U3K49B8H0"
                ],
                "count": 1
            },
            {
                "name": "heart",
                "users": [
                    "U3K49B8H0"
                ],
                "count": 1
            }
        ]
    }
]