[
    {
        "type": "message",
        "user": "U2CU0HV7D",
        "text": "Aysja used to be best friends with David Brin's daughter",
        "ts": "1485599790.000002"
    },
    {
        "type": "message",
        "user": "U2CU0HV7D",
        "text": "Every time I heard Ari Brin I had that vague thought of \"haha, wonder if she's related\" and she actually fucking was",
        "ts": "1485599839.000003"
    },
    {
        "type": "message",
        "user": "U2CU0JCGK",
        "text": "whaaaat",
        "ts": "1485642528.000002"
    }
]