[
    {
        "type": "message",
        "user": "U2D0C4SH5",
        "text": "All hail Connör, fridge sniffing champion! In under 3 minutes Connör (the legendary) managed to track down the fridge smell and dispose of it. Connör was 4th to try and the only to succeed. ",
        "ts": "1484356319.000002",
        "reactions": [
            {
                "name": "heart",
                "users": [
                    "U2CU0HV7D",
                    "U3K49B8H0"
                ],
                "count": 2
            },
            {
                "name": "crossed_swords",
                "users": [
                    "U2D08CYRK"
                ],
                "count": 1
            }
        ]
    },
    {
        "type": "message",
        "user": "U2D026HHN",
        "text": "What was it??",
        "ts": "1484356354.000003",
        "reactions": [
            {
                "name": "question",
                "users": [
                    "U2D01HLT0",
                    "U3K49B8H0",
                    "U2J7GJ50Q"
                ],
                "count": 3
            }
        ]
    }
]