[
    {
        "type": "message",
        "user": "U2D0CPE6M",
        "text": "Last day to pay 1\/n for June before there are late fees. \n<@U2CU0JFFD> <@U2D01HLT0> (?) <@U2CU0JCGK> <@U5EPK7WET> <@U3K49B8H0>",
        "ts": "1500335687.446434"
    },
    {
        "text": "smells like teen spirit",
        "type": "message",
        "subtype": "slackbot_response",
        "user": "USLACKBOT",
        "ts": "1500335687.446466"
    },
    {
        "user": "U5EPK7WET",
        "inviter": "U2D0CPE6M",
        "text": "<@U5EPK7WET> has joined the channel",
        "type": "message",
        "subtype": "channel_join",
        "ts": "1500335692.447717"
    }
]