[
    {
        "type": "message",
        "user": "U2D026HHN",
        "text": "Sticky Notes 2016 forever immortalized in Event Horizon google drive. I thought the way docs naturally split up the outline was fitting:",
        "ts": "1483679685.000002",
        "reactions": [
            {
                "name": "heart",
                "users": [
                    "U3K49B8H0",
                    "U2D01HLT0",
                    "U2CU0HV7D"
                ],
                "count": 3
            }
        ]
    },
    {
        "type": "message",
        "subtype": "file_share",
        "text": "<@U2D026HHN> uploaded a file: <https:\/\/theeventhorizon.slack.com\/files\/U2D026HHN\/F3NP3GCNB\/screen_shot_2017-01-05_at_9.12.44_pm.png|Screen Shot 2017-01-05 at 9.12.44 PM.png>",
        "file": {
            "id": "F3NP3GCNB",
            "created": 1483679700,
            "timestamp": 1483679700,
            "name": "Screen Shot 2017-01-05 at 9.12.44 PM.png",
            "title": "Screen Shot 2017-01-05 at 9.12.44 PM.png",
            "mimetype": "image\/png",
            "filetype": "png",
            "pretty_type": "PNG",
            "user": "U2D026HHN",
            "editable": false,
            "size": 12425,
            "mode": "hosted",
            "is_external": false,
            "external_type": "",
            "is_public": true,
            "public_url_shared": false,
            "display_as_bot": false,
            "username": "",
            "url_private": "https:\/\/files.slack.com\/files-pri\/T29RXEZQV-F3NP3GCNB\/screen_shot_2017-01-05_at_9.12.44_pm.png?t=xoxe-77881509845-278458240181-277799076385-f7aff9668b2352bc9174110ca96b42af",
            "url_private_download": "https:\/\/files.slack.com\/files-pri\/T29RXEZQV-F3NP3GCNB\/download\/screen_shot_2017-01-05_at_9.12.44_pm.png?t=xoxe-77881509845-278458240181-277799076385-f7aff9668b2352bc9174110ca96b42af",
            "thumb_64": "https:\/\/files.slack.com\/files-tmb\/T29RXEZQV-F3NP3GCNB-96aa026f88\/screen_shot_2017-01-05_at_9.12.44_pm_64.png?t=xoxe-77881509845-278458240181-277799076385-f7aff9668b2352bc9174110ca96b42af",
            "thumb_80": "https:\/\/files.slack.com\/files-tmb\/T29RXEZQV-F3NP3GCNB-96aa026f88\/screen_shot_2017-01-05_at_9.12.44_pm_80.png?t=xoxe-77881509845-278458240181-277799076385-f7aff9668b2352bc9174110ca96b42af",
            "thumb_360": "https:\/\/files.slack.com\/files-tmb\/T29RXEZQV-F3NP3GCNB-96aa026f88\/screen_shot_2017-01-05_at_9.12.44_pm_360.png?t=xoxe-77881509845-278458240181-277799076385-f7aff9668b2352bc9174110ca96b42af",
            "thumb_360_w": 249,
            "thumb_360_h": 203,
            "thumb_160": "https:\/\/files.slack.com\/files-tmb\/T29RXEZQV-F3NP3GCNB-96aa026f88\/screen_shot_2017-01-05_at_9.12.44_pm_160.png?t=xoxe-77881509845-278458240181-277799076385-f7aff9668b2352bc9174110ca96b42af",
            "image_exif_rotation": 1,
            "original_w": 249,
            "original_h": 203,
            "permalink": "https:\/\/theeventhorizon.slack.com\/files\/U2D026HHN\/F3NP3GCNB\/screen_shot_2017-01-05_at_9.12.44_pm.png",
            "permalink_public": "https:\/\/slack-files.com\/T29RXEZQV-F3NP3GCNB-5f2cb79656",
            "channels": [],
            "groups": [],
            "ims": [],
            "comments_count": 0
        },
        "user": "U2D026HHN",
        "upload": true,
        "display_as_bot": false,
        "username": "aysjaj",
        "bot_id": null,
        "ts": "1483679702.000003"
    }
]