[
    {
        "type": "message",
        "user": "U2D0C4SH5",
        "text": "Hey All, we have not been hacked. A housemate has been adding people to another slack team and made a few mistakes. I've removed them. :stuck_out_tongue:",
        "ts": "1497663532.403473",
        "reactions": [
            {
                "name": "grin",
                "users": [
                    "U2GK97M1A"
                ],
                "count": 1
            },
            {
                "name": "ok_hand",
                "users": [
                    "U3K49B8H0"
                ],
                "count": 1
            }
        ]
    }
]