[
    {
        "type": "message",
        "user": "U2D026HHN",
        "text": "Has anyone seen\/taken a MacBook charger from the living room? I'm missing mine ",
        "ts": "1480885570.000002"
    },
    {
        "type": "message",
        "user": "U2D0C4SH5",
        "text": "I found one in my room",
        "ts": "1480889562.000003"
    },
    {
        "type": "message",
        "user": "U2D0C4SH5",
        "text": "Put in livingroom. Might be Adam's?",
        "ts": "1480889614.000004"
    }
]