[
    {
        "type": "message",
        "subtype": "file_share",
        "text": "<@U2D0C4SH5> uploaded a file: <https:\/\/theeventhorizon.slack.com\/files\/U2D0C4SH5\/F2FKXTACD\/20160924_221247.jpg|Event Horizon has October Fest>",
        "file": {
            "id": "F2FKXTACD",
            "created": 1474782874,
            "timestamp": 1474782874,
            "name": "20160924_221247.jpg",
            "title": "Event Horizon has October Fest",
            "mimetype": "image\/jpeg",
            "filetype": "jpg",
            "pretty_type": "JPEG",
            "user": "U2D0C4SH5",
            "editable": false,
            "size": 3014984,
            "mode": "hosted",
            "is_external": false,
            "external_type": "",
            "is_public": true,
            "public_url_shared": false,
            "display_as_bot": false,
            "username": "",
            "url_private": "https:\/\/files.slack.com\/files-pri\/T29RXEZQV-F2FKXTACD\/20160924_221247.jpg?t=xoxe-77881509845-278458240181-277799076385-f7aff9668b2352bc9174110ca96b42af",
            "url_private_download": "https:\/\/files.slack.com\/files-pri\/T29RXEZQV-F2FKXTACD\/download\/20160924_221247.jpg?t=xoxe-77881509845-278458240181-277799076385-f7aff9668b2352bc9174110ca96b42af",
            "thumb_64": "https:\/\/files.slack.com\/files-tmb\/T29RXEZQV-F2FKXTACD-c4473f6c92\/20160924_221247_64.jpg?t=xoxe-77881509845-278458240181-277799076385-f7aff9668b2352bc9174110ca96b42af",
            "thumb_80": "https:\/\/files.slack.com\/files-tmb\/T29RXEZQV-F2FKXTACD-c4473f6c92\/20160924_221247_80.jpg?t=xoxe-77881509845-278458240181-277799076385-f7aff9668b2352bc9174110ca96b42af",
            "thumb_360": "https:\/\/files.slack.com\/files-tmb\/T29RXEZQV-F2FKXTACD-c4473f6c92\/20160924_221247_360.jpg?t=xoxe-77881509845-278458240181-277799076385-f7aff9668b2352bc9174110ca96b42af",
            "thumb_360_w": 360,
            "thumb_360_h": 270,
            "thumb_480": "https:\/\/files.slack.com\/files-tmb\/T29RXEZQV-F2FKXTACD-c4473f6c92\/20160924_221247_480.jpg?t=xoxe-77881509845-278458240181-277799076385-f7aff9668b2352bc9174110ca96b42af",
            "thumb_480_w": 480,
            "thumb_480_h": 360,
            "thumb_160": "https:\/\/files.slack.com\/files-tmb\/T29RXEZQV-F2FKXTACD-c4473f6c92\/20160924_221247_160.jpg?t=xoxe-77881509845-278458240181-277799076385-f7aff9668b2352bc9174110ca96b42af",
            "thumb_720": "https:\/\/files.slack.com\/files-tmb\/T29RXEZQV-F2FKXTACD-c4473f6c92\/20160924_221247_720.jpg?t=xoxe-77881509845-278458240181-277799076385-f7aff9668b2352bc9174110ca96b42af",
            "thumb_720_w": 720,
            "thumb_720_h": 540,
            "thumb_960": "https:\/\/files.slack.com\/files-tmb\/T29RXEZQV-F2FKXTACD-c4473f6c92\/20160924_221247_960.jpg?t=xoxe-77881509845-278458240181-277799076385-f7aff9668b2352bc9174110ca96b42af",
            "thumb_960_w": 960,
            "thumb_960_h": 720,
            "thumb_1024": "https:\/\/files.slack.com\/files-tmb\/T29RXEZQV-F2FKXTACD-c4473f6c92\/20160924_221247_1024.jpg?t=xoxe-77881509845-278458240181-277799076385-f7aff9668b2352bc9174110ca96b42af",
            "thumb_1024_w": 1024,
            "thumb_1024_h": 768,
            "image_exif_rotation": 1,
            "original_w": 4032,
            "original_h": 3024,
            "permalink": "https:\/\/theeventhorizon.slack.com\/files\/U2D0C4SH5\/F2FKXTACD\/20160924_221247.jpg",
            "permalink_public": "https:\/\/slack-files.com\/T29RXEZQV-F2FKXTACD-ccfa805556",
            "channels": [],
            "groups": [],
            "ims": [],
            "comments_count": 0
        },
        "user": "U2D0C4SH5",
        "upload": true,
        "display_as_bot": false,
        "username": "elizabeth",
        "bot_id": null,
        "ts": "1474782881.000002"
    },
    {
        "type": "message",
        "user": "U2D0C4SH5",
        "text": "Thank you @dkris ",
        "ts": "1474782943.000003"
    }
]