[
    {
        "type": "message",
        "user": "U2J7GJ50Q",
        "text": "One of the guests who we had today left through the front door and left it unlocked. I remembered to check, but in the future it would be good if other people remember to check this also since we often don't lock the 2nd floor door and don't want strangers walking in.",
        "ts": "1481274560.000002"
    },
    {
        "type": "message",
        "user": "U2D08CYRK",
        "text": "We should also ask guests to use the back door",
        "ts": "1481322128.000002",
        "reactions": [
            {
                "name": "+1",
                "users": [
                    "U2CU0HV7D"
                ],
                "count": 1
            }
        ]
    }
]