[
    {
        "type": "message",
        "user": "U2D0C4SH5",
        "text": "We have rationalist guests until Sunday! Their names are James and  Simon.  I'll figure out their sleeping quarters when I'm back from work.  :slightly_smiling_face:",
        "ts": "1474491913.000002"
    },
    {
        "type": "message",
        "user": "U2CU0HV7D",
        "text": "Hooray hooray!",
        "ts": "1474497179.000003"
    },
    {
        "type": "message",
        "subtype": "file_share",
        "text": "<@U2D026HHN> uploaded a file: <https:\/\/theeventhorizon.slack.com\/files\/U2D026HHN\/F2EF01WHJ\/slack_for_ios_upload.jpg|Slack for iOS Upload>",
        "file": {
            "id": "F2EF01WHJ",
            "created": 1474502141,
            "timestamp": 1474502141,
            "name": "Slack for iOS Upload.jpg",
            "title": "Slack for iOS Upload",
            "mimetype": "image\/jpeg",
            "filetype": "jpg",
            "pretty_type": "JPEG",
            "user": "U2D026HHN",
            "editable": false,
            "size": 350003,
            "mode": "hosted",
            "is_external": false,
            "external_type": "",
            "is_public": true,
            "public_url_shared": false,
            "display_as_bot": false,
            "username": "",
            "url_private": "https:\/\/files.slack.com\/files-pri\/T29RXEZQV-F2EF01WHJ\/slack_for_ios_upload.jpg?t=xoxe-77881509845-278458240181-277799076385-f7aff9668b2352bc9174110ca96b42af",
            "url_private_download": "https:\/\/files.slack.com\/files-pri\/T29RXEZQV-F2EF01WHJ\/download\/slack_for_ios_upload.jpg?t=xoxe-77881509845-278458240181-277799076385-f7aff9668b2352bc9174110ca96b42af",
            "thumb_64": "https:\/\/files.slack.com\/files-tmb\/T29RXEZQV-F2EF01WHJ-948951ebcd\/slack_for_ios_upload_64.jpg?t=xoxe-77881509845-278458240181-277799076385-f7aff9668b2352bc9174110ca96b42af",
            "thumb_80": "https:\/\/files.slack.com\/files-tmb\/T29RXEZQV-F2EF01WHJ-948951ebcd\/slack_for_ios_upload_80.jpg?t=xoxe-77881509845-278458240181-277799076385-f7aff9668b2352bc9174110ca96b42af",
            "thumb_360": "https:\/\/files.slack.com\/files-tmb\/T29RXEZQV-F2EF01WHJ-948951ebcd\/slack_for_ios_upload_360.jpg?t=xoxe-77881509845-278458240181-277799076385-f7aff9668b2352bc9174110ca96b42af",
            "thumb_360_w": 270,
            "thumb_360_h": 360,
            "thumb_480": "https:\/\/files.slack.com\/files-tmb\/T29RXEZQV-F2EF01WHJ-948951ebcd\/slack_for_ios_upload_480.jpg?t=xoxe-77881509845-278458240181-277799076385-f7aff9668b2352bc9174110ca96b42af",
            "thumb_480_w": 360,
            "thumb_480_h": 480,
            "thumb_160": "https:\/\/files.slack.com\/files-tmb\/T29RXEZQV-F2EF01WHJ-948951ebcd\/slack_for_ios_upload_160.jpg?t=xoxe-77881509845-278458240181-277799076385-f7aff9668b2352bc9174110ca96b42af",
            "thumb_720": "https:\/\/files.slack.com\/files-tmb\/T29RXEZQV-F2EF01WHJ-948951ebcd\/slack_for_ios_upload_720.jpg?t=xoxe-77881509845-278458240181-277799076385-f7aff9668b2352bc9174110ca96b42af",
            "thumb_720_w": 540,
            "thumb_720_h": 720,
            "thumb_960": "https:\/\/files.slack.com\/files-tmb\/T29RXEZQV-F2EF01WHJ-948951ebcd\/slack_for_ios_upload_960.jpg?t=xoxe-77881509845-278458240181-277799076385-f7aff9668b2352bc9174110ca96b42af",
            "thumb_960_w": 720,
            "thumb_960_h": 960,
            "thumb_1024": "https:\/\/files.slack.com\/files-tmb\/T29RXEZQV-F2EF01WHJ-948951ebcd\/slack_for_ios_upload_1024.jpg?t=xoxe-77881509845-278458240181-277799076385-f7aff9668b2352bc9174110ca96b42af",
            "thumb_1024_w": 768,
            "thumb_1024_h": 1024,
            "image_exif_rotation": 1,
            "original_w": 1224,
            "original_h": 1632,
            "permalink": "https:\/\/theeventhorizon.slack.com\/files\/U2D026HHN\/F2EF01WHJ\/slack_for_ios_upload.jpg",
            "permalink_public": "https:\/\/slack-files.com\/T29RXEZQV-F2EF01WHJ-65d51355b6",
            "channels": [],
            "groups": [],
            "ims": [],
            "comments_count": 0
        },
        "user": "U2D026HHN",
        "upload": true,
        "display_as_bot": false,
        "username": "aysjaj",
        "bot_id": null,
        "ts": "1474502144.000004"
    },
    {
        "type": "message",
        "user": "U2D026HHN",
        "text": "Person I'm baby sitting for offered me five of these plates. Sunglasses for scale. Do we want them?",
        "ts": "1474502172.000005"
    },
    {
        "type": "message",
        "user": "U2D0C4SH5",
        "text": "Are they light?",
        "ts": "1474502266.000006"
    },
    {
        "type": "message",
        "user": "U2CU0HV7D",
        "text": "I vote no",
        "ts": "1474502287.000007"
    },
    {
        "type": "message",
        "user": "U2D0C4SH5",
        "text": "Same",
        "ts": "1474502305.000008"
    },
    {
        "type": "message",
        "user": "U2D0C4SH5",
        "text": "If heavy",
        "ts": "1474502308.000009"
    },
    {
        "type": "message",
        "user": "U2D01HLT0",
        "text": "I haven’t observed plate shortage recently, so I also vote no",
        "ts": "1474502357.000010"
    },
    {
        "type": "message",
        "user": "U2D026HHN",
        "text": "Alright won't bring them home. I was thinking the second floor didn't have as much kitchen stuff? But wasn't sure ",
        "ts": "1474502881.000011"
    },
    {
        "type": "message",
        "user": "U29QA5RU3",
        "text": "Second floor has plates and such for days, tbh",
        "ts": "1474503028.000012"
    },
    {
        "type": "message",
        "subtype": "file_share",
        "text": "<@U2CU0HV7D> uploaded a file: <https:\/\/theeventhorizon.slack.com\/files\/U2CU0HV7D\/F2EGB1RT7\/co2_at_near-liveable_levels.jpg|CO2 at near-liveable levels>",
        "file": {
            "id": "F2EGB1RT7",
            "created": 1474512272,
            "timestamp": 1474512272,
            "name": "CO2 at near-liveable levels.jpg",
            "title": "CO2 at near-liveable levels",
            "mimetype": "image\/jpeg",
            "filetype": "jpg",
            "pretty_type": "JPEG",
            "user": "U2CU0HV7D",
            "editable": false,
            "size": 2733683,
            "mode": "hosted",
            "is_external": false,
            "external_type": "",
            "is_public": true,
            "public_url_shared": false,
            "display_as_bot": false,
            "username": "",
            "url_private": "https:\/\/files.slack.com\/files-pri\/T29RXEZQV-F2EGB1RT7\/co2_at_near-liveable_levels.jpg?t=xoxe-77881509845-278458240181-277799076385-f7aff9668b2352bc9174110ca96b42af",
            "url_private_download": "https:\/\/files.slack.com\/files-pri\/T29RXEZQV-F2EGB1RT7\/download\/co2_at_near-liveable_levels.jpg?t=xoxe-77881509845-278458240181-277799076385-f7aff9668b2352bc9174110ca96b42af",
            "thumb_64": "https:\/\/files.slack.com\/files-tmb\/T29RXEZQV-F2EGB1RT7-79e59885af\/co2_at_near-liveable_levels_64.jpg?t=xoxe-77881509845-278458240181-277799076385-f7aff9668b2352bc9174110ca96b42af",
            "thumb_80": "https:\/\/files.slack.com\/files-tmb\/T29RXEZQV-F2EGB1RT7-79e59885af\/co2_at_near-liveable_levels_80.jpg?t=xoxe-77881509845-278458240181-277799076385-f7aff9668b2352bc9174110ca96b42af",
            "thumb_360": "https:\/\/files.slack.com\/files-tmb\/T29RXEZQV-F2EGB1RT7-79e59885af\/co2_at_near-liveable_levels_360.jpg?t=xoxe-77881509845-278458240181-277799076385-f7aff9668b2352bc9174110ca96b42af",
            "thumb_360_w": 270,
            "thumb_360_h": 360,
            "thumb_480": "https:\/\/files.slack.com\/files-tmb\/T29RXEZQV-F2EGB1RT7-79e59885af\/co2_at_near-liveable_levels_480.jpg?t=xoxe-77881509845-278458240181-277799076385-f7aff9668b2352bc9174110ca96b42af",
            "thumb_480_w": 360,
            "thumb_480_h": 480,
            "thumb_160": "https:\/\/files.slack.com\/files-tmb\/T29RXEZQV-F2EGB1RT7-79e59885af\/co2_at_near-liveable_levels_160.jpg?t=xoxe-77881509845-278458240181-277799076385-f7aff9668b2352bc9174110ca96b42af",
            "thumb_720": "https:\/\/files.slack.com\/files-tmb\/T29RXEZQV-F2EGB1RT7-79e59885af\/co2_at_near-liveable_levels_720.jpg?t=xoxe-77881509845-278458240181-277799076385-f7aff9668b2352bc9174110ca96b42af",
            "thumb_720_w": 540,
            "thumb_720_h": 720,
            "thumb_960": "https:\/\/files.slack.com\/files-tmb\/T29RXEZQV-F2EGB1RT7-79e59885af\/co2_at_near-liveable_levels_960.jpg?t=xoxe-77881509845-278458240181-277799076385-f7aff9668b2352bc9174110ca96b42af",
            "thumb_960_w": 720,
            "thumb_960_h": 960,
            "thumb_1024": "https:\/\/files.slack.com\/files-tmb\/T29RXEZQV-F2EGB1RT7-79e59885af\/co2_at_near-liveable_levels_1024.jpg?t=xoxe-77881509845-278458240181-277799076385-f7aff9668b2352bc9174110ca96b42af",
            "thumb_1024_w": 768,
            "thumb_1024_h": 1024,
            "image_exif_rotation": 1,
            "original_w": 4032,
            "original_h": 3024,
            "permalink": "https:\/\/theeventhorizon.slack.com\/files\/U2CU0HV7D\/F2EGB1RT7\/co2_at_near-liveable_levels.jpg",
            "permalink_public": "https:\/\/slack-files.com\/T29RXEZQV-F2EGB1RT7-fd7e792aa9",
            "channels": [],
            "groups": [],
            "ims": [],
            "comments_count": 0
        },
        "user": "U2CU0HV7D",
        "upload": true,
        "display_as_bot": false,
        "username": "flexman",
        "bot_id": null,
        "ts": "1474512278.000013"
    },
    {
        "type": "message",
        "user": "U2CU0HV7D",
        "text": "<@U2D026HHN>: thanks for considering us re the plates though :)",
        "ts": "1474512356.000014"
    }
]