[
    {
        "type": "message",
        "user": "U2D08CYRK",
        "text": "Fernando was supposed to come by around noon today. Did this happen?",
        "ts": "1479420165.000002"
    },
    {
        "type": "message",
        "user": "U2J7GJ50Q",
        "text": "<@U2D08CYRK> he hadn't AFAIK by the time I left around 3pm and I did note that the part was still missing from the breaker box.",
        "ts": "1479429445.000003"
    },
    {
        "type": "message",
        "user": "U2D026HHN",
        "text": "yo elizabeth when is fernando coming?",
        "ts": "1479446976.000004",
        "reactions": [
            {
                "name": "bathtub",
                "users": [
                    "U2D01HLT0"
                ],
                "count": 1
            },
            {
                "name": "bomb",
                "users": [
                    "U2D01HLT0"
                ],
                "count": 1
            },
            {
                "name": "skull_and_crossbones",
                "users": [
                    "U2D0C4SH5"
                ],
                "count": 1
            }
        ]
    }
]