[
    {
        "user": "U2DPV62N7",
        "text": "<@U2DPV62N7> has joined the channel",
        "type": "message",
        "subtype": "channel_join",
        "ts": "1474396252.000002",
        "reactions": [
            {
                "name": "new_moon",
                "users": [
                    "U2CU0HV7D"
                ],
                "count": 1
            }
        ]
    },
    {
        "type": "message",
        "user": "U2CU0HV7D",
        "text": "Event: watching Martin Shkreli videos! on 2f at 11pm today (for 30-60 minutes or until people want us to be quiet)",
        "ts": "1474432295.000002"
    },
    {
        "type": "message",
        "user": "U2D01HLT0",
        "text": ":pill::moneybag::middle_finger:",
        "ts": "1474432728.000003"
    }
]