[
    {
        "user": "U2DD9D8RW",
        "text": "<@U2DD9D8RW> has joined the channel",
        "type": "message",
        "subtype": "channel_join",
        "ts": "1474324129.000002"
    },
    {
        "type": "message",
        "user": "U2D0C4SH5",
        "text": "Announcement (might make channel for this): PRETRASH is going out tonight @ 11. Please check beforehand. It has grown.",
        "ts": "1474331350.000003"
    },
    {
        "type": "message",
        "user": "U2D08CYRK",
        "text": "<@U2D0C4SH5> 2nd floor or 3rd floor pretrash?",
        "ts": "1474331757.000004"
    },
    {
        "type": "message",
        "user": "U2D0C4SH5",
        "text": "Yes",
        "ts": "1474331773.000005"
    },
    {
        "type": "message",
        "user": "U2D0C4SH5",
        "text": "Both",
        "ts": "1474331776.000006",
        "reactions": [
            {
                "name": "+1",
                "users": [
                    "U2D08CYRK"
                ],
                "count": 1
            }
        ]
    },
    {
        "type": "message",
        "user": "U2CU0JCGK",
        "text": "There's a lot of stuff in it, including weird supplements, graphing calculators, and shitty hats. Enjoy.",
        "ts": "1474332316.000007"
    }
]