[
    {
        "type": "message",
        "user": "U2D0K9866",
        "text": "<!channel>: Please ensure nothing flammable ever touches the crock pot, including the wall. Found a stack of paper cups leaning against it tonight which were too hot to touch - didn't even know that was possible without catching fire. This is the third time in three months we've had significant risk of fire, please let's try not to burn each other alive ",
        "ts": "1480242949.000002"
    },
    {
        "type": "message",
        "user": "U2D0K9866",
        "text": "On that note, I would vote to ban candles and space heaters, the sources of the previous two incidents. I like both of those things very much but imo the risk is unacceptably high. If you agree please thumb up; if disagree, thumb down ",
        "ts": "1480243121.000003",
        "reactions": [
            {
                "name": "+1",
                "users": [
                    "U2D0K9866",
                    "U2D01HLT0",
                    "U2J7GJ50Q",
                    "U2UPVPNTB"
                ],
                "count": 4
            },
            {
                "name": "-1",
                "users": [
                    "U2D08CYRK"
                ],
                "count": 1
            }
        ]
    },
    {
        "type": "message",
        "user": "U2D0K9866",
        "text": "We should be getting more fire alarms and fire extinguisher holders soon ",
        "ts": "1480243150.000004"
    },
    {
        "type": "message",
        "user": "U2CU0HV7D",
        "text": "I think we should get rid of the open space heater, but I just ordered a closed and safer one. Can we try that and see how unsafe it is?",
        "ts": "1480244806.000002",
        "reactions": [
            {
                "name": "+1",
                "users": [
                    "U2D0K9866"
                ],
                "count": 1
            }
        ]
    },
    {
        "type": "message",
        "user": "U2D08CYRK",
        "text": "I have this kind and I think it's pretty safe: <https:\/\/www.amazon.com\/gp\/aw\/d\/B000TKDQ5C>",
        "attachments": [
            {
                "title": "Amazon.com: Lasko 754200 Ceramic Heater with Adjustable Thermostat: Home &amp; Kitchen",
                "title_link": "https:\/\/www.amazon.com\/gp\/aw\/d\/B000TKDQ5C",
                "text": "Buy Lasko 754200 Ceramic Heater with Adjustable Thermostat: Space Heaters - <http:\/\/Amazon.com|Amazon.com> ✓ FREE DELIVERY possible on eligible purchases",
                "fallback": "Amazon.com: Lasko 754200 Ceramic Heater with Adjustable Thermostat: Home &amp; Kitchen",
                "from_url": "https:\/\/www.amazon.com\/gp\/aw\/d\/B000TKDQ5C",
                "service_icon": "https:\/\/www.amazon.com\/favicon.ico",
                "service_name": "amazon.com",
                "id": 1
            }
        ],
        "ts": "1480246959.000002"
    },
    {
        "type": "message",
        "user": "U2CU0HV7D",
        "text": "Great, that's the one I ordered",
        "ts": "1480247473.000004"
    },
    {
        "type": "message",
        "user": "U2D0K9866",
        "text": "Downstairs breaker now making same noise upstairs breaker made. If same cause, then downstairs breaker currently casting fire into wall. Will flip breakers until noise stops but electrician needs to be called ",
        "ts": "1480287270.000002",
        "reactions": [
            {
                "name": "tropical_fish",
                "users": [
                    "U2D0C4SH5"
                ],
                "count": 1
            }
        ]
    },
    {
        "type": "message",
        "user": "U2D01HLT0",
        "text": "I propose we swap out Apollo for Prometheus until fire safety issues are addressed.",
        "ts": "1480287528.000003",
        "reactions": [
            {
                "name": "+1",
                "users": [
                    "U2D0CPE6M"
                ],
                "count": 1
            }
        ]
    },
    {
        "type": "message",
        "user": "U2D0K9866",
        "text": "If it's the case that two circuits in one month are failing to break we should get the whole board swapped, not just replace the problem breaker ",
        "ts": "1480287664.000004"
    },
    {
        "type": "message",
        "user": "U2D0K9866",
        "text": "Planet Earth at 9:30!",
        "ts": "1480306197.000002",
        "reactions": [
            {
                "name": "cry",
                "users": [
                    "U2D026HHN"
                ],
                "count": 1
            }
        ]
    }
]