[
    {
        "type": "message",
        "user": "U2D01HLT0",
        "text": "Thanks everyone, that was exactly what I wanted for my birthday :grin::tada::pizza::bomb::moyai:",
        "ts": "1475916401.000002"
    },
    {
        "type": "message",
        "user": "U2CU0HV7D",
        "text": "Man, now I wish we had more bombs and giant stone faces ",
        "ts": "1475921332.000002"
    },
    {
        "type": "message",
        "user": "U2CU0HV7D",
        "text": "Next time",
        "ts": "1475921338.000003"
    },
    {
        "type": "message",
        "user": "U2D026HHN",
        "text": ":D I'm glad ",
        "ts": "1475948709.000002"
    },
    {
        "type": "message",
        "subtype": "file_share",
        "text": "<@U2D026HHN> uploaded a file: <https:\/\/theeventhorizon.slack.com\/files\/U2D026HHN\/F2M399XV0\/guess_who_s_back__back_again.jpg|Guess who's back, back again>",
        "file": {
            "id": "F2M399XV0",
            "created": 1475952295,
            "timestamp": 1475952295,
            "name": "Guess who's back, back again.jpg",
            "title": "Guess who's back, back again",
            "mimetype": "image\/jpeg",
            "filetype": "jpg",
            "pretty_type": "JPEG",
            "user": "U2D026HHN",
            "editable": false,
            "size": 289266,
            "mode": "hosted",
            "is_external": false,
            "external_type": "",
            "is_public": true,
            "public_url_shared": false,
            "display_as_bot": false,
            "username": "",
            "url_private": "https:\/\/files.slack.com\/files-pri\/T29RXEZQV-F2M399XV0\/guess_who_s_back__back_again.jpg?t=xoxe-77881509845-278458240181-277799076385-f7aff9668b2352bc9174110ca96b42af",
            "url_private_download": "https:\/\/files.slack.com\/files-pri\/T29RXEZQV-F2M399XV0\/download\/guess_who_s_back__back_again.jpg?t=xoxe-77881509845-278458240181-277799076385-f7aff9668b2352bc9174110ca96b42af",
            "thumb_64": "https:\/\/files.slack.com\/files-tmb\/T29RXEZQV-F2M399XV0-bf834d6117\/guess_who_s_back__back_again_64.jpg?t=xoxe-77881509845-278458240181-277799076385-f7aff9668b2352bc9174110ca96b42af",
            "thumb_80": "https:\/\/files.slack.com\/files-tmb\/T29RXEZQV-F2M399XV0-bf834d6117\/guess_who_s_back__back_again_80.jpg?t=xoxe-77881509845-278458240181-277799076385-f7aff9668b2352bc9174110ca96b42af",
            "thumb_360": "https:\/\/files.slack.com\/files-tmb\/T29RXEZQV-F2M399XV0-bf834d6117\/guess_who_s_back__back_again_360.jpg?t=xoxe-77881509845-278458240181-277799076385-f7aff9668b2352bc9174110ca96b42af",
            "thumb_360_w": 270,
            "thumb_360_h": 360,
            "thumb_480": "https:\/\/files.slack.com\/files-tmb\/T29RXEZQV-F2M399XV0-bf834d6117\/guess_who_s_back__back_again_480.jpg?t=xoxe-77881509845-278458240181-277799076385-f7aff9668b2352bc9174110ca96b42af",
            "thumb_480_w": 360,
            "thumb_480_h": 480,
            "thumb_160": "https:\/\/files.slack.com\/files-tmb\/T29RXEZQV-F2M399XV0-bf834d6117\/guess_who_s_back__back_again_160.jpg?t=xoxe-77881509845-278458240181-277799076385-f7aff9668b2352bc9174110ca96b42af",
            "thumb_720": "https:\/\/files.slack.com\/files-tmb\/T29RXEZQV-F2M399XV0-bf834d6117\/guess_who_s_back__back_again_720.jpg?t=xoxe-77881509845-278458240181-277799076385-f7aff9668b2352bc9174110ca96b42af",
            "thumb_720_w": 540,
            "thumb_720_h": 720,
            "thumb_960": "https:\/\/files.slack.com\/files-tmb\/T29RXEZQV-F2M399XV0-bf834d6117\/guess_who_s_back__back_again_960.jpg?t=xoxe-77881509845-278458240181-277799076385-f7aff9668b2352bc9174110ca96b42af",
            "thumb_960_w": 720,
            "thumb_960_h": 960,
            "thumb_1024": "https:\/\/files.slack.com\/files-tmb\/T29RXEZQV-F2M399XV0-bf834d6117\/guess_who_s_back__back_again_1024.jpg?t=xoxe-77881509845-278458240181-277799076385-f7aff9668b2352bc9174110ca96b42af",
            "thumb_1024_w": 768,
            "thumb_1024_h": 1024,
            "image_exif_rotation": 1,
            "original_w": 1224,
            "original_h": 1632,
            "permalink": "https:\/\/theeventhorizon.slack.com\/files\/U2D026HHN\/F2M399XV0\/guess_who_s_back__back_again.jpg",
            "permalink_public": "https:\/\/slack-files.com\/T29RXEZQV-F2M399XV0-0152b53176",
            "channels": [],
            "groups": [],
            "ims": [],
            "comments_count": 0
        },
        "user": "U2D026HHN",
        "upload": true,
        "display_as_bot": false,
        "username": "aysjaj",
        "bot_id": null,
        "ts": "1475952299.000003"
    },
    {
        "type": "message",
        "user": "U2D026HHN",
        "text": "3f bathroom with small shower",
        "ts": "1475952315.000004"
    },
    {
        "type": "message",
        "user": "U2D01HAA2",
        "text": "Does David have a successor as destroyer of ants?",
        "ts": "1475954828.000005"
    },
    {
        "type": "message",
        "user": "U2D0C4SH5",
        "text": "<@U2D0K9866>: ",
        "ts": "1475956201.000006"
    },
    {
        "type": "message",
        "user": "U2D0K9866",
        "text": "Do any of you have percussive ability? ",
        "ts": "1475959292.000007"
    },
    {
        "type": "message",
        "user": "U2D0CPE6M",
        "text": "<@U2D0C4SH5> the kitchen sink on the second floor seems sort of broken.  The faucet won't stay on while running the dishwasher.",
        "ts": "1475965504.000008"
    },
    {
        "type": "message",
        "user": "U2CU0HV7D",
        "text": "That's just how it's supposed to work",
        "ts": "1475967596.000002"
    },
    {
        "type": "message",
        "user": "U2CU0JCGK",
        "text": "it's really broken.",
        "ts": "1475969062.000002"
    },
    {
        "type": "message",
        "user": "U2CU0HV7D",
        "text": "Oh, that's a problem then",
        "ts": "1475969769.000003"
    }
]