[
    {
        "type": "message",
        "user": "U2CU0JFFD",
        "text": "<@U2D0K9866> can we not get rid of the plates until have paper ones?",
        "ts": "1477419519.000002"
    },
    {
        "type": "message",
        "user": "U2D026HHN",
        "text": "Thursday night at 7 jack Carroll is coming over with board games (Agricola, dominion, etc). People are welcome to join! ",
        "ts": "1477437279.000003",
        "reactions": [
            {
                "name": "game_die",
                "users": [
                    "U2D0C4SH5",
                    "U29QA5RU3"
                ],
                "count": 2
            },
            {
                "name": "postal_horn",
                "users": [
                    "U29QA5RU3",
                    "U2D0CPE6M"
                ],
                "count": 2
            }
        ]
    }
]