[
    {
        "type": "message",
        "user": "U2D026HHN",
        "text": "CFAR mentorship workshop has bequeathed many a food upon us! There is a bunch in the free food cubby and some overflowed to guest food bin. Anything in the fridge with a black sticker is up for grabs! (Also enjoy cupcakes placed in the living room) :blush:",
        "ts": "1474922180.000002"
    },
    {
        "type": "message",
        "user": "U2D0C4SH5",
        "text": ":D !!!!! Glory!!!!",
        "ts": "1474922321.000003"
    },
    {
        "type": "message",
        "user": "U2D0CPE6M",
        "text": "!!!!!",
        "ts": "1474925953.000004"
    },
    {
        "type": "message",
        "user": "U2D01HAA2",
        "text": "We should pick a time to convene constitutionally. Part 2 of our Convention was originally scheduled for tomorrow night, when we are instead celebrating the non-end of the world.",
        "ts": "1474948070.000002"
    },
    {
        "type": "message",
        "user": "U2D01HAA2",
        "text": "Also, it would be useful to have a google calendar of house events.",
        "ts": "1474948102.000003"
    },
    {
        "type": "message",
        "user": "U2D08CYRK",
        "text": "<@U2D0C4SH5> Convention before the party tomorrow?",
        "ts": "1474948264.000004"
    },
    {
        "type": "message",
        "user": "U2D0C4SH5",
        "text": "Sure, but some people will be occupied making the dinner. Alternatively, Wednesday? ",
        "ts": "1474948545.000005"
    }
]