[
    {
        "type": "message",
        "user": "U2D08CYRK",
        "text": "<!channel> Christina + painters might be coming by today to paint the balcony railings. I’ve told her 3rd floor will be tricky to paint because of the couches, but that she’s welcome to try.",
        "ts": "1500313799.419560"
    },
    {
        "type": "message",
        "user": "U2D08CYRK",
        "text": "I moved some stuff that was on the 3rd floor balcony, so if you had something out there that’s missing, come find me.",
        "ts": "1500313842.443699"
    },
    {
        "type": "message",
        "user": "U2D08CYRK",
        "text": "I also detached the sheet \/ flag thing that was in front of the sauna on the 2nd floor balcony.",
        "ts": "1500313860.453880"
    },
    {
        "type": "message",
        "user": "U3K49B8H0",
        "text": "Should we move the equipment again? Seems like it might give her reason to be upset.",
        "ts": "1500314193.645268"
    },
    {
        "type": "message",
        "user": "U2D08CYRK",
        "text": "Nah, I told her that it’s there",
        "ts": "1500334192.582351"
    },
    {
        "type": "message",
        "user": "U2D0K9866",
        "text": "magnitude of spoils unseen since pillaging of Carthage, top two shelfs of 2nd floor fridge + non-popsicle ice cream in freezer",
        "edited": {
            "user": "U2D0K9866",
            "ts": "1500337592.000000"
        },
        "ts": "1500337585.358212",
        "reactions": [
            {
                "name": "smile",
                "users": [
                    "U2D026HHN",
                    "U2D0CPE6M"
                ],
                "count": 2
            },
            {
                "name": "raised_hands",
                "users": [
                    "U3K49B8H0"
                ],
                "count": 1
            },
            {
                "name": "fist",
                "users": [
                    "U3K49B8H0"
                ],
                "count": 1
            }
        ]
    }
]