[
    {
        "type": "message",
        "user": "U2D0CPE6M",
        "text": "Currently planning on the october one.",
        "thread_ts": "1496897982.962900",
        "parent_user_id": "U2D0CPE6M",
        "ts": "1496934982.750587"
    },
    {
        "type": "message",
        "user": "U2J7GJ50Q",
        "text": "I'm very interested. Not sure if I'll have the time though.",
        "thread_ts": "1496897982.962900",
        "parent_user_id": "U2D0CPE6M",
        "ts": "1496976786.673884"
    }
]