[
    {
        "type": "message",
        "user": "U2D0C4SH5",
        "text": "Christina told our cleaning lady that we need to recycle better. ",
        "ts": "1493159041.445920"
    },
    {
        "type": "message",
        "user": "U2D026HHN",
        "text": "Lol. Like... we put things in the recycle that shouldn't go there?",
        "ts": "1493159085.457254"
    },
    {
        "type": "message",
        "user": "U2D026HHN",
        "text": "We could put a sign above it maybe ",
        "ts": "1493159114.464512"
    },
    {
        "type": "message",
        "user": "U3K49B8H0",
        "text": "Yo Aysja, where's your emoji status?",
        "ts": "1493159134.469945"
    },
    {
        "type": "message",
        "user": "U2D0C4SH5",
        "text": "I'm a little unclear what exactly is the problem due to this message being the product of 2nd language telephone... we have also been instructed to not \"have trash on floors\".",
        "ts": "1493159200.486529"
    },
    {
        "text": "trash me daddy",
        "type": "message",
        "subtype": "slackbot_response",
        "user": "USLACKBOT",
        "ts": "1493159200.486563",
        "reactions": [
            {
                "name": "joy",
                "users": [
                    "U3K49B8H0",
                    "U2D026HHN",
                    "U2CU0HV7D"
                ],
                "count": 3
            },
            {
                "name": "ok_hand",
                "users": [
                    "U3K49B8H0"
                ],
                "count": 1
            }
        ]
    },
    {
        "type": "message",
        "user": "U2D0C4SH5",
        "text": "^uhm",
        "ts": "1493159215.490253"
    },
    {
        "type": "message",
        "user": "U2D026HHN",
        "text": "Uhhhh",
        "ts": "1493159226.492771"
    },
    {
        "type": "message",
        "user": "U3K49B8H0",
        "text": "thank based moderators",
        "ts": "1493159260.501138",
        "reactions": [
            {
                "name": "pray",
                "users": [
                    "U3K49B8H0",
                    "U2GK97M1A"
                ],
                "count": 2
            },
            {
                "name": "raised_hands",
                "users": [
                    "U3K49B8H0"
                ],
                "count": 1
            }
        ]
    },
    {
        "type": "message",
        "user": "U2D026HHN",
        "text": "K, I can imagine it being a number of things",
        "ts": "1493159266.502722"
    },
    {
        "type": "message",
        "user": "U2D0C4SH5",
        "text": "Does our interior recycling divisions match our exterior ones? <@U2J7GJ50Q> ",
        "ts": "1493159383.531676"
    },
    {
        "type": "message",
        "user": "U2CU0HV7D",
        "text": "3f smells like rotting fish. Is this the odor of cleanliness?",
        "ts": "1493165527.820891"
    },
    {
        "type": "message",
        "user": "U2D01HLT0",
        "text": "…actually yes. I think this is a semi-well-known thing like the asparagus-pee or cilantro-soap thing. Certain cleaning additives or something smell like fish to some people.",
        "ts": "1493165612.836019"
    },
    {
        "type": "message",
        "user": "U2CU0HV7D",
        "text": "Kurt's explanation smells like a knave's trick. Is this the odor of verity?",
        "ts": "1493166019.906889"
    },
    {
        "text": "smells like teen spirit :shit:",
        "type": "message",
        "subtype": "slackbot_response",
        "user": "USLACKBOT",
        "ts": "1493166019.906915"
    },
    {
        "type": "message",
        "user": "U2D01HLT0",
        "text": "yeah, i made that up",
        "ts": "1493166033.909497"
    },
    {
        "type": "message",
        "user": "U2D01HLT0",
        "text": "i had kippers",
        "ts": "1493166072.916144"
    },
    {
        "type": "message",
        "user": "U2CU0HV7D",
        "text": "Anyone seen Matt's drill? Blue case",
        "ts": "1493168059.241870"
    },
    {
        "type": "message",
        "user": "U2D026HHN",
        "text": "I think Olivia was borrowing it a few days ago ",
        "ts": "1493168672.346872"
    },
    {
        "type": "message",
        "user": "U2J7GJ50Q",
        "text": "<@U2D0C4SH5> in general yes. Sometimes weird shit appears in the recycling that I didn't put there. ",
        "ts": "1493170005.555329"
    },
    {
        "type": "message",
        "user": "U3K49B8H0",
        "text": "Is there time for a birthday party this weekend? :smile:",
        "ts": "1493172924.001700"
    },
    {
        "type": "message",
        "user": "U2D0CPE6M",
        "text": ":(",
        "ts": "1493173250.049485"
    },
    {
        "type": "message",
        "user": "U2D0CPE6M",
        "text": "Phoenix",
        "ts": "1493173254.050061"
    },
    {
        "type": "message",
        "user": "U2D0CPE6M",
        "text": "Do you think you have to make it happen?",
        "ts": "1493173266.051711"
    },
    {
        "type": "message",
        "user": "U3K49B8H0",
        "text": "Well no I just wanted to start talking about plans or something",
        "ts": "1493173299.056287"
    },
    {
        "type": "message",
        "user": "U2D0CPE6M",
        "text": "Because you want actively to be involved",
        "thread_ts": "1493173340.062066",
        "reply_count": 2,
        "replies": [
            {
                "user": "U3K49B8H0",
                "ts": "1493180204.981561"
            },
            {
                "user": "U3K49B8H0",
                "ts": "1493180235.985087"
            }
        ],
        "unread_count": 2,
        "ts": "1493173340.062066"
    },
    {
        "type": "message",
        "user": "U2CU0JCGK",
        "text": "Connor, it's on my floor. Go ahead and grab it and then can you return it to Matt? ",
        "ts": "1493179709.920460"
    },
    {
        "type": "message",
        "user": "U3K49B8H0",
        "text": "quincy: well I had some fun ideas but I suppose it's nothing that can't be done suddenly, so no worries :slightly_smiling_face:",
        "thread_ts": "1493173340.062066",
        "parent_user_id": "U2D0CPE6M",
        "ts": "1493180204.981561"
    },
    {
        "type": "message",
        "user": "U3K49B8H0",
        "text": "I'm not worried about it, kay? :grin:",
        "thread_ts": "1493173340.062066",
        "parent_user_id": "U2D0CPE6M",
        "ts": "1493180235.985087"
    }
]