[
    {
        "type": "message",
        "user": "U5ZV6L94G",
        "text": "Thanks for this. :heart: Didn't make it in but I'll pick up replacements in Oxford.",
        "edited": {
            "user": "U5ZV6L94G",
            "ts": "1505303855.000000"
        },
        "thread_ts": "1505172295.000086",
        "parent_user_id": "U614WV9NC",
        "ts": "1505303850.000015"
    },
    {
        "type": "message",
        "user": "U2D0C4SH5",
        "text": "Yo Humans! \n\n1) A package arrived for me. Could someone bring it in?\n\n2) I haven't had a phone number since leaving for London. Please don't text or call. If you did, please send that message again via slack or FB.\n\n3) Send me the emails you want me to share various calendars, documents, etc with you.",
        "ts": "1505342652.000304"
    },
    {
        "type": "message",
        "user": "U2D026HHN",
        "text": "just went downstairs, didn't see a package",
        "ts": "1505342782.000181"
    },
    {
        "type": "message",
        "user": "U2D0K9866",
        "text": "Hmm, no packages? I'm supposed to have one too ",
        "ts": "1505342875.000194"
    },
    {
        "type": "message",
        "user": "U2D026HHN",
        "text": "there were a few inside already, I didn't look at the labels though",
        "ts": "1505342894.000280",
        "reactions": [
            {
                "name": "+1",
                "users": [
                    "U2D0K9866"
                ],
                "count": 1
            }
        ]
    },
    {
        "type": "message",
        "user": "U2D026HHN",
        "text": "Who usually uses the wine glasses? <@U2CU0JCGK> <@U2J7GJ50Q> ? Can whoever it is please wash them? They've been in the sink forever ",
        "thread_ts": "1505365875.000108",
        "reply_count": 2,
        "replies": [
            {
                "user": "U2J7GJ50Q",
                "ts": "1505402261.000699"
            },
            {
                "user": "U2D026HHN",
                "ts": "1505411786.000138"
            }
        ],
        "unread_count": 2,
        "ts": "1505365875.000108"
    },
    {
        "type": "message",
        "user": "U2D026HHN",
        "text": "Also does anyone know where our measuring spoons went?",
        "ts": "1505365909.000182"
    }
]