[
    {
        "type": "message",
        "user": "U2D026HHN",
        "text": "Where did those boxes of ear plugs in 3f kitchen go?",
        "thread_ts": "1505121237.000163",
        "reply_count": 1,
        "replies": [
            {
                "user": "U2J7GJ50Q",
                "ts": "1505147350.000372"
            }
        ],
        "unread_count": 1,
        "ts": "1505121237.000163"
    },
    {
        "type": "message",
        "user": "U2J7GJ50Q",
        "text": "2nd floor or stairway",
        "thread_ts": "1505121237.000163",
        "parent_user_id": "U2D026HHN",
        "ts": "1505147350.000372"
    },
    {
        "type": "message",
        "user": "U2D026HHN",
        "text": "My sister is asking me for \"fun informational\" math books! She's a sophomore in college and has taken calc, logic, and CS classes. Any recommendations? (I suggested GEB (although I haven't read it), love and math, and how not to be wrong) ",
        "ts": "1505151308.000290"
    },
    {
        "type": "message",
        "user": "U2D0K9866",
        "text": "I haven't read Measurement by Paul Lockhart but have heard excellent things",
        "ts": "1505159319.000403"
    },
    {
        "type": "message",
        "user": "U614WV9NC",
        "text": "Depending on the type of math she wants to know, I am still a huge fan of How To Measure Anything",
        "ts": "1505166943.000180"
    },
    {
        "type": "message",
        "user": "U614WV9NC",
        "text": "It's more about statistics and probability theory than pure math, but I think it's still my favorite introduction into statistics",
        "ts": "1505166971.000233"
    },
    {
        "type": "message",
        "user": "U614WV9NC",
        "text": "<!channel>: Does anyone have a key to the CEA offices and is currently at CFAR\/MIRI? Does anyone know anyone who has?",
        "ts": "1505172245.000325"
    },
    {
        "text": "*spank me*",
        "type": "message",
        "subtype": "slackbot_response",
        "user": "USLACKBOT",
        "ts": "1505172246.000024"
    },
    {
        "type": "message",
        "user": "U614WV9NC",
        "text": "Rox is locked out of the CEA offices, needs to pick something up and is headed for her flight to Oxford",
        "thread_ts": "1505172295.000086",
        "reply_count": 1,
        "replies": [
            {
                "user": "U5ZV6L94G",
                "ts": "1505303850.000015"
            }
        ],
        "unread_count": 1,
        "ts": "1505172295.000086"
    },
    {
        "type": "message",
        "user": "U2CU0HV7D",
        "text": "Sorry for the conflict. Were you playing from one of these 6 spotify accounts? I wonder if we can just use separate accounts on Sonos or un-sync ours or something",
        "thread_ts": "1505098651.000022",
        "parent_user_id": "U2CU0HV7D",
        "ts": "1505174229.000006"
    },
    {
        "type": "message",
        "user": "U2D026HHN",
        "text": "Messed up and accidentally made a bunch of rice a roni is anyone upstairs wants some. It's in the microwave ",
        "ts": "1505190429.000060"
    },
    {
        "type": "message",
        "user": "U2D026HHN",
        "text": "Will clean up when I get home ",
        "ts": "1505190442.000100"
    },
    {
        "text": "I'm dead inside.",
        "type": "message",
        "subtype": "slackbot_response",
        "user": "USLACKBOT",
        "ts": "1505190442.000124"
    }
]