[
    {
        "type": "message",
        "user": "U2D0C4SH5",
        "text": "Christina says it works ",
        "thread_ts": "1504195874.000475",
        "parent_user_id": "U2D026HHN",
        "ts": "1504351646.000043",
        "reactions": [
            {
                "name": "upside_down_face",
                "users": [
                    "U5ZSLKXPB",
                    "U2D026HHN"
                ],
                "count": 2
            }
        ]
    },
    {
        "type": "message",
        "user": "U2D026HHN",
        "text": "<!channel> does anyone have an alarm I could borrow tonight? My phone just died and I need to be up for work in the morning. Alternatively if anyone is planning on getting up at 830 or earlier and wouldn't mind waking me up...",
        "ts": "1504414041.000015"
    },
    {
        "type": "message",
        "user": "U2CU0JCGK",
        "text": "Phoenix's old one is on the table ",
        "ts": "1504415149.000049",
        "reactions": [
            {
                "name": "+1",
                "users": [
                    "U3K49B8H0"
                ],
                "count": 1
            }
        ]
    },
    {
        "type": "message",
        "user": "U2D026HHN",
        "text": "thanks!",
        "ts": "1504415254.000007"
    }
]