[
    {
        "type": "message",
        "user": "U2D026HHN",
        "text": "when I'm wearing headphones around the house I'm usually listening to something that requires almost full attention. If I don't say hi or respond to what you're saying it's not because I don't like you!! It's because I'm focusing. also would super appreciate minimal interruptions when I wear headphones. I know it's weird in a social space :confused:",
        "ts": "1502248509.387595",
        "reactions": [
            {
                "name": "+1",
                "users": [
                    "U2D0C4SH5",
                    "U2J7GJ50Q"
                ],
                "count": 2
            }
        ]
    }
]