[
    {
        "type": "message",
        "user": "U2J7GJ50Q",
        "text": "Depends on if you invite others or not",
        "thread_ts": "1505928051.000482",
        "parent_user_id": "U74F3P9AN",
        "ts": "1506008372.000098"
    },
    {
        "type": "message",
        "user": "U74F3P9AN",
        "text": "Awesome to have you here Jeremy! ^he's a living legend (if you'd agree with that Jeremy)",
        "ts": "1506022536.000022"
    },
    {
        "type": "message",
        "subtype": "file_share",
        "text": "<@U6Z19G1C7> uploaded a file: <https:\/\/theeventhorizon.slack.com\/files\/U6Z19G1C7\/F7717QXPU\/img_20170921_153726.jpg|washing machine receipt.jpg>",
        "file": {
            "id": "F7717QXPU",
            "created": 1506034561,
            "timestamp": 1506034561,
            "name": "IMG_20170921_153726.jpg",
            "title": "washing machine receipt.jpg",
            "mimetype": "image\/jpeg",
            "filetype": "jpg",
            "pretty_type": "JPEG",
            "user": "U6Z19G1C7",
            "editable": false,
            "size": 781677,
            "mode": "hosted",
            "is_external": false,
            "external_type": "",
            "is_public": true,
            "public_url_shared": false,
            "display_as_bot": false,
            "username": "",
            "url_private": "https:\/\/files.slack.com\/files-pri\/T29RXEZQV-F7717QXPU\/img_20170921_153726.jpg?t=xoxe-77881509845-278458240181-277799076385-f7aff9668b2352bc9174110ca96b42af",
            "url_private_download": "https:\/\/files.slack.com\/files-pri\/T29RXEZQV-F7717QXPU\/download\/img_20170921_153726.jpg?t=xoxe-77881509845-278458240181-277799076385-f7aff9668b2352bc9174110ca96b42af",
            "thumb_64": "https:\/\/files.slack.com\/files-tmb\/T29RXEZQV-F7717QXPU-d9583db35a\/img_20170921_153726_64.jpg?t=xoxe-77881509845-278458240181-277799076385-f7aff9668b2352bc9174110ca96b42af",
            "thumb_80": "https:\/\/files.slack.com\/files-tmb\/T29RXEZQV-F7717QXPU-d9583db35a\/img_20170921_153726_80.jpg?t=xoxe-77881509845-278458240181-277799076385-f7aff9668b2352bc9174110ca96b42af",
            "thumb_360": "https:\/\/files.slack.com\/files-tmb\/T29RXEZQV-F7717QXPU-d9583db35a\/img_20170921_153726_360.jpg?t=xoxe-77881509845-278458240181-277799076385-f7aff9668b2352bc9174110ca96b42af",
            "thumb_360_w": 270,
            "thumb_360_h": 360,
            "thumb_480": "https:\/\/files.slack.com\/files-tmb\/T29RXEZQV-F7717QXPU-d9583db35a\/img_20170921_153726_480.jpg?t=xoxe-77881509845-278458240181-277799076385-f7aff9668b2352bc9174110ca96b42af",
            "thumb_480_w": 360,
            "thumb_480_h": 480,
            "thumb_160": "https:\/\/files.slack.com\/files-tmb\/T29RXEZQV-F7717QXPU-d9583db35a\/img_20170921_153726_160.jpg?t=xoxe-77881509845-278458240181-277799076385-f7aff9668b2352bc9174110ca96b42af",
            "thumb_720": "https:\/\/files.slack.com\/files-tmb\/T29RXEZQV-F7717QXPU-d9583db35a\/img_20170921_153726_720.jpg?t=xoxe-77881509845-278458240181-277799076385-f7aff9668b2352bc9174110ca96b42af",
            "thumb_720_w": 540,
            "thumb_720_h": 720,
            "thumb_800": "https:\/\/files.slack.com\/files-tmb\/T29RXEZQV-F7717QXPU-d9583db35a\/img_20170921_153726_800.jpg?t=xoxe-77881509845-278458240181-277799076385-f7aff9668b2352bc9174110ca96b42af",
            "thumb_800_w": 800,
            "thumb_800_h": 1067,
            "thumb_960": "https:\/\/files.slack.com\/files-tmb\/T29RXEZQV-F7717QXPU-d9583db35a\/img_20170921_153726_960.jpg?t=xoxe-77881509845-278458240181-277799076385-f7aff9668b2352bc9174110ca96b42af",
            "thumb_960_w": 720,
            "thumb_960_h": 960,
            "thumb_1024": "https:\/\/files.slack.com\/files-tmb\/T29RXEZQV-F7717QXPU-d9583db35a\/img_20170921_153726_1024.jpg?t=xoxe-77881509845-278458240181-277799076385-f7aff9668b2352bc9174110ca96b42af",
            "thumb_1024_w": 768,
            "thumb_1024_h": 1024,
            "image_exif_rotation": 1,
            "original_w": 2448,
            "original_h": 3264,
            "permalink": "https:\/\/theeventhorizon.slack.com\/files\/U6Z19G1C7\/F7717QXPU\/img_20170921_153726.jpg",
            "permalink_public": "https:\/\/slack-files.com\/T29RXEZQV-F7717QXPU-f8bbe39b12",
            "channels": [],
            "groups": [],
            "ims": [],
            "comments_count": 3,
            "reactions": [
                {
                    "name": "raised_hands",
                    "users": [
                        "U2D0K9866",
                        "U2D026HHN"
                    ],
                    "count": 2
                }
            ]
        },
        "user": "U6Z19G1C7",
        "upload": true,
        "display_as_bot": false,
        "username": "jsalvatier",
        "bot_id": null,
        "ts": "1506034566.000138"
    },
    {
        "type": "message",
        "subtype": "file_share",
        "text": "<@U6Z19G1C7> uploaded a file: <https:\/\/theeventhorizon.slack.com\/files\/U6Z19G1C7\/F76FEGETT\/img_20170921_153745.jpg|washing machine callback number for pickup.jpg>",
        "file": {
            "id": "F76FEGETT",
            "created": 1506034628,
            "timestamp": 1506034628,
            "name": "IMG_20170921_153745.jpg",
            "title": "washing machine callback number for pickup.jpg",
            "mimetype": "image\/jpeg",
            "filetype": "jpg",
            "pretty_type": "JPEG",
            "user": "U6Z19G1C7",
            "editable": false,
            "size": 775706,
            "mode": "hosted",
            "is_external": false,
            "external_type": "",
            "is_public": true,
            "public_url_shared": false,
            "display_as_bot": false,
            "username": "",
            "url_private": "https:\/\/files.slack.com\/files-pri\/T29RXEZQV-F76FEGETT\/img_20170921_153745.jpg?t=xoxe-77881509845-278458240181-277799076385-f7aff9668b2352bc9174110ca96b42af",
            "url_private_download": "https:\/\/files.slack.com\/files-pri\/T29RXEZQV-F76FEGETT\/download\/img_20170921_153745.jpg?t=xoxe-77881509845-278458240181-277799076385-f7aff9668b2352bc9174110ca96b42af",
            "thumb_64": "https:\/\/files.slack.com\/files-tmb\/T29RXEZQV-F76FEGETT-420b628ed3\/img_20170921_153745_64.jpg?t=xoxe-77881509845-278458240181-277799076385-f7aff9668b2352bc9174110ca96b42af",
            "thumb_80": "https:\/\/files.slack.com\/files-tmb\/T29RXEZQV-F76FEGETT-420b628ed3\/img_20170921_153745_80.jpg?t=xoxe-77881509845-278458240181-277799076385-f7aff9668b2352bc9174110ca96b42af",
            "thumb_360": "https:\/\/files.slack.com\/files-tmb\/T29RXEZQV-F76FEGETT-420b628ed3\/img_20170921_153745_360.jpg?t=xoxe-77881509845-278458240181-277799076385-f7aff9668b2352bc9174110ca96b42af",
            "thumb_360_w": 270,
            "thumb_360_h": 360,
            "thumb_480": "https:\/\/files.slack.com\/files-tmb\/T29RXEZQV-F76FEGETT-420b628ed3\/img_20170921_153745_480.jpg?t=xoxe-77881509845-278458240181-277799076385-f7aff9668b2352bc9174110ca96b42af",
            "thumb_480_w": 360,
            "thumb_480_h": 480,
            "thumb_160": "https:\/\/files.slack.com\/files-tmb\/T29RXEZQV-F76FEGETT-420b628ed3\/img_20170921_153745_160.jpg?t=xoxe-77881509845-278458240181-277799076385-f7aff9668b2352bc9174110ca96b42af",
            "thumb_720": "https:\/\/files.slack.com\/files-tmb\/T29RXEZQV-F76FEGETT-420b628ed3\/img_20170921_153745_720.jpg?t=xoxe-77881509845-278458240181-277799076385-f7aff9668b2352bc9174110ca96b42af",
            "thumb_720_w": 540,
            "thumb_720_h": 720,
            "thumb_800": "https:\/\/files.slack.com\/files-tmb\/T29RXEZQV-F76FEGETT-420b628ed3\/img_20170921_153745_800.jpg?t=xoxe-77881509845-278458240181-277799076385-f7aff9668b2352bc9174110ca96b42af",
            "thumb_800_w": 800,
            "thumb_800_h": 1067,
            "thumb_960": "https:\/\/files.slack.com\/files-tmb\/T29RXEZQV-F76FEGETT-420b628ed3\/img_20170921_153745_960.jpg?t=xoxe-77881509845-278458240181-277799076385-f7aff9668b2352bc9174110ca96b42af",
            "thumb_960_w": 720,
            "thumb_960_h": 960,
            "thumb_1024": "https:\/\/files.slack.com\/files-tmb\/T29RXEZQV-F76FEGETT-420b628ed3\/img_20170921_153745_1024.jpg?t=xoxe-77881509845-278458240181-277799076385-f7aff9668b2352bc9174110ca96b42af",
            "thumb_1024_w": 768,
            "thumb_1024_h": 1024,
            "image_exif_rotation": 1,
            "original_w": 2448,
            "original_h": 3264,
            "permalink": "https:\/\/theeventhorizon.slack.com\/files\/U6Z19G1C7\/F76FEGETT\/img_20170921_153745.jpg",
            "permalink_public": "https:\/\/slack-files.com\/T29RXEZQV-F76FEGETT-ea0841540d",
            "channels": [],
            "groups": [],
            "ims": [],
            "comments_count": 0,
            "reactions": [
                {
                    "name": "five",
                    "users": [
                        "U2J7GJ50Q"
                    ],
                    "count": 1
                },
                {
                    "name": "exclamation",
                    "users": [
                        "U2J7GJ50Q"
                    ],
                    "count": 1
                }
            ]
        },
        "user": "U6Z19G1C7",
        "upload": true,
        "display_as_bot": false,
        "username": "jsalvatier",
        "bot_id": null,
        "ts": "1506034633.000081"
    },
    {
        "type": "message",
        "subtype": "file_comment",
        "text": "<@U6Z19G1C7> commented on <@U6Z19G1C7>’s file <https:\/\/theeventhorizon.slack.com\/files\/U6Z19G1C7\/F7717QXPU\/img_20170921_153726.jpg|washing machine receipt.jpg>: <@U2D026HHN> <@U2D0K9866> I confirmed the washing machine works and signed for it.  \n\nThey were unable to get the old one out because the doorway is everso slightly too small. We will have to remove a piece of the moulding to get it out. (but once we do they will pick up the old washing machine if its within 30 days)\n\nEric is emailing Christina about this. Other options are to remove the moulding ourselves or to attempt to take apart the washing machine.",
        "file": {
            "id": "F7717QXPU",
            "created": 1506034561,
            "timestamp": 1506034561,
            "name": "IMG_20170921_153726.jpg",
            "title": "washing machine receipt.jpg",
            "mimetype": "image\/jpeg",
            "filetype": "jpg",
            "pretty_type": "JPEG",
            "user": "U6Z19G1C7",
            "editable": false,
            "size": 781677,
            "mode": "hosted",
            "is_external": false,
            "external_type": "",
            "is_public": true,
            "public_url_shared": false,
            "display_as_bot": false,
            "username": "",
            "url_private": "https:\/\/files.slack.com\/files-pri\/T29RXEZQV-F7717QXPU\/img_20170921_153726.jpg?t=xoxe-77881509845-278458240181-277799076385-f7aff9668b2352bc9174110ca96b42af",
            "url_private_download": "https:\/\/files.slack.com\/files-pri\/T29RXEZQV-F7717QXPU\/download\/img_20170921_153726.jpg?t=xoxe-77881509845-278458240181-277799076385-f7aff9668b2352bc9174110ca96b42af",
            "thumb_64": "https:\/\/files.slack.com\/files-tmb\/T29RXEZQV-F7717QXPU-d9583db35a\/img_20170921_153726_64.jpg?t=xoxe-77881509845-278458240181-277799076385-f7aff9668b2352bc9174110ca96b42af",
            "thumb_80": "https:\/\/files.slack.com\/files-tmb\/T29RXEZQV-F7717QXPU-d9583db35a\/img_20170921_153726_80.jpg?t=xoxe-77881509845-278458240181-277799076385-f7aff9668b2352bc9174110ca96b42af",
            "thumb_360": "https:\/\/files.slack.com\/files-tmb\/T29RXEZQV-F7717QXPU-d9583db35a\/img_20170921_153726_360.jpg?t=xoxe-77881509845-278458240181-277799076385-f7aff9668b2352bc9174110ca96b42af",
            "thumb_360_w": 270,
            "thumb_360_h": 360,
            "thumb_480": "https:\/\/files.slack.com\/files-tmb\/T29RXEZQV-F7717QXPU-d9583db35a\/img_20170921_153726_480.jpg?t=xoxe-77881509845-278458240181-277799076385-f7aff9668b2352bc9174110ca96b42af",
            "thumb_480_w": 360,
            "thumb_480_h": 480,
            "thumb_160": "https:\/\/files.slack.com\/files-tmb\/T29RXEZQV-F7717QXPU-d9583db35a\/img_20170921_153726_160.jpg?t=xoxe-77881509845-278458240181-277799076385-f7aff9668b2352bc9174110ca96b42af",
            "thumb_720": "https:\/\/files.slack.com\/files-tmb\/T29RXEZQV-F7717QXPU-d9583db35a\/img_20170921_153726_720.jpg?t=xoxe-77881509845-278458240181-277799076385-f7aff9668b2352bc9174110ca96b42af",
            "thumb_720_w": 540,
            "thumb_720_h": 720,
            "thumb_800": "https:\/\/files.slack.com\/files-tmb\/T29RXEZQV-F7717QXPU-d9583db35a\/img_20170921_153726_800.jpg?t=xoxe-77881509845-278458240181-277799076385-f7aff9668b2352bc9174110ca96b42af",
            "thumb_800_w": 800,
            "thumb_800_h": 1067,
            "thumb_960": "https:\/\/files.slack.com\/files-tmb\/T29RXEZQV-F7717QXPU-d9583db35a\/img_20170921_153726_960.jpg?t=xoxe-77881509845-278458240181-277799076385-f7aff9668b2352bc9174110ca96b42af",
            "thumb_960_w": 720,
            "thumb_960_h": 960,
            "thumb_1024": "https:\/\/files.slack.com\/files-tmb\/T29RXEZQV-F7717QXPU-d9583db35a\/img_20170921_153726_1024.jpg?t=xoxe-77881509845-278458240181-277799076385-f7aff9668b2352bc9174110ca96b42af",
            "thumb_1024_w": 768,
            "thumb_1024_h": 1024,
            "image_exif_rotation": 1,
            "original_w": 2448,
            "original_h": 3264,
            "permalink": "https:\/\/theeventhorizon.slack.com\/files\/U6Z19G1C7\/F7717QXPU\/img_20170921_153726.jpg",
            "permalink_public": "https:\/\/slack-files.com\/T29RXEZQV-F7717QXPU-f8bbe39b12",
            "channels": [],
            "groups": [],
            "ims": [],
            "comments_count": 3,
            "reactions": [
                {
                    "name": "raised_hands",
                    "users": [
                        "U2D0K9866",
                        "U2D026HHN"
                    ],
                    "count": 2
                }
            ]
        },
        "comment": {
            "id": "Fc76UH82NP",
            "created": 1506034826,
            "timestamp": 1506034826,
            "user": "U6Z19G1C7",
            "is_intro": false,
            "comment": "<@U2D026HHN> <@U2D0K9866> I confirmed the washing machine works and signed for it.  \n\nThey were unable to get the old one out because the doorway is everso slightly too small. We will have to remove a piece of the moulding to get it out. (but once we do they will pick up the old washing machine if its within 30 days)\n\nEric is emailing Christina about this. Other options are to remove the moulding ourselves or to attempt to take apart the washing machine."
        },
        "is_intro": false,
        "ts": "1506034826.000139"
    },
    {
        "type": "message",
        "subtype": "file_comment",
        "text": "<@U6Z19G1C7> commented on <@U6Z19G1C7>’s file <https:\/\/theeventhorizon.slack.com\/files\/U6Z19G1C7\/F7717QXPU\/img_20170921_153726.jpg|washing machine receipt.jpg>: <@U2D08CYRK>",
        "file": {
            "id": "F7717QXPU",
            "created": 1506034561,
            "timestamp": 1506034561,
            "name": "IMG_20170921_153726.jpg",
            "title": "washing machine receipt.jpg",
            "mimetype": "image\/jpeg",
            "filetype": "jpg",
            "pretty_type": "JPEG",
            "user": "U6Z19G1C7",
            "editable": false,
            "size": 781677,
            "mode": "hosted",
            "is_external": false,
            "external_type": "",
            "is_public": true,
            "public_url_shared": false,
            "display_as_bot": false,
            "username": "",
            "url_private": "https:\/\/files.slack.com\/files-pri\/T29RXEZQV-F7717QXPU\/img_20170921_153726.jpg?t=xoxe-77881509845-278458240181-277799076385-f7aff9668b2352bc9174110ca96b42af",
            "url_private_download": "https:\/\/files.slack.com\/files-pri\/T29RXEZQV-F7717QXPU\/download\/img_20170921_153726.jpg?t=xoxe-77881509845-278458240181-277799076385-f7aff9668b2352bc9174110ca96b42af",
            "thumb_64": "https:\/\/files.slack.com\/files-tmb\/T29RXEZQV-F7717QXPU-d9583db35a\/img_20170921_153726_64.jpg?t=xoxe-77881509845-278458240181-277799076385-f7aff9668b2352bc9174110ca96b42af",
            "thumb_80": "https:\/\/files.slack.com\/files-tmb\/T29RXEZQV-F7717QXPU-d9583db35a\/img_20170921_153726_80.jpg?t=xoxe-77881509845-278458240181-277799076385-f7aff9668b2352bc9174110ca96b42af",
            "thumb_360": "https:\/\/files.slack.com\/files-tmb\/T29RXEZQV-F7717QXPU-d9583db35a\/img_20170921_153726_360.jpg?t=xoxe-77881509845-278458240181-277799076385-f7aff9668b2352bc9174110ca96b42af",
            "thumb_360_w": 270,
            "thumb_360_h": 360,
            "thumb_480": "https:\/\/files.slack.com\/files-tmb\/T29RXEZQV-F7717QXPU-d9583db35a\/img_20170921_153726_480.jpg?t=xoxe-77881509845-278458240181-277799076385-f7aff9668b2352bc9174110ca96b42af",
            "thumb_480_w": 360,
            "thumb_480_h": 480,
            "thumb_160": "https:\/\/files.slack.com\/files-tmb\/T29RXEZQV-F7717QXPU-d9583db35a\/img_20170921_153726_160.jpg?t=xoxe-77881509845-278458240181-277799076385-f7aff9668b2352bc9174110ca96b42af",
            "thumb_720": "https:\/\/files.slack.com\/files-tmb\/T29RXEZQV-F7717QXPU-d9583db35a\/img_20170921_153726_720.jpg?t=xoxe-77881509845-278458240181-277799076385-f7aff9668b2352bc9174110ca96b42af",
            "thumb_720_w": 540,
            "thumb_720_h": 720,
            "thumb_800": "https:\/\/files.slack.com\/files-tmb\/T29RXEZQV-F7717QXPU-d9583db35a\/img_20170921_153726_800.jpg?t=xoxe-77881509845-278458240181-277799076385-f7aff9668b2352bc9174110ca96b42af",
            "thumb_800_w": 800,
            "thumb_800_h": 1067,
            "thumb_960": "https:\/\/files.slack.com\/files-tmb\/T29RXEZQV-F7717QXPU-d9583db35a\/img_20170921_153726_960.jpg?t=xoxe-77881509845-278458240181-277799076385-f7aff9668b2352bc9174110ca96b42af",
            "thumb_960_w": 720,
            "thumb_960_h": 960,
            "thumb_1024": "https:\/\/files.slack.com\/files-tmb\/T29RXEZQV-F7717QXPU-d9583db35a\/img_20170921_153726_1024.jpg?t=xoxe-77881509845-278458240181-277799076385-f7aff9668b2352bc9174110ca96b42af",
            "thumb_1024_w": 768,
            "thumb_1024_h": 1024,
            "image_exif_rotation": 1,
            "original_w": 2448,
            "original_h": 3264,
            "permalink": "https:\/\/theeventhorizon.slack.com\/files\/U6Z19G1C7\/F7717QXPU\/img_20170921_153726.jpg",
            "permalink_public": "https:\/\/slack-files.com\/T29RXEZQV-F7717QXPU-f8bbe39b12",
            "channels": [],
            "groups": [],
            "ims": [],
            "comments_count": 3,
            "reactions": [
                {
                    "name": "raised_hands",
                    "users": [
                        "U2D0K9866",
                        "U2D026HHN"
                    ],
                    "count": 2
                }
            ]
        },
        "comment": {
            "id": "Fc7719JEKU",
            "created": 1506034838,
            "timestamp": 1506034838,
            "user": "U6Z19G1C7",
            "is_intro": false,
            "comment": "<@U2D08CYRK>"
        },
        "is_intro": false,
        "ts": "1506034838.000038"
    },
    {
        "type": "message",
        "subtype": "file_comment",
        "text": "<@U2D0K9866> commented on <@U6Z19G1C7>’s file <https:\/\/theeventhorizon.slack.com\/files\/U6Z19G1C7\/F7717QXPU\/img_20170921_153726.jpg|washing machine receipt.jpg>: <https:\/\/www.youtube.com\/watch?v=Omo-kR4Lke8#t=3m54s>",
        "file": {
            "id": "F7717QXPU",
            "created": 1506034561,
            "timestamp": 1506034561,
            "name": "IMG_20170921_153726.jpg",
            "title": "washing machine receipt.jpg",
            "mimetype": "image\/jpeg",
            "filetype": "jpg",
            "pretty_type": "JPEG",
            "user": "U6Z19G1C7",
            "editable": false,
            "size": 781677,
            "mode": "hosted",
            "is_external": false,
            "external_type": "",
            "is_public": true,
            "public_url_shared": false,
            "display_as_bot": false,
            "username": "",
            "url_private": "https:\/\/files.slack.com\/files-pri\/T29RXEZQV-F7717QXPU\/img_20170921_153726.jpg?t=xoxe-77881509845-278458240181-277799076385-f7aff9668b2352bc9174110ca96b42af",
            "url_private_download": "https:\/\/files.slack.com\/files-pri\/T29RXEZQV-F7717QXPU\/download\/img_20170921_153726.jpg?t=xoxe-77881509845-278458240181-277799076385-f7aff9668b2352bc9174110ca96b42af",
            "thumb_64": "https:\/\/files.slack.com\/files-tmb\/T29RXEZQV-F7717QXPU-d9583db35a\/img_20170921_153726_64.jpg?t=xoxe-77881509845-278458240181-277799076385-f7aff9668b2352bc9174110ca96b42af",
            "thumb_80": "https:\/\/files.slack.com\/files-tmb\/T29RXEZQV-F7717QXPU-d9583db35a\/img_20170921_153726_80.jpg?t=xoxe-77881509845-278458240181-277799076385-f7aff9668b2352bc9174110ca96b42af",
            "thumb_360": "https:\/\/files.slack.com\/files-tmb\/T29RXEZQV-F7717QXPU-d9583db35a\/img_20170921_153726_360.jpg?t=xoxe-77881509845-278458240181-277799076385-f7aff9668b2352bc9174110ca96b42af",
            "thumb_360_w": 270,
            "thumb_360_h": 360,
            "thumb_480": "https:\/\/files.slack.com\/files-tmb\/T29RXEZQV-F7717QXPU-d9583db35a\/img_20170921_153726_480.jpg?t=xoxe-77881509845-278458240181-277799076385-f7aff9668b2352bc9174110ca96b42af",
            "thumb_480_w": 360,
            "thumb_480_h": 480,
            "thumb_160": "https:\/\/files.slack.com\/files-tmb\/T29RXEZQV-F7717QXPU-d9583db35a\/img_20170921_153726_160.jpg?t=xoxe-77881509845-278458240181-277799076385-f7aff9668b2352bc9174110ca96b42af",
            "thumb_720": "https:\/\/files.slack.com\/files-tmb\/T29RXEZQV-F7717QXPU-d9583db35a\/img_20170921_153726_720.jpg?t=xoxe-77881509845-278458240181-277799076385-f7aff9668b2352bc9174110ca96b42af",
            "thumb_720_w": 540,
            "thumb_720_h": 720,
            "thumb_800": "https:\/\/files.slack.com\/files-tmb\/T29RXEZQV-F7717QXPU-d9583db35a\/img_20170921_153726_800.jpg?t=xoxe-77881509845-278458240181-277799076385-f7aff9668b2352bc9174110ca96b42af",
            "thumb_800_w": 800,
            "thumb_800_h": 1067,
            "thumb_960": "https:\/\/files.slack.com\/files-tmb\/T29RXEZQV-F7717QXPU-d9583db35a\/img_20170921_153726_960.jpg?t=xoxe-77881509845-278458240181-277799076385-f7aff9668b2352bc9174110ca96b42af",
            "thumb_960_w": 720,
            "thumb_960_h": 960,
            "thumb_1024": "https:\/\/files.slack.com\/files-tmb\/T29RXEZQV-F7717QXPU-d9583db35a\/img_20170921_153726_1024.jpg?t=xoxe-77881509845-278458240181-277799076385-f7aff9668b2352bc9174110ca96b42af",
            "thumb_1024_w": 768,
            "thumb_1024_h": 1024,
            "image_exif_rotation": 1,
            "original_w": 2448,
            "original_h": 3264,
            "permalink": "https:\/\/theeventhorizon.slack.com\/files\/U6Z19G1C7\/F7717QXPU\/img_20170921_153726.jpg",
            "permalink_public": "https:\/\/slack-files.com\/T29RXEZQV-F7717QXPU-f8bbe39b12",
            "channels": [],
            "groups": [],
            "ims": [],
            "comments_count": 3,
            "reactions": [
                {
                    "name": "raised_hands",
                    "users": [
                        "U2D0K9866",
                        "U2D026HHN"
                    ],
                    "count": 2
                }
            ]
        },
        "comment": {
            "id": "Fc77TG302J",
            "created": 1506035319,
            "timestamp": 1506035319,
            "user": "U2D0K9866",
            "is_intro": false,
            "comment": "<https:\/\/www.youtube.com\/watch?v=Omo-kR4Lke8#t=3m54s>"
        },
        "is_intro": false,
        "ts": "1506035318.000277"
    }
]