[
    {
        "type": "message",
        "user": "U3K49B8H0",
        "text": "<@U2D01HLT0> was there a party last night??",
        "ts": "1495474183.619097"
    },
    {
        "text": "smells like teen spirit",
        "type": "message",
        "subtype": "slackbot_response",
        "user": "USLACKBOT",
        "ts": "1495474183.619163",
        "reactions": [
            {
                "name": "fist",
                "users": [
                    "U3K49B8H0"
                ],
                "count": 1
            }
        ]
    }
]