[
    {
        "type": "message",
        "user": "U3K49B8H0",
        "text": "Anyone up for a hike Sunday with myself, Ben Pence, and probably Cris (who is staying on 2f)? The more the merrier!",
        "ts": "1488053985.000002",
        "reactions": [
            {
                "name": "thecheat",
                "users": [
                    "U2CU0JFFD"
                ],
                "count": 1
            }
        ]
    },
    {
        "type": "message",
        "user": "U2CU0JFFD",
        "text": "Ja",
        "ts": "1488054100.000003",
        "reactions": [
            {
                "name": "heart",
                "users": [
                    "U3K49B8H0"
                ],
                "count": 1
            }
        ]
    },
    {
        "type": "message",
        "user": "U2D01HLT0",
        "text": "Yo everyone, I'm doing some house elfing now and later tonight, so if you take care of any dishes that are definitely yours within the next few hours, i would find it helpful.",
        "ts": "1488079976.000008",
        "reactions": [
            {
                "name": "+1",
                "users": [
                    "U3K49B8H0",
                    "U2D026HHN"
                ],
                "count": 2
            }
        ]
    },
    {
        "type": "message",
        "user": "U2CU0JCGK",
        "text": "quincy: Definitely sunday.",
        "thread_ts": "1487970185.000006",
        "parent_user_id": "U2D0CPE6M",
        "ts": "1488087939.000009"
    },
    {
        "type": "message",
        "user": "U2D0K9866",
        "text": "anyone read anything encouraging about creating simulacra of info-dead people in the utopia?",
        "edited": {
            "user": "U2D0K9866",
            "ts": "1488092953.000000"
        },
        "thread_ts": "1488092920.000012",
        "reply_count": 1,
        "replies": [
            {
                "user": "U2UPVPNTB",
                "ts": "1488130587.000014"
            }
        ],
        "unread_count": 1,
        "ts": "1488092920.000012"
    }
]