[
    {
        "type": "message",
        "user": "U2J7GJ50Q",
        "text": "I fixed the gate. I put the nail that was being used there in the tool drawer in a bag labeled \"Gate Nail\". (We may want it again later or something.)",
        "ts": "1506195220.000067",
        "reactions": [
            {
                "name": "smile",
                "users": [
                    "U2D026HHN",
                    "U2D0CPE6M"
                ],
                "count": 2
            },
            {
                "name": "hammer_and_wrench",
                "users": [
                    "U2D01HLT0",
                    "U2D0CPE6M"
                ],
                "count": 2
            },
            {
                "name": "clap",
                "users": [
                    "U2GK97M1A"
                ],
                "count": 1
            },
            {
                "name": "heart",
                "users": [
                    "U3K49B8H0"
                ],
                "count": 1
            }
        ]
    },
    {
        "type": "message",
        "user": "U74F3P9AN",
        "text": "You're the best Bryan!",
        "ts": "1506218254.000021"
    },
    {
        "type": "message",
        "user": "U74F3P9AN",
        "text": "Once we figure out the gym equipment situation on the second floor balcony and determine how we're going to make a gym happen, I'm thinking of putting up some of my hippie tapestries on the second floor balcony to form a bit of a visual and auditory barrier with the dispensary. We might even be able to put a nice mini dining area or something on the balcony. Any objections or support for the tapestries in particular? Thinking of going for it unless anybody lodges an objection",
        "thread_ts": "1506218529.000017",
        "reply_count": 3,
        "replies": [
            {
                "user": "U2D0K9866",
                "ts": "1506218874.000033"
            },
            {
                "user": "U2J7GJ50Q",
                "ts": "1506223928.000068"
            },
            {
                "user": "U2CU0HV7D",
                "ts": "1506390637.000117"
            }
        ],
        "unread_count": 3,
        "ts": "1506218529.000017",
        "reactions": [
            {
                "name": "+1",
                "users": [
                    "U2D0K9866",
                    "U2D026HHN",
                    "U4F57EN2F"
                ],
                "count": 3
            }
        ]
    },
    {
        "type": "message",
        "user": "U2D0K9866",
        "text": "Sounds great! I was planning to put some couches or chairs out there once the gym is moved ",
        "thread_ts": "1506218529.000017",
        "parent_user_id": "U74F3P9AN",
        "ts": "1506218874.000033"
    },
    {
        "type": "message",
        "user": "U2J7GJ50Q",
        "text": "I probably object to hippie tapestries. I'm currently against EH becoming any more hippie\/bohemian in general.",
        "edited": {
            "user": "U2J7GJ50Q",
            "ts": "1506302163.000000"
        },
        "thread_ts": "1506218529.000017",
        "parent_user_id": "U74F3P9AN",
        "ts": "1506223928.000068"
    },
    {
        "user": "U77U427T6",
        "text": "<@U77U427T6> has joined the channel",
        "type": "message",
        "subtype": "channel_join",
        "ts": "1506227378.000002",
        "reactions": [
            {
                "name": "wave",
                "users": [
                    "U74F3P9AN"
                ],
                "count": 1
            }
        ]
    }
]