[
    {
        "type": "message",
        "user": "U5JAER38Q",
        "text": "does anyone know of a good adventure to take a lady friend on over the weekend? suggestions of nature hikes, hidden gems in the bay, etc. are all welcome!",
        "thread_ts": "1496853054.758141",
        "reply_count": 3,
        "replies": [
            {
                "user": "U2D026HHN",
                "ts": "1496861066.748789"
            },
            {
                "user": "U5JAER38Q",
                "ts": "1496861332.845387"
            },
            {
                "user": "U2D026HHN",
                "ts": "1496862145.146663"
            }
        ],
        "unread_count": 3,
        "ts": "1496853054.758141"
    },
    {
        "type": "message",
        "user": "U5EPK7WET",
        "text": "<@U2D0K9866> Just saw this but can do (sorry if it’s late)",
        "thread_ts": "1496817040.673300",
        "parent_user_id": "U2D0K9866",
        "ts": "1496856579.070537"
    },
    {
        "text": "Thank you! ",
        "thread_ts": "1496817040.673300",
        "type": "message",
        "subtype": "thread_broadcast",
        "user": "U2D0K9866",
        "root": {
            "type": "message",
            "user": "U2D0K9866",
            "text": "My mom requests that someone who sees a package from her to me put it in the refrigerator. I cannot bc Seattle. <@U5EPK7WET> would you mind? Would be mad grateful ",
            "thread_ts": "1496817040.673300",
            "reply_count": 2,
            "replies": [
                {
                    "user": "U5EPK7WET",
                    "ts": "1496856579.070537"
                },
                {
                    "user": "U2D0K9866",
                    "ts": "1496857978.586501"
                }
            ],
            "unread_count": 2,
            "ts": "1496817040.673300"
        },
        "ts": "1496857978.586501"
    },
    {
        "timestamp": "1496857978586501",
        "is_multiteam": false,
        "slog_is_shared": "0",
        "slog_is_mpdm": "0",
        "slog_is_slackbot_dm": false,
        "slog_is_self_dm": false,
        "is_thread_broadcast": true,
        "plain_text": "Thank you! ",
        "new_broadcast": true,
        "attachments": [
            {
                "from_url": "https:\/\/theeventhorizon.slack.com\/archives\/C29QA5TAP\/p1496817040673300",
                "fallback": "[June 6th, 2017 11:30 PM] adam: My mom requests that someone who sees a package from her to me put it in the refrigerator. I cannot bc Seattle. <@U5EPK7WET> would you mind? Would be mad grateful ",
                "ts": "1496817040.673300",
                "author_subname": "adam",
                "channel_id": "C29QA5TAP",
                "channel_name": "general",
                "is_msg_unfurl": true,
                "is_thread_root_unfurl": true,
                "text": "My mom requests that someone who sees a package from her to me put it in the refrigerator. I cannot bc Seattle. <@U5EPK7WET> would you mind? Would be mad grateful ",
                "author_name": "Adam Scholl",
                "author_link": "https:\/\/theeventhorizon.slack.com\/team\/adam",
                "author_icon": "https:\/\/avatars.slack-edge.com\/2017-01-19\/129940200755_51dadd8474322e283bc0_48.jpg",
                "mrkdwn_in": [
                    "text"
                ],
                "id": 1,
                "footer": "2 replies"
            },
            {
                "fallback": "Thank you! ",
                "author_name": "Adam Scholl",
                "author_subname": "adam",
                "text": "Thank you! ",
                "mrkdwn_in": [
                    "text"
                ],
                "author_link": "https:\/\/theeventhorizon.slack.com\/team\/adam",
                "from_url": "https:\/\/theeventhorizon.slack.com\/archives\/C29QA5TAP\/p1496857978586501?thread_ts=1496817040673300&cid=C29QA5TAP",
                "ts": "1496857978.586501",
                "author_icon": "https:\/\/avatars.slack-edge.com\/2017-01-19\/129940200755_51dadd8474322e283bc0_48.jpg",
                "id": 2
            }
        ],
        "text": "",
        "type": "message",
        "subtype": "reply_broadcast",
        "user": "U2D0K9866",
        "ts": "1496857978.586536"
    },
    {
        "type": "message",
        "user": "U2D026HHN",
        "text": "<@U5JAER38Q> there's a beautiful hike to a small waterfall in north Berkeley in condorinces park. If you look it up there should be directions online ",
        "thread_ts": "1496853054.758141",
        "parent_user_id": "U5JAER38Q",
        "ts": "1496861066.748789"
    },
    {
        "type": "message",
        "user": "U5JAER38Q",
        "text": "you always pull through with the ideas! Thanks :slightly_smiling_face:",
        "thread_ts": "1496853054.758141",
        "parent_user_id": "U5JAER38Q",
        "ts": "1496861332.845387"
    },
    {
        "type": "message",
        "user": "U2D026HHN",
        "text": "Haha np :) hope it goes well!",
        "thread_ts": "1496853054.758141",
        "parent_user_id": "U5JAER38Q",
        "ts": "1496862145.146663"
    },
    {
        "type": "message",
        "user": "U2D08CYRK",
        "text": "<@U4F57EN2F> Christina says: \"There are several trash cans on Essex and Shattuck -\nCan you text ur roommates to bring them in ? Thanks!\"",
        "ts": "1496871384.198407"
    },
    {
        "text": "trash me daddy",
        "type": "message",
        "subtype": "slackbot_response",
        "user": "USLACKBOT",
        "ts": "1496871384.198435",
        "reactions": [
            {
                "name": "sunglasses",
                "users": [
                    "U5JAER38Q"
                ],
                "count": 1
            }
        ]
    },
    {
        "type": "message",
        "user": "U2D0C4SH5",
        "text": "<@U2D08CYRK> Siddarth is in egypt. <@U3K49B8H0> can you move the trash cans?",
        "thread_ts": "1496872636.522952",
        "reply_count": 1,
        "replies": [
            {
                "user": "U3K49B8H0",
                "ts": "1496892380.373463"
            }
        ],
        "unread_count": 1,
        "ts": "1496872636.522952",
        "reactions": [
            {
                "name": "+1",
                "users": [
                    "U3K49B8H0"
                ],
                "count": 1
            }
        ]
    },
    {
        "text": "trash me daddy",
        "type": "message",
        "subtype": "slackbot_response",
        "user": "USLACKBOT",
        "ts": "1496872636.522980"
    },
    {
        "type": "message",
        "user": "U3K49B8H0",
        "text": "elizabeth: Done",
        "thread_ts": "1496872636.522952",
        "parent_user_id": "U2D0C4SH5",
        "ts": "1496892380.373463",
        "reactions": [
            {
                "name": "+1",
                "users": [
                    "U2D0CPE6M"
                ],
                "count": 1
            }
        ]
    },
    {
        "type": "message",
        "user": "U2D0CPE6M",
        "text": "<@U2D01HLT0> <@U3K49B8H0> <@U2D026HHN> <@U2J7GJ50Q> Hey, I'm going to apply for a free 10-day meditation retreat.  There's one around the end of August and one around the beginning of October.  Anyone else interested?",
        "thread_ts": "1496897982.962900",
        "reply_count": 6,
        "replies": [
            {
                "user": "U2D0CPE6M",
                "ts": "1496934982.750587"
            },
            {
                "user": "U2J7GJ50Q",
                "ts": "1496976786.673884"
            },
            {
                "user": "U4F57EN2F",
                "ts": "1497036466.787704"
            },
            {
                "user": "U2D0CPE6M",
                "ts": "1497037127.981108"
            },
            {
                "user": "U2D0CPE6M",
                "ts": "1497037142.985420"
            },
            {
                "user": "U2D0CPE6M",
                "ts": "1497037152.988363"
            }
        ],
        "unread_count": 6,
        "ts": "1496897982.962900",
        "reactions": [
            {
                "name": "open_mouth",
                "users": [
                    "U2GK97M1A",
                    "U3K49B8H0"
                ],
                "count": 2
            }
        ]
    },
    {
        "text": "smells like teen spirit",
        "type": "message",
        "subtype": "slackbot_response",
        "user": "USLACKBOT",
        "ts": "1496897982.962915"
    }
]