[
    {
        "type": "message",
        "user": "U2CU0HV7D",
        "text": "I thought every night was research night at the Event Horizon™",
        "ts": "1507652551.000118"
    },
    {
        "type": "message",
        "user": "U2D026HHN",
        "text": "Air quality in Berkeley is worse due to the fires in Santa Rosa. May want (and advice is) to keep windows closed\/try to stay indoors.",
        "ts": "1507672191.000317",
        "reactions": [
            {
                "name": "mask",
                "users": [
                    "U5EPK7WET"
                ],
                "count": 1
            },
            {
                "name": "fire",
                "users": [
                    "U2CU0HV7D"
                ],
                "count": 1
            }
        ]
    },
    {
        "type": "message",
        "user": "U5EPK7WET",
        "text": "<!channel> Heads up, the old door code (3045) is officially expired. Use the resident code (6283) or the guest code (0112) instead.",
        "ts": "1507673785.000050",
        "reactions": [
            {
                "name": "+1",
                "users": [
                    "U6Z19G1C7",
                    "U614WV9NC",
                    "U2D026HHN",
                    "U5ZV6L94G",
                    "U2D0CPE6M"
                ],
                "count": 5
            },
            {
                "name": "arrows_counterclockwise",
                "users": [
                    "U2D01HLT0"
                ],
                "count": 1
            }
        ]
    }
]