[
    {
        "type": "message",
        "user": "U2UPVPNTB",
        "text": "Brienne is probably going to come over at some point today; please let her in and point her to my room if she can't find it",
        "ts": "1490128756.805760",
        "reactions": [
            {
                "name": "+1",
                "users": [
                    "U3K49B8H0"
                ],
                "count": 1
            }
        ]
    },
    {
        "type": "message",
        "user": "U2CU0HV7D",
        "text": "Request for Laundry Mountain to be placed elsewhere in the territory",
        "ts": "1490144980.940667"
    }
]