[
    {
        "type": "message",
        "user": "U2D01HLT0",
        "text": "More like bryonics :snowflake:",
        "ts": "1487498951.000006"
    },
    {
        "type": "message",
        "user": "U2D01HLT0",
        "text": "Does the printer work?",
        "ts": "1487529522.000007"
    },
    {
        "type": "message",
        "user": "U2D026HHN",
        "text": "I am going to put the contents of small shower bathroom 3f outside of it. Please bring in what's yours! (Trying to reduce shower clutter). Will throw stuff away after a week ",
        "ts": "1487530376.000008",
        "reactions": [
            {
                "name": "thumbsup_all",
                "users": [
                    "U2D01HLT0",
                    "U3K49B8H0",
                    "U2D0C4SH5"
                ],
                "count": 3
            },
            {
                "name": "congratulations",
                "users": [
                    "U2J7GJ50Q"
                ],
                "count": 1
            }
        ]
    },
    {
        "type": "message",
        "user": "U2J7GJ50Q",
        "text": "I'm going to order more modafinil. If anyone wants to join in to all buy it cheaply, contact me in the next 24 hours.",
        "thread_ts": "1487555278.000014",
        "reply_count": 22,
        "replies": [
            {
                "user": "U2CU0HV7D",
                "ts": "1487562181.000018"
            },
            {
                "user": "U2CU0HV7D",
                "ts": "1487562234.000020"
            },
            {
                "user": "U2J7GJ50Q",
                "ts": "1487629097.000030"
            },
            {
                "user": "U2CU0HV7D",
                "ts": "1487631777.000033"
            },
            {
                "user": "U2J7GJ50Q",
                "ts": "1487641397.000035"
            },
            {
                "user": "U2D0CPE6M",
                "ts": "1487642423.000037"
            },
            {
                "user": "U2CU0HV7D",
                "ts": "1487651072.000040"
            },
            {
                "user": "U2D0CPE6M",
                "ts": "1487654312.000042"
            },
            {
                "user": "U2CU0HV7D",
                "ts": "1487659919.000044"
            },
            {
                "user": "U2CU0JCGK",
                "ts": "1487662645.000046"
            },
            {
                "user": "U2CU0JCGK",
                "ts": "1487662734.000048"
            },
            {
                "user": "U2CU0JCGK",
                "ts": "1487662737.000050"
            },
            {
                "user": "U2CU0HV7D",
                "ts": "1487676935.000002"
            },
            {
                "user": "U2J7GJ50Q",
                "ts": "1487847670.000003"
            },
            {
                "user": "U2J7GJ50Q",
                "ts": "1487847803.000006"
            },
            {
                "user": "U2CU0HV7D",
                "ts": "1487847845.000008"
            },
            {
                "user": "U2J7GJ50Q",
                "ts": "1487851000.000010"
            },
            {
                "user": "U2D0CPE6M",
                "ts": "1487852526.000012"
            },
            {
                "user": "U2J7GJ50Q",
                "ts": "1487852759.000014"
            },
            {
                "user": "U2D0CPE6M",
                "ts": "1487853782.000016"
            },
            {
                "user": "U2CU0JCGK",
                "ts": "1487965902.000002"
            },
            {
                "user": "U2CU0HV7D",
                "ts": "1489311391.104365"
            }
        ],
        "unread_count": 22,
        "ts": "1487555278.000014",
        "reactions": [
            {
                "name": "+1",
                "users": [
                    "U2D0CPE6M",
                    "U2CU0HV7D"
                ],
                "count": 2
            }
        ]
    },
    {
        "type": "message",
        "user": "U2CU0HV7D",
        "text": "I want to! I'm desiring about 100 within a factor of 2",
        "thread_ts": "1487555278.000014",
        "parent_user_id": "U2J7GJ50Q",
        "ts": "1487562181.000018"
    },
    {
        "type": "message",
        "user": "U2CU0HV7D",
        "text": "Are you doing bitcoin on afinil express?",
        "thread_ts": "1487555278.000014",
        "parent_user_id": "U2J7GJ50Q",
        "ts": "1487562234.000020"
    },
    {
        "type": "message",
        "user": "U2D0CPE6M",
        "text": "I am moved to read a poem",
        "ts": "1487564180.000022"
    },
    {
        "type": "message",
        "user": "U2D0CPE6M",
        "text": "In 5 minutes I will start loudly reading this poem in the living room: <https:\/\/www.poetryfoundation.org\/poems-and-poets\/poems\/detail\/45470>",
        "attachments": [
            {
                "service_name": "Poetry Foundation",
                "title": "Crossing Brooklyn Ferry by Walt Whitman",
                "title_link": "https:\/\/www.poetryfoundation.org\/poems-and-poets\/poems\/detail\/45470",
                "text": "1",
                "fallback": "Poetry Foundation: Crossing Brooklyn Ferry by Walt Whitman",
                "thumb_url": "https:\/\/media.poetryfoundation.org\/m\/image\/916\/walt-whitman.jpg?w=1200&h=1200&fit=max",
                "from_url": "https:\/\/www.poetryfoundation.org\/poems-and-poets\/poems\/detail\/45470",
                "thumb_width": 448,
                "thumb_height": 293,
                "service_icon": "http:\/\/www.poetryfoundation.org\/assets\/media\/images\/favicon.ico",
                "id": 1
            }
        ],
        "ts": "1487564214.000023",
        "reactions": [
            {
                "name": "heart",
                "users": [
                    "U3K49B8H0",
                    "U2J7GJ50Q",
                    "U2D026HHN"
                ],
                "count": 3
            }
        ]
    },
    {
        "type": "message",
        "user": "U2D0CPE6M",
        "text": "Walt Whitman was a dark wizard of considerable power",
        "ts": "1487564232.000025"
    },
    {
        "type": "message",
        "user": "U2D0CPE6M",
        "text": "From 1860, he cast a dark spell, which caught me tonight",
        "ts": "1487564263.000026"
    },
    {
        "type": "message",
        "user": "U2D0CPE6M",
        "text": "And may catch you",
        "ts": "1487564268.000027"
    },
    {
        "type": "message",
        "user": "U2CU0HV7D",
        "text": "Did this already happen?",
        "ts": "1487565035.000028"
    }
]