[
    {
        "type": "message",
        "user": "U2D0CPE6M",
        "text": "<http:\/\/cbcbberkeley.com\/menu\/>",
        "attachments": [
            {
                "service_name": "Cannabis Buyers Club Berkeley | CBCB |",
                "title": "Menu",
                "title_link": "http:\/\/cbcbberkeley.com\/menu\/",
                "text": "Flowers Pre Rolls Concentrates Edibles Apothecary #main .fusion-row, #slidingbar-area .fusion-row, .fusion-footer-copyright-area .fusion-row, .fusion-footer-widget-area .fusion-row, .fusion-page-title-row, .tfs-slider .slide-content-container .slide-content {width: 100%;max-width: 1193px;}#cssmenu {width: 100%;max-width: 1193px;display:block;}@media screen and (max-width: 780px){#cssmenu{display: none !important;}} var layout_width='0'; var layout_whitelabel='true'; var layout_skin='cbcb'; var layout_color='339933'; var layout_color_provider='000000'; var online_ordering='true'; var online_ordering_type='pickup'; document.domain='<http:\/\/cbcbberkeley.com|cbcbberkeley.com>'; var tab_default='flowers'; var",
                "fallback": "Cannabis Buyers Club Berkeley | CBCB |: Menu",
                "image_url": "http:\/\/cbcbberkeley.com\/wp-content\/uploads\/2016\/09\/horizontal-cbcb-logo-blk.png",
                "from_url": "http:\/\/cbcbberkeley.com\/menu\/",
                "image_width": 250,
                "image_height": 69,
                "image_bytes": 33234,
                "service_icon": "http:\/\/cbcbberkeley.com\/wp-content\/uploads\/2016\/11\/cropped-CerulianLogo.ADJUSTED-180x180.png",
                "id": 1
            }
        ],
        "ts": "1486785772.000002",
        "reactions": [
            {
                "name": "maple_leaf",
                "users": [
                    "U2CU0HV7D",
                    "U2CU0JCGK"
                ],
                "count": 2
            }
        ]
    },
    {
        "type": "message",
        "user": "U2D026HHN",
        "text": ":D",
        "ts": "1486785820.000004"
    },
    {
        "type": "message",
        "user": "U2D0CPE6M",
        "text": "Had to submit a membership application.  Currently waiting on that.",
        "ts": "1486788338.000005"
    }
]