[
    {
        "type": "message",
        "user": "U2D0CPE6M",
        "text": "<!channel> pair debugging tonight at 8!",
        "thread_ts": "1496174951.618687",
        "reply_count": 1,
        "replies": [
            {
                "user": "U3K49B8H0",
                "ts": "1496175041.648166"
            }
        ],
        "unread_count": 1,
        "ts": "1496174951.618687"
    },
    {
        "type": "message",
        "user": "U3K49B8H0",
        "text": "quincy: I'll be there!",
        "thread_ts": "1496174951.618687",
        "parent_user_id": "U2D0CPE6M",
        "ts": "1496175041.648166",
        "reactions": [
            {
                "name": "+1",
                "users": [
                    "U2D0CPE6M"
                ],
                "count": 1
            },
            {
                "name": "smile",
                "users": [
                    "U2D0CPE6M"
                ],
                "count": 1
            }
        ]
    },
    {
        "type": "message",
        "user": "U2GK97M1A",
        "text": "Anyone know where the handheld vacuum is?",
        "ts": "1496185574.342908"
    },
    {
        "type": "message",
        "user": "U5JAER38Q",
        "text": "Does anyone have an iron that I could use? ",
        "ts": "1496196087.799101"
    },
    {
        "type": "message",
        "user": "U4F57EN2F",
        "text": "Anyone have a bottle of choco Soylent I could buy right now? ",
        "edited": {
            "user": "U4F57EN2F",
            "ts": "1496206151.000000"
        },
        "ts": "1496206136.888624"
    }
]