[
    {
        "type": "message",
        "user": "U2CU0HV7D",
        "text": "Duct tape also missing ",
        "ts": "1493230714.971335"
    },
    {
        "type": "message",
        "user": "U2CU0HV7D",
        "text": "Clifbars also missing?",
        "ts": "1493233811.396156"
    },
    {
        "type": "message",
        "user": "U2D0C4SH5",
        "text": "New house rule: no building structures out of Clifbars ",
        "ts": "1493238653.448500"
    },
    {
        "type": "message",
        "user": "U2D0C4SH5",
        "text": "If anyone is looking for a way to directly contribute to EB's release, the lawyer is looking for the following:\n\nI would like a few letters of reference from his friends. \n \nThose letters should include the following information:\n                Author’s name and contact information;\n                How the know Eric;\n                How long they’ve known Eric;\n                What they know about him, e.g., he is quiet, kind, hard-working, bright, friendly, non-violent, non-aggressive (in speech and actions), etc.\n                If they know, what type of work he does;\n                When they say him last and how he was when they saw him;\n                Whether or not they noticed  change in his normal demeanor or personality and when\n\nSend them to me via please.",
        "ts": "1493240995.431627",
        "reactions": [
            {
                "name": "+1",
                "users": [
                    "U3K49B8H0"
                ],
                "count": 1
            }
        ]
    },
    {
        "type": "message",
        "user": "U2CU0HV7D",
        "text": "How many of these are we looking for? Not sure I'm best but would definitely do it if quota isn't full",
        "ts": "1493243065.176908"
    },
    {
        "type": "message",
        "user": "U2CU0HV7D",
        "text": "Also should we emphasize that he was different when we last saw him?",
        "ts": "1493243082.182358"
    },
    {
        "type": "message",
        "user": "U2D0C4SH5",
        "text": "Unclear. I think it's best for people to answer honestly and let the lawyer decide what is most strategic to share?",
        "ts": "1493243126.196491"
    },
    {
        "type": "message",
        "user": "U2D08CYRK",
        "text": "<@U2D0C4SH5> Did the lawyer say when they need the letters by?",
        "ts": "1493250238.991210"
    },
    {
        "type": "message",
        "user": "U2D0C4SH5",
        "text": "No, but his arraignment is Friday",
        "ts": "1493250359.015189"
    },
    {
        "type": "message",
        "user": "U2CU0HV7D",
        "text": "I would like to know how many we are looking for and who has committed to writing them, because I would like people who know him better than I to send these in, but am worried bystander effect may take place if we do not make this very clear",
        "ts": "1493261884.906177"
    },
    {
        "type": "message",
        "user": "U2D0C4SH5",
        "text": "I want everyone who can to write a letter and allow the lawyer to decide what's best to present. ",
        "ts": "1493262060.933414",
        "reactions": [
            {
                "name": "robot_face",
                "users": [
                    "U2D026HHN"
                ],
                "count": 1
            },
            {
                "name": "gear",
                "users": [
                    "U2D01HLT0"
                ],
                "count": 1
            },
            {
                "name": "violin",
                "users": [
                    "U3K49B8H0"
                ],
                "count": 1
            }
        ]
    }
]