[
    {
        "type": "message",
        "user": "U5ZSLKXPB",
        "text": "<!channel> Hello children! While you were gone I did various and sundry things to the common spaces, so that now they sparkle and shine with beauty. Most notably for you guys, many things are in different places than they were before. I’ve moved tools, office supplies, and first aid to the new bookshelf in the 2nd floor living room. Topical first aid, medicines, and supplements remain in the former first aid drawer in the 3rd floor kitchen. All cords and wires are in the drawers of the balcony-side desk on the 2nd floor. All of these things (and others) are labeled to be easily findable, and you can also look up their locations in this (very incomplete) inventory spreadsheet: <http:\/\/bit.ly\/2BnMZYO>.\n\nIn additional news, the 3rd floor living room is new and improved, with extra padding under the rug, more lighting, and a freshly washed cover on the black futon, so you can lie down without fear! Also most dishes and utensils in the 2nd and 3rd floor kitchens have been washed and are now safe to use! It would be amazing if you could all do your best to keep the common spaces clean (and if you don't, you will face the unbridled wrath of the demon that lives inside of me).\n\nI hope to continue inventorying things in the house, and I also hope to impose an underlying organizational structure on the kitchens soon. Anyone is welcome to join me in my quest, as long as you talk to me to ensure we’re not working at cross-purposes. A preemptive welcome home to you all! :blush: :heart:",
        "edited": {
            "user": "U5ZSLKXPB",
            "ts": "1511684825.000000"
        },
        "ts": "1511684814.000008",
        "reactions": [
            {
                "name": "heart",
                "users": [
                    "U2CU0JFFD",
                    "U2J7GJ50Q",
                    "U2D026HHN",
                    "U4F57EN2F"
                ],
                "count": 4
            },
            {
                "name": "joy_cat",
                "users": [
                    "U2D01HLT0"
                ],
                "count": 1
            },
            {
                "name": "clap",
                "users": [
                    "U2D01HLT0",
                    "U2D026HHN"
                ],
                "count": 2
            },
            {
                "name": "slightly_smiling_face",
                "users": [
                    "U2D0C4SH5"
                ],
                "count": 1
            },
            {
                "name": "smile",
                "users": [
                    "U2D026HHN"
                ],
                "count": 1
            },
            {
                "name": "angel",
                "users": [
                    "U4F57EN2F"
                ],
                "count": 1
            }
        ]
    }
]