[
    {
        "type": "message",
        "user": "U2D0C4SH5",
        "text": "Christina says the breaker was flixed\/replaced by Fernando this morning",
        "ts": "1491586470.843308",
        "reactions": [
            {
                "name": "raised_hands",
                "users": [
                    "U3K49B8H0"
                ],
                "count": 1
            }
        ]
    },
    {
        "type": "message",
        "user": "U2CU0HV7D",
        "text": "The new breaker still buzzes, but less than the old one... I guess that is a partial victory?",
        "thread_ts": "1491599785.763191",
        "reply_count": 5,
        "replies": [
            {
                "user": "U2D0C4SH5",
                "ts": "1491623958.675751"
            },
            {
                "user": "U2CU0HV7D",
                "ts": "1491624061.682933"
            },
            {
                "user": "U2UPVPNTB",
                "ts": "1491625323.750323"
            },
            {
                "user": "U2CU0HV7D",
                "ts": "1491625344.751319"
            },
            {
                "user": "U2CU0HV7D",
                "ts": "1491625501.758688"
            }
        ],
        "unread_count": 5,
        "ts": "1491599785.763191",
        "reactions": [
            {
                "name": "confused",
                "users": [
                    "U3K49B8H0",
                    "U2D0K9866"
                ],
                "count": 2
            }
        ]
    },
    {
        "type": "message",
        "user": "U2D0C4SH5",
        "text": "flexman: i'll email christina again. Do you have a sense if the same part is causing the buzz?",
        "thread_ts": "1491599785.763191",
        "parent_user_id": "U2CU0HV7D",
        "ts": "1491623958.675751"
    },
    {
        "type": "message",
        "user": "U2CU0HV7D",
        "text": "Sounds like it, but I can't do an experiment or I'll kill vaniver's computer",
        "thread_ts": "1491599785.763191",
        "parent_user_id": "U2CU0HV7D",
        "ts": "1491624061.682933"
    },
    {
        "type": "message",
        "user": "U2UPVPNTB",
        "text": "Computer is off for the night. <@U2CU0HV7D>",
        "thread_ts": "1491599785.763191",
        "parent_user_id": "U2CU0HV7D",
        "ts": "1491625323.750323"
    },
    {
        "type": "message",
        "user": "U2CU0HV7D",
        "text": "Can I test it now?",
        "thread_ts": "1491599785.763191",
        "parent_user_id": "U2CU0HV7D",
        "ts": "1491625344.751319"
    },
    {
        "type": "message",
        "user": "U2CU0HV7D",
        "text": "Yep, same one!",
        "thread_ts": "1491599785.763191",
        "parent_user_id": "U2CU0HV7D",
        "ts": "1491625501.758688"
    }
]