[
    {
        "type": "message",
        "user": "U2D0CPE6M",
        "text": "ok, got a card",
        "ts": "1486679986.000002"
    },
    {
        "type": "message",
        "user": "U2D026HHN",
        "text": "!!!",
        "ts": "1486680062.000003"
    },
    {
        "type": "message",
        "user": "U2D0CPE6M",
        "text": "App recommended by Aysja made it super easy.",
        "ts": "1486680089.000004"
    },
    {
        "type": "message",
        "user": "U2D0CPE6M",
        "text": "It cost $55, and I will accept donations if anyone feels like chipping in",
        "ts": "1486680109.000005"
    },
    {
        "type": "message",
        "user": "U2D0CPE6M",
        "text": "But I'm happy either way",
        "ts": "1486680121.000006"
    },
    {
        "type": "message",
        "user": "U2D0CPE6M",
        "text": "will probably buy some stock for the house",
        "ts": "1486680129.000007"
    },
    {
        "type": "message",
        "user": "U2D0CPE6M",
        "text": "but ping me somehow with special requests if you have any",
        "ts": "1486680146.000008"
    },
    {
        "type": "message",
        "user": "U2D0CPE6M",
        "text": "By default I'll wait until a card comes in the mail, but I also have a digital thing I can use right away, I think",
        "ts": "1486680169.000009"
    },
    {
        "type": "message",
        "user": "U2D026HHN",
        "text": "Also wondering if people are interested in a house bong\/vape\/smoking apparatus? ",
        "ts": "1486680539.000010"
    },
    {
        "type": "message",
        "user": "U2D0K9866",
        "text": "Skeptical we need a house bong haha ",
        "ts": "1486681476.000011",
        "reactions": [
            {
                "name": "+1",
                "users": [
                    "U2D0C4SH5"
                ],
                "count": 1
            }
        ]
    },
    {
        "type": "message",
        "user": "U2CU0HV7D",
        "text": "House gym -&gt; house bong -&gt; house butlers",
        "ts": "1486684680.000012"
    },
    {
        "type": "message",
        "user": "U2D026HHN",
        "text": "Wait why? <@U2D0K9866> ",
        "ts": "1486685325.000013"
    },
    {
        "type": "message",
        "user": "U2CU0HV7D",
        "text": "Adam hates fun, he probably says",
        "ts": "1486686816.000014"
    }
]