[
    {
        "type": "message",
        "subtype": "file_share",
        "text": "<@U2D026HHN> uploaded a file: <https:\/\/theeventhorizon.slack.com\/files\/U2D026HHN\/F6G1XBCGJ\/image_uploaded_from_ios.jpg|ATTENTION: MISSING SOCK> and commented: If you've see him around, please return to the Vienna circle. Reward: $6 ",
        "file": {
            "id": "F6G1XBCGJ",
            "created": 1501522440,
            "timestamp": 1501522440,
            "name": "Image uploaded from iOS.jpg",
            "title": "ATTENTION: MISSING SOCK",
            "mimetype": "image\/jpeg",
            "filetype": "jpg",
            "pretty_type": "JPEG",
            "user": "U2D026HHN",
            "editable": false,
            "size": 1638003,
            "mode": "hosted",
            "is_external": false,
            "external_type": "",
            "is_public": true,
            "public_url_shared": false,
            "display_as_bot": false,
            "username": "",
            "url_private": "https:\/\/files.slack.com\/files-pri\/T29RXEZQV-F6G1XBCGJ\/image_uploaded_from_ios.jpg?t=xoxe-77881509845-278458240181-277799076385-f7aff9668b2352bc9174110ca96b42af",
            "url_private_download": "https:\/\/files.slack.com\/files-pri\/T29RXEZQV-F6G1XBCGJ\/download\/image_uploaded_from_ios.jpg?t=xoxe-77881509845-278458240181-277799076385-f7aff9668b2352bc9174110ca96b42af",
            "thumb_64": "https:\/\/files.slack.com\/files-tmb\/T29RXEZQV-F6G1XBCGJ-a79b660cb4\/image_uploaded_from_ios_64.jpg?t=xoxe-77881509845-278458240181-277799076385-f7aff9668b2352bc9174110ca96b42af",
            "thumb_80": "https:\/\/files.slack.com\/files-tmb\/T29RXEZQV-F6G1XBCGJ-a79b660cb4\/image_uploaded_from_ios_80.jpg?t=xoxe-77881509845-278458240181-277799076385-f7aff9668b2352bc9174110ca96b42af",
            "thumb_360": "https:\/\/files.slack.com\/files-tmb\/T29RXEZQV-F6G1XBCGJ-a79b660cb4\/image_uploaded_from_ios_360.jpg?t=xoxe-77881509845-278458240181-277799076385-f7aff9668b2352bc9174110ca96b42af",
            "thumb_360_w": 270,
            "thumb_360_h": 360,
            "thumb_480": "https:\/\/files.slack.com\/files-tmb\/T29RXEZQV-F6G1XBCGJ-a79b660cb4\/image_uploaded_from_ios_480.jpg?t=xoxe-77881509845-278458240181-277799076385-f7aff9668b2352bc9174110ca96b42af",
            "thumb_480_w": 360,
            "thumb_480_h": 480,
            "thumb_160": "https:\/\/files.slack.com\/files-tmb\/T29RXEZQV-F6G1XBCGJ-a79b660cb4\/image_uploaded_from_ios_160.jpg?t=xoxe-77881509845-278458240181-277799076385-f7aff9668b2352bc9174110ca96b42af",
            "thumb_720": "https:\/\/files.slack.com\/files-tmb\/T29RXEZQV-F6G1XBCGJ-a79b660cb4\/image_uploaded_from_ios_720.jpg?t=xoxe-77881509845-278458240181-277799076385-f7aff9668b2352bc9174110ca96b42af",
            "thumb_720_w": 540,
            "thumb_720_h": 720,
            "thumb_800": "https:\/\/files.slack.com\/files-tmb\/T29RXEZQV-F6G1XBCGJ-a79b660cb4\/image_uploaded_from_ios_800.jpg?t=xoxe-77881509845-278458240181-277799076385-f7aff9668b2352bc9174110ca96b42af",
            "thumb_800_w": 800,
            "thumb_800_h": 1067,
            "thumb_960": "https:\/\/files.slack.com\/files-tmb\/T29RXEZQV-F6G1XBCGJ-a79b660cb4\/image_uploaded_from_ios_960.jpg?t=xoxe-77881509845-278458240181-277799076385-f7aff9668b2352bc9174110ca96b42af",
            "thumb_960_w": 720,
            "thumb_960_h": 960,
            "thumb_1024": "https:\/\/files.slack.com\/files-tmb\/T29RXEZQV-F6G1XBCGJ-a79b660cb4\/image_uploaded_from_ios_1024.jpg?t=xoxe-77881509845-278458240181-277799076385-f7aff9668b2352bc9174110ca96b42af",
            "thumb_1024_w": 768,
            "thumb_1024_h": 1024,
            "image_exif_rotation": 1,
            "original_w": 3264,
            "original_h": 2448,
            "permalink": "https:\/\/theeventhorizon.slack.com\/files\/U2D026HHN\/F6G1XBCGJ\/image_uploaded_from_ios.jpg",
            "permalink_public": "https:\/\/slack-files.com\/T29RXEZQV-F6G1XBCGJ-e9169ca3a6",
            "channels": [],
            "groups": [],
            "ims": [],
            "comments_count": 1,
            "initial_comment": {
                "id": "Fc6FC4M5H6",
                "created": 1501522440,
                "timestamp": 1501522440,
                "user": "U2D026HHN",
                "is_intro": true,
                "comment": "If you've see him around, please return to the Vienna circle. Reward: $6 "
            },
            "reactions": [
                {
                    "name": "heart",
                    "users": [
                        "U3K49B8H0",
                        "U2D0CPE6M"
                    ],
                    "count": 2
                }
            ]
        },
        "user": "U2D026HHN",
        "upload": true,
        "display_as_bot": false,
        "username": "aysjaj",
        "bot_id": null,
        "upload_reply_to": "54253651-5967-4AB8-94E0-BB5E8D1E9DCE",
        "ts": "1501522440.429295"
    },
    {
        "type": "message",
        "subtype": "file_share",
        "text": "<@U2D026HHN> uploaded a file: <https:\/\/theeventhorizon.slack.com\/files\/U2D026HHN\/F6FV7TB35\/image_uploaded_from_ios.jpg|Don't want to be...> and commented: All by myseeeelfff",
        "file": {
            "id": "F6FV7TB35",
            "created": 1501522481,
            "timestamp": 1501522481,
            "name": "Image uploaded from iOS.jpg",
            "title": "Don't want to be...",
            "mimetype": "image\/jpeg",
            "filetype": "jpg",
            "pretty_type": "JPEG",
            "user": "U2D026HHN",
            "editable": false,
            "size": 1581877,
            "mode": "hosted",
            "is_external": false,
            "external_type": "",
            "is_public": true,
            "public_url_shared": false,
            "display_as_bot": false,
            "username": "",
            "url_private": "https:\/\/files.slack.com\/files-pri\/T29RXEZQV-F6FV7TB35\/image_uploaded_from_ios.jpg?t=xoxe-77881509845-278458240181-277799076385-f7aff9668b2352bc9174110ca96b42af",
            "url_private_download": "https:\/\/files.slack.com\/files-pri\/T29RXEZQV-F6FV7TB35\/download\/image_uploaded_from_ios.jpg?t=xoxe-77881509845-278458240181-277799076385-f7aff9668b2352bc9174110ca96b42af",
            "thumb_64": "https:\/\/files.slack.com\/files-tmb\/T29RXEZQV-F6FV7TB35-9855e0e2c8\/image_uploaded_from_ios_64.jpg?t=xoxe-77881509845-278458240181-277799076385-f7aff9668b2352bc9174110ca96b42af",
            "thumb_80": "https:\/\/files.slack.com\/files-tmb\/T29RXEZQV-F6FV7TB35-9855e0e2c8\/image_uploaded_from_ios_80.jpg?t=xoxe-77881509845-278458240181-277799076385-f7aff9668b2352bc9174110ca96b42af",
            "thumb_360": "https:\/\/files.slack.com\/files-tmb\/T29RXEZQV-F6FV7TB35-9855e0e2c8\/image_uploaded_from_ios_360.jpg?t=xoxe-77881509845-278458240181-277799076385-f7aff9668b2352bc9174110ca96b42af",
            "thumb_360_w": 270,
            "thumb_360_h": 360,
            "thumb_480": "https:\/\/files.slack.com\/files-tmb\/T29RXEZQV-F6FV7TB35-9855e0e2c8\/image_uploaded_from_ios_480.jpg?t=xoxe-77881509845-278458240181-277799076385-f7aff9668b2352bc9174110ca96b42af",
            "thumb_480_w": 360,
            "thumb_480_h": 480,
            "thumb_160": "https:\/\/files.slack.com\/files-tmb\/T29RXEZQV-F6FV7TB35-9855e0e2c8\/image_uploaded_from_ios_160.jpg?t=xoxe-77881509845-278458240181-277799076385-f7aff9668b2352bc9174110ca96b42af",
            "thumb_720": "https:\/\/files.slack.com\/files-tmb\/T29RXEZQV-F6FV7TB35-9855e0e2c8\/image_uploaded_from_ios_720.jpg?t=xoxe-77881509845-278458240181-277799076385-f7aff9668b2352bc9174110ca96b42af",
            "thumb_720_w": 540,
            "thumb_720_h": 720,
            "thumb_800": "https:\/\/files.slack.com\/files-tmb\/T29RXEZQV-F6FV7TB35-9855e0e2c8\/image_uploaded_from_ios_800.jpg?t=xoxe-77881509845-278458240181-277799076385-f7aff9668b2352bc9174110ca96b42af",
            "thumb_800_w": 800,
            "thumb_800_h": 1067,
            "thumb_960": "https:\/\/files.slack.com\/files-tmb\/T29RXEZQV-F6FV7TB35-9855e0e2c8\/image_uploaded_from_ios_960.jpg?t=xoxe-77881509845-278458240181-277799076385-f7aff9668b2352bc9174110ca96b42af",
            "thumb_960_w": 720,
            "thumb_960_h": 960,
            "thumb_1024": "https:\/\/files.slack.com\/files-tmb\/T29RXEZQV-F6FV7TB35-9855e0e2c8\/image_uploaded_from_ios_1024.jpg?t=xoxe-77881509845-278458240181-277799076385-f7aff9668b2352bc9174110ca96b42af",
            "thumb_1024_w": 768,
            "thumb_1024_h": 1024,
            "image_exif_rotation": 1,
            "original_w": 3264,
            "original_h": 2448,
            "permalink": "https:\/\/theeventhorizon.slack.com\/files\/U2D026HHN\/F6FV7TB35\/image_uploaded_from_ios.jpg",
            "permalink_public": "https:\/\/slack-files.com\/T29RXEZQV-F6FV7TB35-b405afcb5c",
            "channels": [],
            "groups": [],
            "ims": [],
            "comments_count": 1,
            "initial_comment": {
                "id": "Fc6GU5NTAA",
                "created": 1501522481,
                "timestamp": 1501522481,
                "user": "U2D026HHN",
                "is_intro": true,
                "comment": "All by myseeeelfff"
            },
            "reactions": [
                {
                    "name": "heart",
                    "users": [
                        "U3K49B8H0",
                        "U2D0CPE6M"
                    ],
                    "count": 2
                }
            ]
        },
        "user": "U2D026HHN",
        "upload": true,
        "display_as_bot": false,
        "username": "aysjaj",
        "bot_id": null,
        "upload_reply_to": "94D6B150-6B60-4551-A51F-F7BAFAD6F31F",
        "ts": "1501522481.451536"
    },
    {
        "type": "message",
        "user": "U2J7GJ50Q",
        "text": "Thank you very very very much to the people who put together my birthday party!!! Especially <@U2D026HHN> <@U2GK97M1A> and <@U3K49B8H0> ! :blue_heart: :purple_heart: :green_heart: \nI had been really sad in the last few years that I didn't have the sort of friends who actually cared enough to put together and throw an entire birthday party just for me. I even made it a personal standard of life accomplishment before I came to the Bay to build friendships with awesome, amazing people who would care enough to do that for me.\nEvents like that really mean a lot to me. I had a ton of fun at the party and I'm extremely happy that I got to experience that life event with all of you! :blush: :blush: :blush:",
        "edited": {
            "user": "U2J7GJ50Q",
            "ts": "1501531794.000000"
        },
        "thread_ts": "1501531730.445386",
        "reply_count": 2,
        "replies": [
            {
                "user": "U3K49B8H0",
                "ts": "1501534760.009889"
            },
            {
                "user": "U2D026HHN",
                "ts": "1501538057.444523"
            }
        ],
        "unread_count": 2,
        "ts": "1501531730.445386",
        "reactions": [
            {
                "name": "heart",
                "users": [
                    "U2GK97M1A",
                    "U614WV9NC",
                    "U2D0C4SH5",
                    "U2D0CPE6M",
                    "U2D026HHN",
                    "U3K49B8H0",
                    "U5ZSLKXPB",
                    "U2CU0JFFD"
                ],
                "count": 8
            },
            {
                "name": "trophy",
                "users": [
                    "U2D01HAA2",
                    "U614WV9NC",
                    "U2D0CPE6M"
                ],
                "count": 3
            },
            {
                "name": "grin",
                "users": [
                    "U3K49B8H0",
                    "U2D0CPE6M",
                    "U2D026HHN"
                ],
                "count": 3
            },
            {
                "name": "purple_heart",
                "users": [
                    "U2D026HHN"
                ],
                "count": 1
            },
            {
                "name": "yellow_heart",
                "users": [
                    "U3K49B8H0"
                ],
                "count": 1
            },
            {
                "name": "fidget",
                "users": [
                    "U2GK97M1A"
                ],
                "count": 1
            }
        ]
    },
    {
        "text": "Please clap.",
        "type": "message",
        "subtype": "slackbot_response",
        "user": "USLACKBOT",
        "ts": "1501531730.445494"
    },
    {
        "type": "message",
        "user": "U614WV9NC",
        "text": "Sorry for not being there!",
        "thread_ts": "1501533585.402609",
        "reply_count": 2,
        "replies": [
            {
                "user": "U2J7GJ50Q",
                "ts": "1501536405.775445"
            },
            {
                "user": "U614WV9NC",
                "ts": "1501549777.556924"
            }
        ],
        "unread_count": 2,
        "ts": "1501533585.402609"
    },
    {
        "type": "message",
        "user": "U3K49B8H0",
        "text": "Likewise, but you already knew that :slightly_smiling_face: hopefully!",
        "thread_ts": "1501531730.445386",
        "parent_user_id": "U2J7GJ50Q",
        "ts": "1501534760.009889"
    },
    {
        "type": "message",
        "user": "U2J7GJ50Q",
        "text": "No worries!\nYou're the first rationalist I spoke to and the one who gave me the extremely important factoid of \"rationalists other than Eliezer are also cool\", so I consider you to have strongly contributed to the process.",
        "edited": {
            "user": "U2J7GJ50Q",
            "ts": "1501536447.000000"
        },
        "thread_ts": "1501533585.402609",
        "parent_user_id": "U614WV9NC",
        "ts": "1501536405.775445",
        "reactions": [
            {
                "name": "heavy_plus_sign",
                "users": [
                    "U3K49B8H0",
                    "U614WV9NC"
                ],
                "count": 2
            }
        ]
    },
    {
        "type": "message",
        "user": "U2D026HHN",
        "text": "Aw, I'm glad it had such an impact! This made me smile :blush: ",
        "thread_ts": "1501531730.445386",
        "parent_user_id": "U2J7GJ50Q",
        "ts": "1501538057.444523"
    },
    {
        "type": "message",
        "user": "U614WV9NC",
        "text": "Thanks! ^_^",
        "thread_ts": "1501533585.402609",
        "parent_user_id": "U614WV9NC",
        "ts": "1501549777.556924"
    }
]