[
    {
        "type": "message",
        "user": "U2J7GJ50Q",
        "text": "I'm throwing a chill party this Friday evening with alcohol and snacks or something. It will be low key. It's an anti-celebration of me getting my new job. (like a wake)",
        "edited": {
            "user": "U2J7GJ50Q",
            "ts": "1501787046.000000"
        },
        "ts": "1501775110.723486",
        "reactions": [
            {
                "name": "chains",
                "users": [
                    "U2D0C4SH5",
                    "U2D0CPE6M",
                    "U2GK97M1A"
                ],
                "count": 3
            },
            {
                "name": "nerd_face",
                "users": [
                    "U2D0C4SH5",
                    "U2D0CPE6M"
                ],
                "count": 2
            },
            {
                "name": "speaking_head_in_silhouette",
                "users": [
                    "U2D0C4SH5",
                    "U2D0CPE6M"
                ],
                "count": 2
            },
            {
                "name": "briefcase",
                "users": [
                    "U2D0C4SH5",
                    "U2D0CPE6M"
                ],
                "count": 2
            },
            {
                "name": "barely_sunny",
                "users": [
                    "U2D0C4SH5",
                    "U2D0CPE6M"
                ],
                "count": 2
            },
            {
                "name": "ticket",
                "users": [
                    "U2D0C4SH5",
                    "U2D0CPE6M"
                ],
                "count": 2
            },
            {
                "name": "printer",
                "users": [
                    "U2D0C4SH5"
                ],
                "count": 1
            },
            {
                "name": "alarm_clock",
                "users": [
                    "U2D0C4SH5",
                    "U2D0CPE6M"
                ],
                "count": 2
            },
            {
                "name": "money_with_wings",
                "users": [
                    "U2D0C4SH5",
                    "U2D0CPE6M"
                ],
                "count": 2
            },
            {
                "name": "smile",
                "users": [
                    "U2D026HHN",
                    "U2D0CPE6M"
                ],
                "count": 2
            }
        ]
    },
    {
        "type": "message",
        "user": "U2D0C4SH5",
        "text": "Congratulations!!!",
        "ts": "1501776688.721024",
        "reactions": [
            {
                "name": "sweat_smile",
                "users": [
                    "U3K49B8H0",
                    "U2D0CPE6M"
                ],
                "count": 2
            }
        ]
    },
    {
        "type": "message",
        "user": "U2J7GJ50Q",
        "text": "I will be providing free alcohol and whatevers",
        "ts": "1501786754.506786"
    },
    {
        "type": "message",
        "user": "U2D026HHN",
        "text": "Seriously, congrats!!",
        "ts": "1501786907.595593",
        "reactions": [
            {
                "name": "+1",
                "users": [
                    "U2D0CPE6M"
                ],
                "count": 1
            }
        ]
    }
]