[
    {
        "type": "message",
        "user": "U74F3P9AN",
        "text": "Is it considered acceptable to hang out and do work in the CFAR office or not really?",
        "ts": "1505896597.000079"
    },
    {
        "text": "*spank me*",
        "type": "message",
        "subtype": "slackbot_response",
        "user": "USLACKBOT",
        "ts": "1505896597.000124",
        "reactions": [
            {
                "name": "100",
                "users": [
                    "U74F3P9AN"
                ],
                "count": 1
            }
        ]
    },
    {
        "type": "message",
        "user": "U614WV9NC",
        "text": "Yep, generally people are welcome to hang out and work there,",
        "ts": "1505896680.000300"
    },
    {
        "type": "message",
        "user": "U2D0K9866",
        "text": "It's encouraged! ",
        "ts": "1505926828.000094"
    },
    {
        "type": "message",
        "user": "U74F3P9AN",
        "text": "Awesome",
        "ts": "1505927975.000138"
    },
    {
        "type": "message",
        "user": "U74F3P9AN",
        "text": "Here's another one. I'm going to go ahead and assume it's probably *not* cool to hotbox the sauna. Am I wrong about this?",
        "thread_ts": "1505928051.000482",
        "reply_count": 1,
        "replies": [
            {
                "user": "U2J7GJ50Q",
                "ts": "1506008372.000098"
            }
        ],
        "unread_count": 1,
        "ts": "1505928051.000482"
    },
    {
        "type": "message",
        "user": "U2D026HHN",
        "text": "Hahah you're definitely wrong :p ",
        "ts": "1505931893.000320",
        "reactions": [
            {
                "name": "100",
                "users": [
                    "U2J7GJ50Q"
                ],
                "count": 1
            }
        ]
    },
    {
        "type": "message",
        "user": "U2D026HHN",
        "text": "Hahah you're definitely wrong :p ",
        "ts": "1505931896.000175",
        "reactions": [
            {
                "name": "100",
                "users": [
                    "U2J7GJ50Q"
                ],
                "count": 1
            }
        ]
    },
    {
        "type": "message",
        "user": "U5ZSLKXPB",
        "text": "(pretty sure the second printer you were confused about is also Matt Goldenberg's)",
        "thread_ts": "1505873966.000192",
        "parent_user_id": "U2D0K9866",
        "ts": "1505937900.000391"
    },
    {
        "type": "message",
        "user": "U2D01HLT0",
        "text": "Woops, my phone was not delivered yesterday--that was the case for it....\nThe actual phone just got delivered, so if someone could pull that inside swiftly, I will be doubly grateful.",
        "thread_ts": "1505939477.000618",
        "reply_count": 2,
        "replies": [
            {
                "user": "U2D08CYRK",
                "ts": "1505958495.000201"
            },
            {
                "user": "U2D08CYRK",
                "ts": "1505958517.000002"
            }
        ],
        "unread_count": 2,
        "ts": "1505939477.000618"
    },
    {
        "type": "message",
        "user": "U2D026HHN",
        "text": "Washer is planned to arrive tomorrow between 130 and 530. I'll be at work. Will anyone be available to sign for it\/make sure it works\/etc? Otherwise I have to reschedule and I don't know when we'll get it  <!channel> ",
        "thread_ts": "1505943173.000413",
        "reply_count": 5,
        "replies": [
            {
                "user": "U6Z19G1C7",
                "ts": "1505952144.000311"
            },
            {
                "user": "U2D026HHN",
                "ts": "1505952202.000204"
            },
            {
                "user": "U2D026HHN",
                "ts": "1505952224.000037"
            },
            {
                "user": "U6Z19G1C7",
                "ts": "1505954274.000244"
            },
            {
                "user": "U74F3P9AN",
                "ts": "1505957452.000153"
            }
        ],
        "unread_count": 5,
        "ts": "1505943173.000413"
    },
    {
        "type": "message",
        "user": "U6Z19G1C7",
        "text": "I will be here for that, want to give me the details?",
        "thread_ts": "1505943173.000413",
        "parent_user_id": "U2D026HHN",
        "ts": "1505952144.000311",
        "reactions": [
            {
                "name": "innocent",
                "users": [
                    "U4F57EN2F",
                    "U2D0K9866"
                ],
                "count": 2
            },
            {
                "name": "smile",
                "users": [
                    "U74F3P9AN"
                ],
                "count": 1
            },
            {
                "name": "heart_eyes",
                "users": [
                    "U2J7GJ50Q"
                ],
                "count": 1
            }
        ]
    },
    {
        "type": "message",
        "user": "U2D026HHN",
        "text": "Yep! What's your email?",
        "thread_ts": "1505943173.000413",
        "parent_user_id": "U2D026HHN",
        "ts": "1505952202.000204"
    },
    {
        "type": "message",
        "user": "U2D026HHN",
        "text": "Also, thanks!!",
        "thread_ts": "1505943173.000413",
        "parent_user_id": "U2D026HHN",
        "ts": "1505952224.000037"
    },
    {
        "type": "message",
        "user": "U6Z19G1C7",
        "text": "<mailto:jsalvatier@gmail.com|jsalvatier@gmail.com>",
        "thread_ts": "1505943173.000413",
        "parent_user_id": "U2D026HHN",
        "ts": "1505954274.000244"
    },
    {
        "type": "message",
        "user": "U74F3P9AN",
        "text": "Thanks so much!!!",
        "thread_ts": "1505943173.000413",
        "parent_user_id": "U2D026HHN",
        "ts": "1505957452.000153"
    },
    {
        "type": "message",
        "user": "U2D08CYRK",
        "text": "I just pulled all the packages inside.\n\nThere was one for you. I opened it to see if it was your phone, but it’s just a mobile charging station. It’s outside your room on 3f now.",
        "thread_ts": "1505939477.000618",
        "parent_user_id": "U2D01HLT0",
        "ts": "1505958495.000201"
    },
    {
        "type": "message",
        "user": "U2D08CYRK",
        "text": "Are you sure your phone was also supposed to be delivered today?",
        "thread_ts": "1505939477.000618",
        "parent_user_id": "U2D01HLT0",
        "ts": "1505958517.000002"
    },
    {
        "type": "message",
        "user": "U2D01HLT0",
        "text": "No. I jumped to conclusions. I am the Kurt who cried phone. Oops.",
        "ts": "1505960037.000074",
        "reactions": [
            {
                "name": "joy",
                "users": [
                    "U2D026HHN"
                ],
                "count": 1
            }
        ]
    },
    {
        "type": "message",
        "subtype": "file_share",
        "text": "<@U2D01HLT0> uploaded a file: <https:\/\/theeventhorizon.slack.com\/files\/U2D01HLT0\/F75PKK8TA\/the_twenty-second.jpg|The twenty-second>",
        "file": {
            "id": "F75PKK8TA",
            "created": 1505960165,
            "timestamp": 1505960165,
            "name": "The twenty-second.jpg",
            "title": "The twenty-second",
            "mimetype": "image\/jpeg",
            "filetype": "jpg",
            "pretty_type": "JPEG",
            "user": "U2D01HLT0",
            "editable": false,
            "size": 62673,
            "mode": "hosted",
            "is_external": false,
            "external_type": "",
            "is_public": true,
            "public_url_shared": false,
            "display_as_bot": false,
            "username": "",
            "url_private": "https:\/\/files.slack.com\/files-pri\/T29RXEZQV-F75PKK8TA\/the_twenty-second.jpg?t=xoxe-77881509845-278458240181-277799076385-f7aff9668b2352bc9174110ca96b42af",
            "url_private_download": "https:\/\/files.slack.com\/files-pri\/T29RXEZQV-F75PKK8TA\/download\/the_twenty-second.jpg?t=xoxe-77881509845-278458240181-277799076385-f7aff9668b2352bc9174110ca96b42af",
            "thumb_64": "https:\/\/files.slack.com\/files-tmb\/T29RXEZQV-F75PKK8TA-6b90544bda\/the_twenty-second_64.jpg?t=xoxe-77881509845-278458240181-277799076385-f7aff9668b2352bc9174110ca96b42af",
            "thumb_80": "https:\/\/files.slack.com\/files-tmb\/T29RXEZQV-F75PKK8TA-6b90544bda\/the_twenty-second_80.jpg?t=xoxe-77881509845-278458240181-277799076385-f7aff9668b2352bc9174110ca96b42af",
            "thumb_360": "https:\/\/files.slack.com\/files-tmb\/T29RXEZQV-F75PKK8TA-6b90544bda\/the_twenty-second_360.jpg?t=xoxe-77881509845-278458240181-277799076385-f7aff9668b2352bc9174110ca96b42af",
            "thumb_360_w": 360,
            "thumb_360_h": 203,
            "thumb_480": "https:\/\/files.slack.com\/files-tmb\/T29RXEZQV-F75PKK8TA-6b90544bda\/the_twenty-second_480.jpg?t=xoxe-77881509845-278458240181-277799076385-f7aff9668b2352bc9174110ca96b42af",
            "thumb_480_w": 480,
            "thumb_480_h": 270,
            "thumb_160": "https:\/\/files.slack.com\/files-tmb\/T29RXEZQV-F75PKK8TA-6b90544bda\/the_twenty-second_160.jpg?t=xoxe-77881509845-278458240181-277799076385-f7aff9668b2352bc9174110ca96b42af",
            "thumb_720": "https:\/\/files.slack.com\/files-tmb\/T29RXEZQV-F75PKK8TA-6b90544bda\/the_twenty-second_720.jpg?t=xoxe-77881509845-278458240181-277799076385-f7aff9668b2352bc9174110ca96b42af",
            "thumb_720_w": 720,
            "thumb_720_h": 406,
            "thumb_800": "https:\/\/files.slack.com\/files-tmb\/T29RXEZQV-F75PKK8TA-6b90544bda\/the_twenty-second_800.jpg?t=xoxe-77881509845-278458240181-277799076385-f7aff9668b2352bc9174110ca96b42af",
            "thumb_800_w": 800,
            "thumb_800_h": 451,
            "thumb_960": "https:\/\/files.slack.com\/files-tmb\/T29RXEZQV-F75PKK8TA-6b90544bda\/the_twenty-second_960.jpg?t=xoxe-77881509845-278458240181-277799076385-f7aff9668b2352bc9174110ca96b42af",
            "thumb_960_w": 960,
            "thumb_960_h": 541,
            "thumb_1024": "https:\/\/files.slack.com\/files-tmb\/T29RXEZQV-F75PKK8TA-6b90544bda\/the_twenty-second_1024.jpg?t=xoxe-77881509845-278458240181-277799076385-f7aff9668b2352bc9174110ca96b42af",
            "thumb_1024_w": 1024,
            "thumb_1024_h": 577,
            "image_exif_rotation": 1,
            "original_w": 1136,
            "original_h": 640,
            "permalink": "https:\/\/theeventhorizon.slack.com\/files\/U2D01HLT0\/F75PKK8TA\/the_twenty-second.jpg",
            "permalink_public": "https:\/\/slack-files.com\/T29RXEZQV-F75PKK8TA-f7d8d1ba90",
            "channels": [],
            "groups": [],
            "ims": [],
            "comments_count": 0
        },
        "user": "U2D01HLT0",
        "upload": true,
        "display_as_bot": false,
        "username": "kurt",
        "bot_id": null,
        "ts": "1505960168.000009"
    },
    {
        "type": "message",
        "user": "U73F454BF",
        "text": "HI EH! In case anyone hasn't caught wind, I'll be subletting Roxanne's room for a month! I know I've met plenty of you already, and can't wait to meet the few who've escaped me - lately I've been especially interested in systematizing creativity, creating computational memetics, mapping out all of the types of structure behind information and as always am obsessed with abstraction. I'd gush with love to talk with any of you about the above and more.\n\nThat said, find me by phone at <tel:248-882-1815|248-882-1815> or by email at <mailto:jnixon2@gmail.com|jnixon2@gmail.com> - should be mad fun!",
        "ts": "1505975307.000026",
        "reactions": [
            {
                "name": "smile",
                "users": [
                    "U5ZV6L94G",
                    "U2D0K9866",
                    "U74F3P9AN",
                    "U2D026HHN",
                    "U4F57EN2F"
                ],
                "count": 5
            }
        ]
    },
    {
        "type": "message",
        "user": "U614WV9NC",
        "text": "Welcome!",
        "ts": "1505975643.000257"
    }
]