[
    {
        "type": "message",
        "user": "U2D0C4SH5",
        "text": "I think it should be, provided this is the correct price. Is anyone strongly opposed?",
        "ts": "1483913337.000002"
    },
    {
        "type": "message",
        "user": "U2D08CYRK",
        "text": "Are there non-monetary costs to exterminators? E.g. fumes, need to evacuate, smells, other residue?",
        "ts": "1483918997.000003",
        "reactions": [
            {
                "name": "+1",
                "users": [
                    "U2D0C4SH5",
                    "U2D0CPE6M"
                ],
                "count": 2
            }
        ]
    },
    {
        "type": "message",
        "user": "U2CU0JCGK",
        "text": "Not for remotely sane quantities of ants. They'll probably only spray, and adult humans don't notice that.",
        "ts": "1483919374.000004"
    },
    {
        "type": "message",
        "user": "U2D0C4SH5",
        "text": "Neat! Is there anyone that can come give a free estimate? (perhaps we don't have sane numbers of ants?)",
        "ts": "1483921110.000005"
    },
    {
        "type": "message",
        "user": "U2CU0JCGK",
        "text": "Yelp says good things about <http:\/\/aantex.com\/>",
        "ts": "1483922253.000006"
    },
    {
        "type": "message",
        "user": "U2D0C4SH5",
        "text": "Ok, will call tmrw (presuming you have not?)",
        "edited": {
            "user": "U2D0C4SH5",
            "ts": "1483936380.000000"
        },
        "ts": "1483936324.000007"
    },
    {
        "type": "message",
        "user": "U2CU0JCGK",
        "text": "i have not",
        "ts": "1483936731.000009"
    }
]