[
    {
        "type": "message",
        "user": "U5ZSLKXPB",
        "text": "If anyone's going to the CFAR office in the next few hours can you stop by the 1st floor and pick up Rox's shoes?",
        "ts": "1501957859.766195",
        "reactions": [
            {
                "name": "slightly_smiling_face",
                "users": [
                    "U5ZV6L94G"
                ],
                "count": 1
            }
        ]
    },
    {
        "text": "*spank me*",
        "type": "message",
        "subtype": "slackbot_response",
        "user": "USLACKBOT",
        "ts": "1501957859.766216"
    }
]