[
    {
        "type": "message",
        "subtype": "pinned_item",
        "user": "U4F57EN2F",
        "item_type": "C",
        "attachments": [
            {
                "fallback": "[June 21st, 2017 7:24 PM] scott_weathers: Does anyone have a good (I.e. Non-Durex) condom that I could borrow tonight? I left mine at the office and don't have time to go buy any ",
                "ts": "1498098288.155299",
                "author_id": "U5JAER38Q",
                "author_subname": "Scott Weathers",
                "channel_id": "C29QA5TAP",
                "channel_name": "general",
                "is_msg_unfurl": true,
                "text": "Does anyone have a good (I.e. Non-Durex) condom that I could borrow tonight? I left mine at the office and don't have time to go buy any ",
                "author_name": "Scott Weathers",
                "author_link": "https:\/\/theeventhorizon.slack.com\/team\/U5JAER38Q",
                "author_icon": "https:\/\/secure.gravatar.com\/avatar\/f786ba96a6c03ecb7e60d5f156c2b050.jpg?s=48&d=https%3A%2F%2Fa.slack-edge.com%2F66f9%2Fimg%2Favatars%2Fava_0015-48.png",
                "mrkdwn_in": [
                    "text"
                ]
            }
        ],
        "text": "<@U4F57EN2F> pinned a message to this channel.",
        "ts": "1498163268.064473"
    },
    {
        "type": "message",
        "user": "U2D01HLT0",
        "text": "Can i trouble anyone for a code review? I was given an rspec challenge and I don't have the grasp to tell if my specs are incomplete or sloppy.",
        "thread_ts": "1498170656.111123",
        "reply_count": 1,
        "replies": [
            {
                "user": "U2D0CPE6M",
                "ts": "1498178508.366684"
            }
        ],
        "unread_count": 1,
        "ts": "1498170656.111123"
    },
    {
        "type": "message",
        "user": "U2D0CPE6M",
        "text": "I'm down",
        "ts": "1498176097.035510"
    },
    {
        "type": "message",
        "user": "U2D0CPE6M",
        "text": "Have a few more hours?",
        "ts": "1498176118.039053"
    },
    {
        "type": "message",
        "user": "U2D0CPE6M",
        "text": "I am",
        "thread_ts": "1498170656.111123",
        "parent_user_id": "U2D01HLT0",
        "ts": "1498178508.366684"
    }
]