[
    {
        "type": "message",
        "user": "U2D08CYRK",
        "text": "Christina says: \"Does the Mustang red car parked in front of cafe belong to anyone if your roommates ?\"",
        "ts": "1490291284.541786"
    },
    {
        "type": "message",
        "user": "U2D0C4SH5",
        "text": "I dont think so",
        "ts": "1490291311.554131"
    },
    {
        "type": "message",
        "user": "U2D08CYRK",
        "text": "Cool",
        "ts": "1490291322.559499"
    },
    {
        "type": "message",
        "user": "U2D0C4SH5",
        "text": "Might be our guest",
        "ts": "1490291331.563697"
    },
    {
        "type": "message",
        "user": "U2D08CYRK",
        "text": "Which one?",
        "ts": "1490291345.570004"
    },
    {
        "type": "message",
        "user": "U2D0C4SH5",
        "text": "Alex appel",
        "edited": {
            "user": "U2D0C4SH5",
            "ts": "1490291377.000000"
        },
        "ts": "1490291363.578460"
    },
    {
        "type": "message",
        "user": "U2D08CYRK",
        "text": "Can you check?",
        "ts": "1490291461.623942"
    },
    {
        "type": "message",
        "user": "U2D0C4SH5",
        "text": "He's a5 the store. Will message",
        "ts": "1490291486.636058"
    },
    {
        "type": "message",
        "user": "U2D0C4SH5",
        "text": "I am pretty sure it's not him",
        "ts": "1490291574.677061"
    },
    {
        "type": "message",
        "user": "U2D01HLT0",
        "text": "PSA, you can snooze alerts from a slack channel for a prespecified amount of time in the settings",
        "ts": "1490291585.682342",
        "reactions": [
            {
                "name": "table_tennis_paddle_and_ball",
                "users": [
                    "U2D08CYRK"
                ],
                "count": 1
            }
        ]
    },
    {
        "type": "message",
        "user": "U2CU0JFFD",
        "text": "Hey <!everyone>, did someone finish off the liquid in the blue bottle that was in the little fridge?",
        "ts": "1490312797.168921"
    },
    {
        "type": "message",
        "user": "U2D01HLT0",
        "text": "nah",
        "ts": "1490312830.175150"
    },
    {
        "type": "message",
        "user": "U2CU0JCGK",
        "text": "Wasn't me. ",
        "ts": "1490312870.183065"
    },
    {
        "type": "message",
        "user": "U2D0C4SH5",
        "text": "Nope",
        "ts": "1490314549.481593"
    },
    {
        "type": "message",
        "user": "U2D026HHN",
        "text": "No",
        "ts": "1490314651.498135"
    },
    {
        "type": "message",
        "user": "U2J7GJ50Q",
        "text": "Nope",
        "ts": "1490314701.506488"
    },
    {
        "type": "message",
        "user": "U3K49B8H0",
        "text": "Nay",
        "ts": "1490317101.897464"
    },
    {
        "type": "message",
        "user": "U2D0CPE6M",
        "text": "Not I.",
        "ts": "1490317318.933542"
    },
    {
        "type": "message",
        "user": "U2J7GJ50Q",
        "text": "Typically people avoid drinking strange blue liquids.",
        "ts": "1490326294.179736"
    },
    {
        "type": "message",
        "user": "U3K49B8H0",
        "text": "Spoils are available to be picked up! Tonight yields 2x as much spoils, and in any case pickup needs to be before noon tomorrow for the current stuff.",
        "ts": "1490334089.044794",
        "reactions": [
            {
                "name": "tropical_fish",
                "users": [
                    "U2D0C4SH5"
                ],
                "count": 1
            }
        ]
    },
    {
        "type": "message",
        "user": "U2D0C4SH5",
        "text": "<@U2D01HLT0>",
        "ts": "1490338086.506910"
    }
]