[
    {
        "type": "message",
        "user": "U2D01HLT0",
        "text": "Daniel Filan just asked me if EH has a step ladder he can borrow. I don’t have any feelings about this; what should I tell him?",
        "ts": "1490858198.664146"
    },
    {
        "type": "message",
        "user": "U2D0C4SH5",
        "text": "yes",
        "ts": "1490880269.549211"
    },
    {
        "type": "message",
        "user": "U2D0K9866",
        "text": "A few times a month I find someone else's cup in my kitchen cubby. Does anyone know why this happens? ",
        "ts": "1490907203.520428"
    },
    {
        "type": "message",
        "user": "U2D01HLT0",
        "text": "Anyone seen either of the geometric stencils anywhere? Can’t find.",
        "ts": "1490934349.764264"
    }
]