[
    {
        "type": "message",
        "user": "U2D01HLT0",
        "text": "Thanks for the responses",
        "ts": "1503072186.000562"
    },
    {
        "type": "message",
        "user": "U2D0CPE6M",
        "text": "Biannual monthly...?\n",
        "thread_ts": "1503021278.000187",
        "parent_user_id": "U2D01HLT0",
        "ts": "1503079092.000062"
    },
    {
        "type": "message",
        "user": "U2D026HHN",
        "text": "Assuming there's supposed to be an and in there ",
        "thread_ts": "1503021278.000187",
        "parent_user_id": "U2D01HLT0",
        "ts": "1503079948.000215"
    },
    {
        "type": "message",
        "subtype": "file_share",
        "text": "<@U2D01HAA2> uploaded a file: <https:\/\/theeventhorizon.slack.com\/files\/U2D01HAA2\/F6Q317E9E\/20170818_124340.jpg|20170818_124340.jpg> and commented: When the washing machine isn't working, apparently it's because the switch on the lid isn't engaging properly. Until we get the machine fixed or replaced, the thing to do when the slam door trick fails is to fiddle with the switch using a screwdriver, as Dan Powell discovered and demonstrates here",
        "file": {
            "id": "F6Q317E9E",
            "created": 1503085853,
            "timestamp": 1503085853,
            "name": "20170818_124340.jpg",
            "title": "20170818_124340.jpg",
            "mimetype": "image\/jpeg",
            "filetype": "jpg",
            "pretty_type": "JPEG",
            "user": "U2D01HAA2",
            "editable": false,
            "size": 965229,
            "mode": "hosted",
            "is_external": false,
            "external_type": "",
            "is_public": true,
            "public_url_shared": false,
            "display_as_bot": false,
            "username": "",
            "url_private": "https:\/\/files.slack.com\/files-pri\/T29RXEZQV-F6Q317E9E\/20170818_124340.jpg?t=xoxe-77881509845-278458240181-277799076385-f7aff9668b2352bc9174110ca96b42af",
            "url_private_download": "https:\/\/files.slack.com\/files-pri\/T29RXEZQV-F6Q317E9E\/download\/20170818_124340.jpg?t=xoxe-77881509845-278458240181-277799076385-f7aff9668b2352bc9174110ca96b42af",
            "thumb_64": "https:\/\/files.slack.com\/files-tmb\/T29RXEZQV-F6Q317E9E-f7b830745c\/20170818_124340_64.jpg?t=xoxe-77881509845-278458240181-277799076385-f7aff9668b2352bc9174110ca96b42af",
            "thumb_80": "https:\/\/files.slack.com\/files-tmb\/T29RXEZQV-F6Q317E9E-f7b830745c\/20170818_124340_80.jpg?t=xoxe-77881509845-278458240181-277799076385-f7aff9668b2352bc9174110ca96b42af",
            "thumb_360": "https:\/\/files.slack.com\/files-tmb\/T29RXEZQV-F6Q317E9E-f7b830745c\/20170818_124340_360.jpg?t=xoxe-77881509845-278458240181-277799076385-f7aff9668b2352bc9174110ca96b42af",
            "thumb_360_w": 270,
            "thumb_360_h": 360,
            "thumb_480": "https:\/\/files.slack.com\/files-tmb\/T29RXEZQV-F6Q317E9E-f7b830745c\/20170818_124340_480.jpg?t=xoxe-77881509845-278458240181-277799076385-f7aff9668b2352bc9174110ca96b42af",
            "thumb_480_w": 360,
            "thumb_480_h": 480,
            "thumb_160": "https:\/\/files.slack.com\/files-tmb\/T29RXEZQV-F6Q317E9E-f7b830745c\/20170818_124340_160.jpg?t=xoxe-77881509845-278458240181-277799076385-f7aff9668b2352bc9174110ca96b42af",
            "thumb_720": "https:\/\/files.slack.com\/files-tmb\/T29RXEZQV-F6Q317E9E-f7b830745c\/20170818_124340_720.jpg?t=xoxe-77881509845-278458240181-277799076385-f7aff9668b2352bc9174110ca96b42af",
            "thumb_720_w": 540,
            "thumb_720_h": 720,
            "thumb_800": "https:\/\/files.slack.com\/files-tmb\/T29RXEZQV-F6Q317E9E-f7b830745c\/20170818_124340_800.jpg?t=xoxe-77881509845-278458240181-277799076385-f7aff9668b2352bc9174110ca96b42af",
            "thumb_800_w": 800,
            "thumb_800_h": 1067,
            "thumb_960": "https:\/\/files.slack.com\/files-tmb\/T29RXEZQV-F6Q317E9E-f7b830745c\/20170818_124340_960.jpg?t=xoxe-77881509845-278458240181-277799076385-f7aff9668b2352bc9174110ca96b42af",
            "thumb_960_w": 720,
            "thumb_960_h": 960,
            "thumb_1024": "https:\/\/files.slack.com\/files-tmb\/T29RXEZQV-F6Q317E9E-f7b830745c\/20170818_124340_1024.jpg?t=xoxe-77881509845-278458240181-277799076385-f7aff9668b2352bc9174110ca96b42af",
            "thumb_1024_w": 768,
            "thumb_1024_h": 1024,
            "image_exif_rotation": 1,
            "original_w": 3264,
            "original_h": 2448,
            "permalink": "https:\/\/theeventhorizon.slack.com\/files\/U2D01HAA2\/F6Q317E9E\/20170818_124340.jpg",
            "permalink_public": "https:\/\/slack-files.com\/T29RXEZQV-F6Q317E9E-e65f42c620",
            "channels": [],
            "groups": [],
            "ims": [],
            "comments_count": 2,
            "initial_comment": {
                "id": "Fc6Q318FG8",
                "created": 1503085853,
                "timestamp": 1503085853,
                "user": "U2D01HAA2",
                "is_intro": true,
                "comment": "When the washing machine isn't working, apparently it's because the switch on the lid isn't engaging properly. Until we get the machine fixed or replaced, the thing to do when the slam door trick fails is to fiddle with the switch using a screwdriver, as Dan Powell discovered and demonstrates here"
            }
        },
        "user": "U2D01HAA2",
        "upload": true,
        "display_as_bot": false,
        "username": "dan_keys",
        "bot_id": null,
        "ts": "1503085859.000151"
    },
    {
        "type": "message",
        "subtype": "file_comment",
        "text": "<@U2D01HAA2> commented on <@U2D01HAA2>’s file <https:\/\/theeventhorizon.slack.com\/files\/U2D01HAA2\/F6Q317E9E\/20170818_124340.jpg|20170818_124340.jpg>: Probably best to get a new washing machine, given the amount of time\/inconvenience that this flaw costs us",
        "file": {
            "id": "F6Q317E9E",
            "created": 1503085853,
            "timestamp": 1503085853,
            "name": "20170818_124340.jpg",
            "title": "20170818_124340.jpg",
            "mimetype": "image\/jpeg",
            "filetype": "jpg",
            "pretty_type": "JPEG",
            "user": "U2D01HAA2",
            "editable": false,
            "size": 965229,
            "mode": "hosted",
            "is_external": false,
            "external_type": "",
            "is_public": true,
            "public_url_shared": false,
            "display_as_bot": false,
            "username": "",
            "url_private": "https:\/\/files.slack.com\/files-pri\/T29RXEZQV-F6Q317E9E\/20170818_124340.jpg?t=xoxe-77881509845-278458240181-277799076385-f7aff9668b2352bc9174110ca96b42af",
            "url_private_download": "https:\/\/files.slack.com\/files-pri\/T29RXEZQV-F6Q317E9E\/download\/20170818_124340.jpg?t=xoxe-77881509845-278458240181-277799076385-f7aff9668b2352bc9174110ca96b42af",
            "thumb_64": "https:\/\/files.slack.com\/files-tmb\/T29RXEZQV-F6Q317E9E-f7b830745c\/20170818_124340_64.jpg?t=xoxe-77881509845-278458240181-277799076385-f7aff9668b2352bc9174110ca96b42af",
            "thumb_80": "https:\/\/files.slack.com\/files-tmb\/T29RXEZQV-F6Q317E9E-f7b830745c\/20170818_124340_80.jpg?t=xoxe-77881509845-278458240181-277799076385-f7aff9668b2352bc9174110ca96b42af",
            "thumb_360": "https:\/\/files.slack.com\/files-tmb\/T29RXEZQV-F6Q317E9E-f7b830745c\/20170818_124340_360.jpg?t=xoxe-77881509845-278458240181-277799076385-f7aff9668b2352bc9174110ca96b42af",
            "thumb_360_w": 270,
            "thumb_360_h": 360,
            "thumb_480": "https:\/\/files.slack.com\/files-tmb\/T29RXEZQV-F6Q317E9E-f7b830745c\/20170818_124340_480.jpg?t=xoxe-77881509845-278458240181-277799076385-f7aff9668b2352bc9174110ca96b42af",
            "thumb_480_w": 360,
            "thumb_480_h": 480,
            "thumb_160": "https:\/\/files.slack.com\/files-tmb\/T29RXEZQV-F6Q317E9E-f7b830745c\/20170818_124340_160.jpg?t=xoxe-77881509845-278458240181-277799076385-f7aff9668b2352bc9174110ca96b42af",
            "thumb_720": "https:\/\/files.slack.com\/files-tmb\/T29RXEZQV-F6Q317E9E-f7b830745c\/20170818_124340_720.jpg?t=xoxe-77881509845-278458240181-277799076385-f7aff9668b2352bc9174110ca96b42af",
            "thumb_720_w": 540,
            "thumb_720_h": 720,
            "thumb_800": "https:\/\/files.slack.com\/files-tmb\/T29RXEZQV-F6Q317E9E-f7b830745c\/20170818_124340_800.jpg?t=xoxe-77881509845-278458240181-277799076385-f7aff9668b2352bc9174110ca96b42af",
            "thumb_800_w": 800,
            "thumb_800_h": 1067,
            "thumb_960": "https:\/\/files.slack.com\/files-tmb\/T29RXEZQV-F6Q317E9E-f7b830745c\/20170818_124340_960.jpg?t=xoxe-77881509845-278458240181-277799076385-f7aff9668b2352bc9174110ca96b42af",
            "thumb_960_w": 720,
            "thumb_960_h": 960,
            "thumb_1024": "https:\/\/files.slack.com\/files-tmb\/T29RXEZQV-F6Q317E9E-f7b830745c\/20170818_124340_1024.jpg?t=xoxe-77881509845-278458240181-277799076385-f7aff9668b2352bc9174110ca96b42af",
            "thumb_1024_w": 768,
            "thumb_1024_h": 1024,
            "image_exif_rotation": 1,
            "original_w": 3264,
            "original_h": 2448,
            "permalink": "https:\/\/theeventhorizon.slack.com\/files\/U2D01HAA2\/F6Q317E9E\/20170818_124340.jpg",
            "permalink_public": "https:\/\/slack-files.com\/T29RXEZQV-F6Q317E9E-e65f42c620",
            "channels": [],
            "groups": [],
            "ims": [],
            "comments_count": 2,
            "initial_comment": {
                "id": "Fc6Q318FG8",
                "created": 1503085853,
                "timestamp": 1503085853,
                "user": "U2D01HAA2",
                "is_intro": true,
                "comment": "When the washing machine isn't working, apparently it's because the switch on the lid isn't engaging properly. Until we get the machine fixed or replaced, the thing to do when the slam door trick fails is to fiddle with the switch using a screwdriver, as Dan Powell discovered and demonstrates here"
            }
        },
        "comment": {
            "id": "Fc6RR09KQF",
            "created": 1503086388,
            "timestamp": 1503086388,
            "user": "U2D01HAA2",
            "is_intro": false,
            "comment": "Probably best to get a new washing machine, given the amount of time\/inconvenience that this flaw costs us",
            "reactions": [
                {
                    "name": "robot_face",
                    "users": [
                        "U2D026HHN"
                    ],
                    "count": 1
                }
            ]
        },
        "is_intro": false,
        "ts": "1503086388.000378"
    },
    {
        "type": "message",
        "user": "U614WV9NC",
        "text": "+1",
        "ts": "1503086428.000270"
    },
    {
        "type": "message",
        "user": "U2D01HLT0",
        "text": "Jessica Watson Miller wants to know if she can get a seat with anyone leaving from EH",
        "ts": "1503089143.000458"
    },
    {
        "type": "message",
        "user": "U5ZSLKXPB",
        "text": "1st floor fridge has a ridiculous amount of rice and vegetables from Leaders Forum and we're all going to be gone this weekend, so if anyone will be around feel free to eat that before it goes bad",
        "thread_ts": "1503091529.000017",
        "reply_count": 3,
        "replies": [
            {
                "user": "U2GK97M1A",
                "ts": "1503091755.000286"
            },
            {
                "user": "U5ZSLKXPB",
                "ts": "1503092486.000193"
            },
            {
                "user": "U5ZSLKXPB",
                "ts": "1503092506.000145"
            }
        ],
        "unread_count": 3,
        "ts": "1503091529.000017"
    },
    {
        "type": "message",
        "user": "U2GK97M1A",
        "text": "freeze that shit!",
        "thread_ts": "1503091529.000017",
        "parent_user_id": "U5ZSLKXPB",
        "ts": "1503091755.000286"
    },
    {
        "type": "message",
        "user": "U5ZSLKXPB",
        "text": "We don't have a freezer!",
        "thread_ts": "1503091529.000017",
        "parent_user_id": "U5ZSLKXPB",
        "ts": "1503092486.000193"
    },
    {
        "type": "message",
        "user": "U5ZSLKXPB",
        "text": "(but good idea)",
        "thread_ts": "1503091529.000017",
        "parent_user_id": "U5ZSLKXPB",
        "ts": "1503092506.000145"
    },
    {
        "type": "message",
        "user": "U4F57EN2F",
        "text": "For peeps interested in the Wes Anderson movie later, at 10, I got it off this list: <http:\/\/www.newyorker.com\/culture\/richard-brody\/best-of-the-decade>",
        "attachments": [
            {
                "service_name": "The New Yorker",
                "title": "Best of the Decade",
                "title_link": "http:\/\/www.newyorker.com\/culture\/richard-brody\/best-of-the-decade",
                "text": "It’s been an unusual decade; I spent much of it hunched over spiral notebooks and laptop computers in libraries and cafés and at kitchen tables here and…",
                "fallback": "The New Yorker: Best of the Decade",
                "from_url": "http:\/\/www.newyorker.com\/culture\/richard-brody\/best-of-the-decade",
                "thumb_url": "https:\/\/media.newyorker.com\/photos\/590958cd1c7a8e33fb38b948\/16:9\/w_1200,h_630,c_limit\/bruno_putzulu_cecile_camp_in_praise_of_love_001-thumb-150x114-22077.jpg?mbid=social_retweet",
                "thumb_width": 144,
                "thumb_height": 81,
                "service_icon": "http:\/\/www.newyorker.com\/favicon.ico",
                "id": 1
            }
        ],
        "thread_ts": "1503110930.000001",
        "reply_count": 2,
        "replies": [
            {
                "user": "U2D0CPE6M",
                "ts": "1503138013.000035"
            },
            {
                "user": "U4F57EN2F",
                "ts": "1503167813.000064"
            }
        ],
        "unread_count": 2,
        "ts": "1503110930.000001"
    }
]