[
    {
        "type": "message",
        "user": "U2D01HLT0",
        "text": "Let’s make the key something other than our street address",
        "thread_ts": "1500440252.654651",
        "parent_user_id": "U2D0CPE6M",
        "ts": "1500473544.099881",
        "reactions": [
            {
                "name": "+1",
                "users": [
                    "U2D0CPE6M",
                    "U5ZV6L94G"
                ],
                "count": 2
            }
        ]
    },
    {
        "type": "message",
        "user": "U2D0CPE6M",
        "text": "We are going to be experimenting with a different lock, and also with Auto locking",
        "thread_ts": "1500440252.654651",
        "parent_user_id": "U2D0CPE6M",
        "ts": "1500481233.047997"
    },
    {
        "type": "message",
        "user": "U2D0CPE6M",
        "text": "Changing the code also seems very good",
        "thread_ts": "1500440252.654651",
        "parent_user_id": "U2D0CPE6M",
        "ts": "1500481260.064307"
    },
    {
        "type": "message",
        "user": "U2D0K9866",
        "text": "TIL that maybe if someone's experiencing severe blood loss you should put ice on their face even if they're not signed up for cryonics <https:\/\/www.sciencedaily.com\/releases\/2017\/07\/170717151046.htm>",
        "edited": {
            "user": "U2D0K9866",
            "ts": "1500493139.000000"
        },
        "ts": "1500493107.753100"
    },
    {
        "type": "message",
        "user": "U3K49B8H0",
        "text": "auto locking sounds nice",
        "thread_ts": "1500440252.654651",
        "parent_user_id": "U2D0CPE6M",
        "ts": "1500513479.950531"
    }
]