[
    {
        "type": "message",
        "user": "U4F57EN2F",
        "text": "There’s a laptop in pre-trash. Does it belong to any of you?",
        "ts": "1491241433.208986"
    },
    {
        "type": "message",
        "user": "U2CU0HV7D",
        "text": "I'll take it to sell if no one wants it",
        "ts": "1491241484.231084",
        "reactions": [
            {
                "name": "tropical_fish",
                "users": [
                    "U2D0C4SH5"
                ],
                "count": 1
            },
            {
                "name": "+1",
                "users": [
                    "U2D0C4SH5"
                ],
                "count": 1
            }
        ]
    },
    {
        "type": "message",
        "user": "U2D0C4SH5",
        "text": "Split profit with house?",
        "ts": "1491241522.247894"
    },
    {
        "type": "message",
        "user": "U2CU0HV7D",
        "text": "Yeah or all to house",
        "ts": "1491242134.512504"
    },
    {
        "type": "message",
        "user": "U2D01HLT0",
        "text": "Hey humans, the laundry room is fully gridlocked right now: full washer, full dryer, full on-top-of dryer, 2 full laundry baskets. I’m not quite sure what I’ll do when my stuff finishes washing. Ideas for how to avoid this state? Reminders? TAPs? More laundry baskets?",
        "thread_ts": "1491249689.640202",
        "reply_count": 6,
        "replies": [
            {
                "user": "U2UPVPNTB",
                "ts": "1491348112.516361"
            },
            {
                "user": "U2UPVPNTB",
                "ts": "1491348177.529337"
            },
            {
                "user": "U2D01HLT0",
                "ts": "1491348233.540739"
            },
            {
                "user": "U2UPVPNTB",
                "ts": "1491348267.547630"
            },
            {
                "user": "U2UPVPNTB",
                "ts": "1491348322.558771"
            },
            {
                "user": "U2UPVPNTB",
                "ts": "1491348351.564747"
            }
        ],
        "unread_count": 6,
        "ts": "1491249689.640202",
        "reactions": [
            {
                "name": "fire",
                "users": [
                    "U2CU0HV7D"
                ],
                "count": 1
            }
        ]
    },
    {
        "type": "message",
        "user": "U2J7GJ50Q",
        "text": "Someone claimed the laptop was broken ( <@U2CU0JCGK> ?)",
        "ts": "1491288974.779744"
    },
    {
        "type": "message",
        "user": "U2J7GJ50Q",
        "text": "Laundry gridlock partially because the dryer keeps stopping early",
        "ts": "1491289003.785141"
    }
]