[
    {
        "type": "message",
        "user": "U2D0K9866",
        "text": "I have myself, elizabeth, aysja, kurt, quincy, bryan and olivia down for contributing ≤$50 for the sauna. anyone else interested in chipping in? <@U2D08CYRK> <@U2D01HAA2> <@U2UPVPNTB> <@U4F57EN2F>",
        "ts": "1492413235.331812",
        "reactions": [
            {
                "name": "no_entry_sign",
                "users": [
                    "U2UPVPNTB"
                ],
                "count": 1
            }
        ]
    },
    {
        "type": "message",
        "user": "U2D0CPE6M",
        "text": "Has anyone seen a keyring with two keys: one for the house and one for a bike lock?",
        "ts": "1492464569.408891"
    },
    {
        "type": "message",
        "user": "U2D01HLT0",
        "text": "It’s under the 3f table",
        "ts": "1492464650.434079"
    },
    {
        "type": "message",
        "user": "U2D01HLT0",
        "text": "I’ll put it in front of your door",
        "ts": "1492464680.443522",
        "reactions": [
            {
                "name": "+1",
                "users": [
                    "U2D0CPE6M"
                ],
                "count": 1
            },
            {
                "name": "heart",
                "users": [
                    "U2D0CPE6M"
                ],
                "count": 1
            }
        ]
    },
    {
        "type": "message",
        "user": "U2CU0JFFD",
        "text": "Has anyone seen my bubbler Francis? <@U2J7GJ50Q>",
        "edited": {
            "user": "U2CU0JFFD",
            "ts": "1492495436.000000"
        },
        "ts": "1492488063.766722"
    },
    {
        "type": "message",
        "user": "U2D01HLT0",
        "text": "No.",
        "ts": "1492493964.035659"
    }
]