[
    {
        "type": "message",
        "user": "U2D026HHN",
        "text": "trying to gather data on how people think about friendship: would love if this message started a thread for what people think are the most important factors for creating good friendships (examples include similar interests, repeated contact, etc).",
        "thread_ts": "1503387339.000274",
        "reply_count": 10,
        "replies": [
            {
                "user": "U5ZSLKXPB",
                "ts": "1503387954.000021"
            },
            {
                "user": "U2D0K9866",
                "ts": "1503402836.000358"
            },
            {
                "user": "U2CU0HV7D",
                "ts": "1503423049.000182"
            },
            {
                "user": "U2J7GJ50Q",
                "ts": "1503447217.000283"
            },
            {
                "user": "U2D026HHN",
                "ts": "1503518947.000222"
            },
            {
                "user": "U2CU0HV7D",
                "ts": "1503527908.000171"
            },
            {
                "user": "U2D026HHN",
                "ts": "1503528803.000169"
            },
            {
                "user": "U2J7GJ50Q",
                "ts": "1503536538.000002"
            },
            {
                "user": "U2D026HHN",
                "ts": "1503547957.000063"
            },
            {
                "user": "U2CU0HV7D",
                "ts": "1503956804.000361"
            }
        ],
        "unread_count": 10,
        "ts": "1503387339.000274"
    },
    {
        "type": "message",
        "user": "U5ZSLKXPB",
        "text": "In my experience, friendships have been almost entirely due to forced proximity, and can't be sustained without it. There's some element of social compatibility \/ shared interests \/ etc, but the forced proximity thing is overriding. Another important aspect is having a shared project, which can replace forced proximity since it gives you a reason to see\/contact someone regularly and care about what they're doing, and makes you feel like your connection to them is somehow meaningful.",
        "thread_ts": "1503387339.000274",
        "parent_user_id": "U2D026HHN",
        "ts": "1503387954.000021",
        "reactions": [
            {
                "name": "point_up",
                "users": [
                    "U2GK97M1A"
                ],
                "count": 1
            },
            {
                "name": "robot_face",
                "users": [
                    "U2D026HHN"
                ],
                "count": 1
            }
        ]
    },
    {
        "type": "message",
        "user": "U2D0K9866",
        "text": "tiger-detection ability",
        "thread_ts": "1503387339.000274",
        "parent_user_id": "U2D026HHN",
        "ts": "1503402836.000358",
        "reactions": [
            {
                "name": "bow_and_arrow",
                "users": [
                    "U2CU0HV7D"
                ],
                "count": 1
            }
        ]
    },
    {
        "type": "message",
        "user": "U2CU0HV7D",
        "text": "It's hard to build up common knowledge that you should be friends besides 1. evading an actual tiger together and bringing it up repeatedly or 2. being exogenously matched together for many, many hunts.\nI think people\/rationalists don't bring up their tiger evasions often enough",
        "thread_ts": "1503387339.000274",
        "parent_user_id": "U2D026HHN",
        "ts": "1503423049.000182",
        "reactions": [
            {
                "name": "+1",
                "users": [
                    "U2D0K9866"
                ],
                "count": 1
            }
        ]
    },
    {
        "type": "message",
        "subtype": "file_share",
        "text": "<@U2D01HLT0> uploaded a file: <https:\/\/theeventhorizon.slack.com\/files\/U2D01HLT0\/F6RJP1FGR\/i_think_i_will_do_this.jpg|I think I will do this>",
        "file": {
            "id": "F6RJP1FGR",
            "created": 1503426765,
            "timestamp": 1503426765,
            "name": "I think I will do this.jpg",
            "title": "I think I will do this",
            "mimetype": "image\/jpeg",
            "filetype": "jpg",
            "pretty_type": "JPEG",
            "user": "U2D01HLT0",
            "editable": false,
            "size": 2975948,
            "mode": "hosted",
            "is_external": false,
            "external_type": "",
            "is_public": true,
            "public_url_shared": false,
            "display_as_bot": false,
            "username": "",
            "url_private": "https:\/\/files.slack.com\/files-pri\/T29RXEZQV-F6RJP1FGR\/i_think_i_will_do_this.jpg?t=xoxe-77881509845-278458240181-277799076385-f7aff9668b2352bc9174110ca96b42af",
            "url_private_download": "https:\/\/files.slack.com\/files-pri\/T29RXEZQV-F6RJP1FGR\/download\/i_think_i_will_do_this.jpg?t=xoxe-77881509845-278458240181-277799076385-f7aff9668b2352bc9174110ca96b42af",
            "thumb_64": "https:\/\/files.slack.com\/files-tmb\/T29RXEZQV-F6RJP1FGR-c232919f0d\/i_think_i_will_do_this_64.jpg?t=xoxe-77881509845-278458240181-277799076385-f7aff9668b2352bc9174110ca96b42af",
            "thumb_80": "https:\/\/files.slack.com\/files-tmb\/T29RXEZQV-F6RJP1FGR-c232919f0d\/i_think_i_will_do_this_80.jpg?t=xoxe-77881509845-278458240181-277799076385-f7aff9668b2352bc9174110ca96b42af",
            "thumb_360": "https:\/\/files.slack.com\/files-tmb\/T29RXEZQV-F6RJP1FGR-c232919f0d\/i_think_i_will_do_this_360.jpg?t=xoxe-77881509845-278458240181-277799076385-f7aff9668b2352bc9174110ca96b42af",
            "thumb_360_w": 270,
            "thumb_360_h": 360,
            "thumb_480": "https:\/\/files.slack.com\/files-tmb\/T29RXEZQV-F6RJP1FGR-c232919f0d\/i_think_i_will_do_this_480.jpg?t=xoxe-77881509845-278458240181-277799076385-f7aff9668b2352bc9174110ca96b42af",
            "thumb_480_w": 360,
            "thumb_480_h": 480,
            "thumb_160": "https:\/\/files.slack.com\/files-tmb\/T29RXEZQV-F6RJP1FGR-c232919f0d\/i_think_i_will_do_this_160.jpg?t=xoxe-77881509845-278458240181-277799076385-f7aff9668b2352bc9174110ca96b42af",
            "thumb_720": "https:\/\/files.slack.com\/files-tmb\/T29RXEZQV-F6RJP1FGR-c232919f0d\/i_think_i_will_do_this_720.jpg?t=xoxe-77881509845-278458240181-277799076385-f7aff9668b2352bc9174110ca96b42af",
            "thumb_720_w": 540,
            "thumb_720_h": 720,
            "thumb_800": "https:\/\/files.slack.com\/files-tmb\/T29RXEZQV-F6RJP1FGR-c232919f0d\/i_think_i_will_do_this_800.jpg?t=xoxe-77881509845-278458240181-277799076385-f7aff9668b2352bc9174110ca96b42af",
            "thumb_800_w": 800,
            "thumb_800_h": 1067,
            "thumb_960": "https:\/\/files.slack.com\/files-tmb\/T29RXEZQV-F6RJP1FGR-c232919f0d\/i_think_i_will_do_this_960.jpg?t=xoxe-77881509845-278458240181-277799076385-f7aff9668b2352bc9174110ca96b42af",
            "thumb_960_w": 720,
            "thumb_960_h": 960,
            "thumb_1024": "https:\/\/files.slack.com\/files-tmb\/T29RXEZQV-F6RJP1FGR-c232919f0d\/i_think_i_will_do_this_1024.jpg?t=xoxe-77881509845-278458240181-277799076385-f7aff9668b2352bc9174110ca96b42af",
            "thumb_1024_w": 768,
            "thumb_1024_h": 1024,
            "image_exif_rotation": 1,
            "original_w": 3264,
            "original_h": 2448,
            "permalink": "https:\/\/theeventhorizon.slack.com\/files\/U2D01HLT0\/F6RJP1FGR\/i_think_i_will_do_this.jpg",
            "permalink_public": "https:\/\/slack-files.com\/T29RXEZQV-F6RJP1FGR-3346a8c5bc",
            "channels": [],
            "groups": [],
            "ims": [],
            "comments_count": 0,
            "reactions": [
                {
                    "name": "+1",
                    "users": [
                        "U2D0C4SH5",
                        "U3K49B8H0",
                        "U2CU0HV7D",
                        "U2D0K9866",
                        "U2D026HHN"
                    ],
                    "count": 5
                }
            ]
        },
        "user": "U2D01HLT0",
        "upload": true,
        "display_as_bot": false,
        "username": "kurt",
        "bot_id": null,
        "ts": "1503426770.000309"
    },
    {
        "type": "message",
        "user": "U2J7GJ50Q",
        "text": "I have lots of thoughts on this. I think friendships can be sustained without forced contact, but that the early stages require some sort of anti-fragile mechanism for ensuring the two people keep spending time together",
        "thread_ts": "1503387339.000274",
        "parent_user_id": "U2D026HHN",
        "ts": "1503447217.000283",
        "reactions": [
            {
                "name": "+1",
                "users": [
                    "U2D0K9866",
                    "U5ZSLKXPB",
                    "U2D026HHN"
                ],
                "count": 3
            }
        ]
    },
    {
        "type": "message",
        "user": "U2CU0HV7D",
        "text": "It was a joke because of how rarely I actually get around to doing my monthly review",
        "thread_ts": "1503021278.000187",
        "parent_user_id": "U2D01HLT0",
        "ts": "1503456998.000136"
    }
]