[
    {
        "type": "message",
        "user": "U2D026HHN",
        "text": "does anyone know of a source for fermi questions and\/or trivia type questions (with numerical answers) ? csv file would be the best, but also interested in a website that contains these. Trying to compile a large list",
        "ts": "1483954353.000010",
        "reactions": [
            {
                "name": "bomb",
                "users": [
                    "U2D0K9866"
                ],
                "count": 1
            }
        ]
    },
    {
        "type": "message",
        "user": "U2D026HHN",
        "text": "Anyone seen my black cardigan? Last place I remember it was on the chair in the kitchen ",
        "ts": "1484003676.000002"
    },
    {
        "type": "message",
        "user": "U2D01HLT0",
        "text": "I think I pretrashed it while house elfing",
        "ts": "1484004452.000003"
    },
    {
        "type": "message",
        "user": "U2CU0JCGK",
        "text": "i remember seeing in there",
        "ts": "1484004623.000004"
    },
    {
        "type": "message",
        "user": "U2D026HHN",
        "text": "I thought I checked pre trash, do you mean the box in the kitchen or outside? ",
        "ts": "1484008916.000005"
    },
    {
        "type": "message",
        "user": "U2D026HHN",
        "text": "I have kidnapped the small heater for use in my room. If anyone wants to use it\/has been using it downstairs please let me know! (or just take it out-- seemed like it wasn't getting much use downstairs)",
        "ts": "1484009622.000006"
    },
    {
        "type": "message",
        "user": "U2D01HLT0",
        "text": "Box in the kitchen",
        "ts": "1484010069.000007"
    }
]