[
    {
        "type": "message",
        "user": "U2D0C4SH5",
        "text": "You guys were great! That dinner was awesome. Im impressed about every aspect of how it went off. Possibly the best orchestrated event in EH history!",
        "ts": "1475084430.000002"
    },
    {
        "type": "message",
        "user": "U2D01HLT0",
        "text": "Go team!",
        "ts": "1475084755.000003"
    },
    {
        "type": "message",
        "user": "U2D0C4SH5",
        "text": "<!channel>: can anyone be home for the plumber at 5:00-30",
        "ts": "1475093392.000002"
    },
    {
        "type": "message",
        "user": "U2D0C4SH5",
        "text": "?",
        "ts": "1475093397.000003"
    },
    {
        "type": "message",
        "user": "U29QA5RU3",
        "text": "I think this is the wrong channel for that",
        "ts": "1475093423.000004"
    },
    {
        "type": "message",
        "user": "U2D0C4SH5",
        "text": "Oops",
        "ts": "1475095163.000005"
    },
    {
        "type": "message",
        "user": "U2D0C4SH5",
        "text": "Thanks",
        "ts": "1475095167.000006"
    }
]