[
    {
        "type": "message",
        "user": "U2D0CPE6M",
        "text": "<!channel> is there anything I should be doing?",
        "ts": "1474996481.000002"
    },
    {
        "type": "message",
        "user": "U2D0C4SH5",
        "text": "Did you invite a friend?",
        "ts": "1474996497.000003"
    },
    {
        "type": "message",
        "user": "U2D0CPE6M",
        "text": "I did not, but it seemed like other people picked up the slack.",
        "ts": "1474996526.000004"
    },
    {
        "type": "message",
        "user": "U2D0CPE6M",
        "text": "Olivia invited the person I would have invited, but I don't think they can come anyway",
        "ts": "1474996544.000005"
    },
    {
        "type": "message",
        "user": "U2D0CPE6M",
        "text": ":slightly_smiling_face:",
        "ts": "1474996545.000006"
    },
    {
        "type": "message",
        "user": "U2D0C4SH5",
        "text": "No one is obligated, but everyone is encouraged",
        "ts": "1474996561.000007"
    },
    {
        "type": "message",
        "user": "U2D01HLT0",
        "text": "Send me songs that are thematically appropriate.\nI already have a few, including “Cities in Dust” and “99 Red Balloons\"",
        "ts": "1475005476.000008"
    },
    {
        "type": "message",
        "user": "U2D0CPE6M",
        "text": "what is the tone?",
        "ts": "1475006476.000009"
    },
    {
        "type": "message",
        "user": "U2D0CPE6M",
        "text": "<@U29QA5RU3> these seem to be our options",
        "ts": "1475017898.000002"
    },
    {
        "type": "message",
        "subtype": "file_share",
        "text": "<@U2D0CPE6M> uploaded a file: <https:\/\/theeventhorizon.slack.com\/files\/U2D0CPE6M\/F2GPF9R0U\/img_20160927_161113.jpg|Slack for Android Upload>",
        "file": {
            "id": "F2GPF9R0U",
            "created": 1475017897,
            "timestamp": 1475017897,
            "name": "IMG_20160927_161113.jpg",
            "title": "Slack for Android Upload",
            "mimetype": "image\/jpeg",
            "filetype": "jpg",
            "pretty_type": "JPEG",
            "user": "U2D0CPE6M",
            "editable": false,
            "size": 3073764,
            "mode": "hosted",
            "is_external": false,
            "external_type": "",
            "is_public": true,
            "public_url_shared": false,
            "display_as_bot": false,
            "username": "",
            "url_private": "https:\/\/files.slack.com\/files-pri\/T29RXEZQV-F2GPF9R0U\/img_20160927_161113.jpg?t=xoxe-77881509845-278458240181-277799076385-f7aff9668b2352bc9174110ca96b42af",
            "url_private_download": "https:\/\/files.slack.com\/files-pri\/T29RXEZQV-F2GPF9R0U\/download\/img_20160927_161113.jpg?t=xoxe-77881509845-278458240181-277799076385-f7aff9668b2352bc9174110ca96b42af",
            "thumb_64": "https:\/\/files.slack.com\/files-tmb\/T29RXEZQV-F2GPF9R0U-cbf3f67df9\/img_20160927_161113_64.jpg?t=xoxe-77881509845-278458240181-277799076385-f7aff9668b2352bc9174110ca96b42af",
            "thumb_80": "https:\/\/files.slack.com\/files-tmb\/T29RXEZQV-F2GPF9R0U-cbf3f67df9\/img_20160927_161113_80.jpg?t=xoxe-77881509845-278458240181-277799076385-f7aff9668b2352bc9174110ca96b42af",
            "thumb_360": "https:\/\/files.slack.com\/files-tmb\/T29RXEZQV-F2GPF9R0U-cbf3f67df9\/img_20160927_161113_360.jpg?t=xoxe-77881509845-278458240181-277799076385-f7aff9668b2352bc9174110ca96b42af",
            "thumb_360_w": 270,
            "thumb_360_h": 360,
            "thumb_480": "https:\/\/files.slack.com\/files-tmb\/T29RXEZQV-F2GPF9R0U-cbf3f67df9\/img_20160927_161113_480.jpg?t=xoxe-77881509845-278458240181-277799076385-f7aff9668b2352bc9174110ca96b42af",
            "thumb_480_w": 360,
            "thumb_480_h": 480,
            "thumb_160": "https:\/\/files.slack.com\/files-tmb\/T29RXEZQV-F2GPF9R0U-cbf3f67df9\/img_20160927_161113_160.jpg?t=xoxe-77881509845-278458240181-277799076385-f7aff9668b2352bc9174110ca96b42af",
            "thumb_720": "https:\/\/files.slack.com\/files-tmb\/T29RXEZQV-F2GPF9R0U-cbf3f67df9\/img_20160927_161113_720.jpg?t=xoxe-77881509845-278458240181-277799076385-f7aff9668b2352bc9174110ca96b42af",
            "thumb_720_w": 540,
            "thumb_720_h": 720,
            "thumb_960": "https:\/\/files.slack.com\/files-tmb\/T29RXEZQV-F2GPF9R0U-cbf3f67df9\/img_20160927_161113_960.jpg?t=xoxe-77881509845-278458240181-277799076385-f7aff9668b2352bc9174110ca96b42af",
            "thumb_960_w": 720,
            "thumb_960_h": 960,
            "thumb_1024": "https:\/\/files.slack.com\/files-tmb\/T29RXEZQV-F2GPF9R0U-cbf3f67df9\/img_20160927_161113_1024.jpg?t=xoxe-77881509845-278458240181-277799076385-f7aff9668b2352bc9174110ca96b42af",
            "thumb_1024_w": 768,
            "thumb_1024_h": 1024,
            "image_exif_rotation": 1,
            "original_w": 3024,
            "original_h": 4032,
            "permalink": "https:\/\/theeventhorizon.slack.com\/files\/U2D0CPE6M\/F2GPF9R0U\/img_20160927_161113.jpg",
            "permalink_public": "https:\/\/slack-files.com\/T29RXEZQV-F2GPF9R0U-0fef01ea65",
            "channels": [],
            "groups": [],
            "ims": [],
            "comments_count": 0
        },
        "user": "U2D0CPE6M",
        "upload": true,
        "display_as_bot": false,
        "username": "quincy",
        "bot_id": null,
        "ts": "1475017903.000003"
    },
    {
        "type": "message",
        "user": "U29QA5RU3",
        "text": "plastic is better ceteris paribus",
        "ts": "1475018036.000004"
    },
    {
        "type": "message",
        "user": "U29QA5RU3",
        "text": "thanks for checking!",
        "ts": "1475018052.000005"
    },
    {
        "type": "message",
        "user": "U2D0CPE6M",
        "text": "Also, don't see the brush",
        "ts": "1475018085.000006"
    },
    {
        "type": "message",
        "user": "U2D0CPE6M",
        "text": "In what section would you expect it to be?",
        "ts": "1475018098.000007"
    },
    {
        "type": "message",
        "user": "U29QA5RU3",
        "text": "Berkeley Bowl, probably, and I'd just ask someone ",
        "ts": "1475018128.000008"
    },
    {
        "type": "message",
        "user": "U29QA5RU3",
        "text": "if they don't have it it's nbd, a good investment though",
        "ts": "1475018149.000009"
    },
    {
        "type": "message",
        "user": "U2D0CPE6M",
        "text": "I'll ask another person :)",
        "ts": "1475018216.000010"
    },
    {
        "type": "message",
        "user": "U2D0CPE6M",
        "text": "Doesn't seem like they have it",
        "ts": "1475018417.000011"
    },
    {
        "type": "message",
        "user": "U29QA5RU3",
        "text": "*snaps fingers*",
        "ts": "1475018523.000012"
    },
    {
        "type": "message",
        "user": "U29QA5RU3",
        "text": "oh well",
        "ts": "1475018525.000013"
    },
    {
        "type": "message",
        "user": "U29QA5RU3",
        "text": "thanks for checking!",
        "ts": "1475018530.000014"
    },
    {
        "type": "message",
        "user": "U2D01HLT0",
        "text": "link to my playlist:\n\n<https:\/\/open.spotify.com\/user\/spot2718\/playlist\/6lGejA842DYPt88mW6ksaf>",
        "attachments": [
            {
                "service_name": "Spotify",
                "service_url": "https:\/\/www.spotify.com",
                "title": "Petrov Day",
                "title_link": "https:\/\/open.spotify.com\/user\/spot2718\/playlist\/6lGejA842DYPt88mW6ksaf",
                "thumb_url": "https:\/\/d3rt1990lpmkn.cloudfront.net\/300\/f98eb90a73a220e821e7f4b871e9600e01d3b19e1a981c8cfbddfdc98e56381a4134dea724b7fbe2613c43132f88bf6d316a6251a4e927c6c8ce6473cd648b2a84052cc6622110fb06ecdb2bc548fc67",
                "thumb_width": 300,
                "thumb_height": 300,
                "fallback": "Spotify Audio: Link: Petrov Day",
                "audio_html": "<iframe src=\"https:\/\/embed.spotify.com\/?uri=spotify:user:spot2718:playlist:6lGejA842DYPt88mW6ksaf\" width=\"300\" height=\"380\" frameborder=\"0\" allowtransparency=\"true\"><\/iframe>",
                "audio_html_width": 300,
                "audio_html_height": 380,
                "from_url": "https:\/\/open.spotify.com\/user\/spot2718\/playlist\/6lGejA842DYPt88mW6ksaf",
                "service_icon": "https:\/\/a.slack-edge.com\/e8ef6\/img\/unfurl_icons\/spotify.png",
                "id": 1
            }
        ],
        "ts": "1475028367.000002"
    }
]