[
    {
        "type": "message",
        "user": "U2DPV62N7",
        "text": "Hey! whomever you elect to do the shopping, make sure we have enough paper bowl\/plates\/forks etc for the event",
        "ts": "1474908899.000002"
    },
    {
        "type": "message",
        "user": "U29QA5RU3",
        "text": "I'm happy to help with cooking and cleanup, but can someone else from @channelplease take the brunt of payment",
        "ts": "1474916475.000003"
    },
    {
        "type": "message",
        "user": "U29QA5RU3",
        "text": "whoops",
        "ts": "1474916479.000004"
    },
    {
        "type": "message",
        "user": "U29QA5RU3",
        "text": "someone else from <!channel> * ?",
        "ts": "1474916494.000005"
    },
    {
        "type": "message",
        "user": "U29QA5RU3",
        "text": "Shouldn't be too expensive - I'm anticipating less than $30, depending on how nice we want to get. I'm happy to help with shopping, which we'll ideally get mostly done today, so that I can prepare the soup tonight to have flavors melding overnight. Tomorrow we'd grab anything we'll want particularly fresh - like last-minute max-fresh herbs, and some bread that's been baked one day sooner.",
        "ts": "1474916753.000006"
    },
    {
        "type": "message",
        "user": "U29QA5RU3",
        "text": "<@U2D01HLT0> just did a nice and offered to split the cost of shopping with me - <@U2CU0JCGK>  and <@U2D0CPE6M>, would you be willing to split this cost with us as well? Should be less than $10\/person total.",
        "ts": "1474919869.000007"
    },
    {
        "type": "message",
        "user": "U2D0CPE6M",
        "text": "Sure",
        "ts": "1474919921.000008"
    },
    {
        "type": "message",
        "user": "U29QA5RU3",
        "text": "Thanks, <@U2D0CPE6M>!",
        "ts": "1474919937.000009"
    }
]