[
    {
        "user": "U2DPV62N7",
        "text": "<@U2DPV62N7> has joined the channel",
        "type": "message",
        "subtype": "channel_join",
        "ts": "1474670048.000002"
    },
    {
        "user": "U2DPV62N7",
        "purpose": "Plan and execute Tuesday Night Dinner",
        "text": "<@U2DPV62N7> set the channel purpose: Plan and execute Tuesday Night Dinner",
        "type": "message",
        "subtype": "channel_purpose",
        "ts": "1474670049.000003"
    },
    {
        "user": "U2CU0HV7D",
        "text": "<@U2CU0HV7D> has joined the channel",
        "type": "message",
        "subtype": "channel_join",
        "ts": "1474670084.000004"
    },
    {
        "type": "message",
        "user": "U2CU0HV7D",
        "text": "I don't think I want to plan this one, but I have a question: if I bring two friends, do I have to show and tell them, or can they show and tell themselves?",
        "ts": "1474670155.000005"
    },
    {
        "user": "U29QA5RU3",
        "text": "<@U29QA5RU3> has joined the channel",
        "type": "message",
        "subtype": "channel_join",
        "ts": "1474671488.000006"
    },
    {
        "type": "message",
        "user": "U29QA5RU3",
        "text": "*dibs on responsjbility*",
        "ts": "1474671517.000007"
    },
    {
        "type": "message",
        "user": "U29QA5RU3",
        "text": "responsibility*",
        "ts": "1474671525.000008"
    },
    {
        "user": "U2D01HLT0",
        "text": "<@U2D01HLT0> has joined the channel",
        "type": "message",
        "subtype": "channel_join",
        "ts": "1474671661.000009"
    },
    {
        "type": "message",
        "user": "U2DPV62N7",
        "text": "They have to show and tell each other",
        "ts": "1474671943.000010"
    },
    {
        "user": "U2D0C4SH5",
        "text": "<@U2D0C4SH5> has joined the channel",
        "type": "message",
        "subtype": "channel_join",
        "ts": "1474671968.000011"
    },
    {
        "type": "message",
        "user": "U2D0C4SH5",
        "text": "Awesome Shane! ",
        "ts": "1474672007.000012"
    },
    {
        "user": "U2D0CPE6M",
        "text": "<@U2D0CPE6M> has joined the channel",
        "type": "message",
        "subtype": "channel_join",
        "ts": "1474686831.000002"
    },
    {
        "user": "U2CU0JCGK",
        "text": "<@U2CU0JCGK> has joined the channel",
        "type": "message",
        "subtype": "channel_join",
        "ts": "1474686955.000003"
    },
    {
        "user": "U2CU0HV7D",
        "text": "<@U2CU0HV7D> has left the channel",
        "type": "message",
        "subtype": "channel_leave",
        "ts": "1474687169.000004"
    }
]