[
    {
        "type": "message",
        "user": "U2D0C4SH5",
        "text": "Ok, Team Petrov Day: Olivia, Kurt, Shane, Quincy. ",
        "ts": "1474740846.000002"
    },
    {
        "type": "message",
        "user": "U2D0C4SH5",
        "text": "Let's get this planned. <@U2D01HLT0> Make the fb event today? ",
        "ts": "1474740952.000003"
    },
    {
        "type": "message",
        "user": "U2D0C4SH5",
        "text": "<!channel>: resolve what parts you're going to play. We need social media, cooking, cleaning, buying, and theming\/ceremonying.",
        "ts": "1474741156.000004"
    },
    {
        "type": "message",
        "user": "U2D0CPE6M",
        "text": "I'm up for doing a lot of cleaning, and helping with cooking and theming if that would be useful",
        "ts": "1474745612.000002"
    },
    {
        "type": "message",
        "user": "U2D0C4SH5",
        "text": "You're wonderful. Quincy on\/leading cleanup after dinner.",
        "ts": "1474749880.000002"
    }
]