[
    {
        "user": "U2D0C4SH5",
        "text": "<@U2D0C4SH5> has joined the channel",
        "type": "message",
        "subtype": "channel_join",
        "ts": "1475723152.000002"
    },
    {
        "user": "U2D0C4SH5",
        "purpose": "Our first dinner with another Rationalist House- Liminal&amp;_______",
        "text": "<@U2D0C4SH5> set the channel purpose: Our first dinner with another Rationalist House- Liminal&amp;_______",
        "type": "message",
        "subtype": "channel_purpose",
        "ts": "1475723152.000003"
    }
]