[
    {
        "user": "U2D01HAA2",
        "text": "<@U2D01HAA2> has joined the channel",
        "type": "message",
        "subtype": "channel_join",
        "ts": "1476737477.000002"
    },
    {
        "user": "U2D01HLT0",
        "text": "<@U2D01HLT0> has joined the channel",
        "type": "message",
        "subtype": "channel_join",
        "ts": "1476737656.000003"
    },
    {
        "user": "U2D08CYRK",
        "text": "<@U2D08CYRK> has joined the channel",
        "type": "message",
        "subtype": "channel_join",
        "ts": "1476739897.000004"
    },
    {
        "user": "U2D0K9866",
        "text": "<@U2D0K9866> has joined the channel",
        "type": "message",
        "subtype": "channel_join",
        "ts": "1476741812.000005"
    },
    {
        "user": "U2D0CPE6M",
        "text": "<@U2D0CPE6M> has joined the channel",
        "type": "message",
        "subtype": "channel_join",
        "ts": "1476750359.000002"
    }
]