[
    {
        "type": "message",
        "user": "U2UPVPNTB",
        "text": "Is anything happening tonight or has the election derailed plans? ",
        "ts": "1478629687.000002"
    },
    {
        "type": "message",
        "user": "U2D0C4SH5",
        "text": "election derailed plans",
        "ts": "1478629811.000003"
    },
    {
        "type": "message",
        "user": "U2D0C4SH5",
        "text": "Also now to include potential housemates",
        "ts": "1478634144.000004"
    },
    {
        "user": "U2D0C4SH5",
        "old_name": "diplomaticrelations",
        "name": "tuesdaydinner",
        "text": "<@U2D0C4SH5> has renamed the channel from \"diplomaticrelations\" to \"tuesdaydinner\"",
        "type": "message",
        "subtype": "channel_name",
        "ts": "1478638515.000007"
    }
]