[
    {
        "type": "message",
        "user": "U2UPVPNTB",
        "text": "<!channel> bread tonight at 7!",
        "ts": "1487107087.000002"
    },
    {
        "type": "message",
        "user": "U2J7GJ50Q",
        "text": "Bread with whom?",
        "ts": "1487115653.000003"
    },
    {
        "type": "message",
        "user": "U2UPVPNTB",
        "text": "EH + anyone you want to invite",
        "ts": "1487117761.000004"
    },
    {
        "type": "message",
        "user": "U2UPVPNTB",
        "text": "but it'll be 4 loaves",
        "ts": "1487117773.000005"
    },
    {
        "type": "message",
        "user": "U2UPVPNTB",
        "text": "which will probably be a decent amount for EH people and maybe not all that many others?",
        "ts": "1487117799.000006"
    }
]