[
    {
        "type": "message",
        "user": "U2UPVPNTB",
        "text": "<@U2D0C4SH5> what's our plan tonight? Should I bake some bread?",
        "edited": {
            "user": "U2UPVPNTB",
            "ts": "1485303459.000000"
        },
        "ts": "1485303446.000002"
    },
    {
        "type": "message",
        "user": "U2D0C4SH5",
        "text": "Sure! We're making a huge dish of lemon potatoes, pasta dish, and chocolate minicupcakes with peanutbutter frosting",
        "ts": "1485304131.000004"
    },
    {
        "type": "message",
        "user": "U2D0CPE6M",
        "text": "is this going to be fun or lame (ie should I come)",
        "ts": "1485304284.000005"
    },
    {
        "type": "message",
        "user": "U2D01HLT0",
        "text": "This gonna be carby as heck",
        "ts": "1485309415.000006"
    }
]