[
    {
        "type": "message",
        "user": "U2J7GJ50Q",
        "text": "if it hasn't been posted elsewhere, it may be worth making a post about all the things meta-charities require of charities that they don't seem to think apply to themselves. \n\nThis includes full transparency, clear follow through on exact claims of future actions (claiming to spend money on bed nets leads directly to spending money on bed nets), being above suspicion of doubt in terms of following good-faith principles, and a lack of incestuousness\/collusion in terms of ownership of what goes where. Essentially, all the sorts of things that you would demand of a company that you were investing lots of money in and be upset about if they did in practice.\n\nIn accounting these sorts of things are called Accounting Best Practices and violating even the spirit of the rules is grounds for extreme suspicion.",
        "edited": {
            "user": "U2J7GJ50Q",
            "ts": "1495265270.000000"
        },
        "ts": "1495265073.039178"
    },
    {
        "type": "message",
        "user": "U2D0CPE6M",
        "text": "Comments like this are distributed throughout Ben's recent writing, but not in an organized, concise, manner",
        "ts": "1495337931.752192"
    }
]