[
    {
        "type": "message",
        "user": "U2D0CPE6M",
        "text": "Open Phil just gave 16 million over three years to John Hopkins University to work on bio risk <@U2D026HHN> ",
        "ts": "1486583851.000002"
    },
    {
        "type": "message",
        "user": "U2D0CPE6M",
        "text": "<http:\/\/www.openphilanthropy.org\/focus\/global-catastrophic-risks\/biosecurity\/center-health-security-biosecurity-global-health-security-and-global-catastrophic>",
        "ts": "1486583879.000003"
    },
    {
        "type": "message",
        "user": "U2D0CPE6M",
        "text": "Actually, 1\/3 of money and staff time will go to bio GCRs",
        "ts": "1486584160.000004"
    },
    {
        "type": "message",
        "user": "U2D0CPE6M",
        "text": "And the rest will go to \"Heath security and public health preparedness work\"",
        "ts": "1486584193.000005"
    },
    {
        "type": "message",
        "user": "U2D0CPE6M",
        "text": "Open Phil believes that the projects in these areas will also help with GCRs",
        "ts": "1486584252.000006",
        "reactions": [
            {
                "name": "+1::skin-tone-6",
                "users": [
                    "U2D01HLT0",
                    "U2D0K9866"
                ],
                "count": 2
            }
        ]
    },
    {
        "type": "message",
        "user": "U2D0CPE6M",
        "text": "And will be providing input on what to prioritize",
        "ts": "1486584263.000007"
    }
]