[
    {
        "type": "message",
        "user": "U2D0CPE6M",
        "text": "<http:\/\/effective-altruism.com\/ea\/19g\/charity_evaluators_first_model_and_open_questions\/>\n\nSimple modeling of charity evaluators.  Here's something a bit obvious but important to remember.\n\n&gt; Initial overconfidence. In most simulation runs, the impact estimate of the recommended charity at time t = 1 is much higher than the true impact of the charity. This is not surprising: because ACE recommends whichever charity got the highest point estimate, it will almost certainly recommend an organisation for which it has seen badly inflated evidence. Arguably, the behaviour of this model mirrors certain real-life phenomena. For example, GiveWell’s estimate for the cost of saving a life has been revised up several times over the years; and in the animal space a few years ago, both online ads and leafleting seemed like they would have much more impact than what is commonly estimated today.",
        "attachments": [
            {
                "title": " Charity Evaluators: first model and open questions (Oxford Prioritisation Project) - Effective Altruism Forum ",
                "title_link": "http:\/\/effective-altruism.com\/ea\/19g\/charity_evaluators_first_model_and_open_questions\/",
                "text": "2017-04-25 By Dominik Peters (with Tom Sittler) Cross posted to the Oxford Prioritisation Project blog. We're centralising all discussion on the Effective Altru",
                "fallback": " Charity Evaluators: first model and open questions (Oxford Prioritisation Project) - Effective Altruism Forum ",
                "from_url": "http:\/\/effective-altruism.com\/ea\/19g\/charity_evaluators_first_model_and_open_questions\/",
                "service_name": "effective-altruism.com",
                "id": 1
            }
        ],
        "edited": {
            "user": "U2D0CPE6M",
            "ts": "1495233369.000000"
        },
        "ts": "1495233356.978919"
    },
    {
        "text": "¿Dónde está la biblioteca?",
        "type": "message",
        "subtype": "slackbot_response",
        "user": "USLACKBOT",
        "ts": "1495233356.978951"
    },
    {
        "type": "message",
        "user": "U2D0CPE6M",
        "text": "Related: <http:\/\/blog.givewell.org\/2011\/08\/18\/why-we-cant-take-expected-value-estimates-literally-even-when-theyre-unbiased\/>",
        "attachments": [
            {
                "service_name": "The GiveWell Blog",
                "title": "Why we can't take expected value estimates literally (even when they're unbiased) - The GiveWell Blog",
                "title_link": "http:\/\/blog.givewell.org\/2011\/08\/18\/why-we-cant-take-expected-value-estimates-literally-even-when-theyre-unbiased\/",
                "text": "While some people feel that GiveWell puts too much emphasis on the measurable and quantifiable, there are others who go further than we do in quantification, and justify their giving (or other) decisions based on fully explicit expected-value formulas. The latter group tends to critique us – or at least disagree with us – based... Read More",
                "fallback": "The GiveWell Blog: Why we can't take expected value estimates literally (even when they're unbiased) - The GiveWell Blog",
                "thumb_url": "http:\/\/blog.givewell.org\/images\/beeradvocate.png",
                "ts": 1313662958,
                "from_url": "http:\/\/blog.givewell.org\/2011\/08\/18\/why-we-cant-take-expected-value-estimates-literally-even-when-theyre-unbiased\/",
                "thumb_width": 576,
                "thumb_height": 262,
                "service_icon": "http:\/\/blog.givewell.org\/favicon.ico",
                "id": 1
            }
        ],
        "ts": "1495233404.986670"
    },
    {
        "type": "message",
        "user": "U2CU0HV7D",
        "text": "The formalized version of that is the optimizer's curse, and the Bayesian adjustment talked about here:\n<http:\/\/lesswrong.com\/lw\/76k\/the_optimizers_curse_and_how_to_beat_it\/>",
        "attachments": [
            {
                "title": " The Optimizer's Curse and How to Beat It - Less Wrong ",
                "title_link": "http:\/\/lesswrong.com\/lw\/76k\/the_optimizers_curse_and_how_to_beat_it\/",
                "text": "The best laid schemes of mice and men Go often askew, And leave us nothing but grief and pain, For promised joy! - Robert Burns (translated)   Consider the foll",
                "fallback": " The Optimizer's Curse and How to Beat It - Less Wrong ",
                "from_url": "http:\/\/lesswrong.com\/lw\/76k\/the_optimizers_curse_and_how_to_beat_it\/",
                "service_name": "lesswrong.com",
                "id": 1
            }
        ],
        "ts": "1495233903.063682"
    },
    {
        "type": "message",
        "user": "U2D0CPE6M",
        "text": "oh cool",
        "ts": "1495234559.159096"
    },
    {
        "type": "message",
        "user": "U2D0CPE6M",
        "text": "Hmm, I don't really see the difference between this and what Holden recommends in his post",
        "edited": {
            "user": "U2D0CPE6M",
            "ts": "1495234653.000000"
        },
        "ts": "1495234648.172055"
    },
    {
        "type": "message",
        "user": "U2D0CPE6M",
        "text": "In the section \"Simple example of a Bayesian approach vs. an EEV approach\"",
        "ts": "1495234758.187583"
    },
    {
        "type": "message",
        "user": "U2CU0HV7D",
        "text": "Maybe no difference, I just saw a lot of words that didn't say optimizer's curse ",
        "ts": "1495234762.188099"
    },
    {
        "type": "message",
        "user": "U2D0CPE6M",
        "text": "hahah yeah",
        "ts": "1495234768.188883"
    },
    {
        "type": "message",
        "user": "U2D0CPE6M",
        "text": "It is def good to have the handle.  I've seen it recently, and didn't know what it meant.",
        "ts": "1495234796.192869"
    },
    {
        "type": "message",
        "user": "U2CU0HV7D",
        "text": "I can't read the full Benquo article rn because my computer is dead but I think I disagree with a lot of things, maybe only some",
        "ts": "1495234825.198389"
    },
    {
        "type": "message",
        "user": "U2D0CPE6M",
        "text": "Would def be interested in discussing it with you",
        "ts": "1495234852.202693"
    },
    {
        "type": "message",
        "user": "U2D0CPE6M",
        "text": "For formalizing opinions.  Maybe an actual double-crux (gasp)",
        "ts": "1495234866.204841"
    }
]