[
    {
        "type": "message",
        "user": "U2D0CPE6M",
        "text": "&gt;The Open Philanthropy Project awarded a grant of $1,300,000 to the University of Pennsylvania to support work on a collaborative reasoning system called “Making Conversations Smarter, Faster” (MCSF). This system will be designed to incentivize high epistemic quality in participants’ contributions to a collaborative reasoning process, for example a policy debate or a forecasting exercise.",
        "ts": "1503759407.000063"
    },
    {
        "type": "message",
        "user": "U2D0CPE6M",
        "text": "^ <http:\/\/www.openphilanthropy.org\/giving\/grants\/university-pennsylvania-philip-tetlock-making-conversations-smarter-faster>\n(very little additional info)",
        "thread_ts": "1503759423.000074",
        "reply_count": 4,
        "replies": [
            {
                "user": "U2UPVPNTB",
                "ts": "1503765078.000007"
            },
            {
                "user": "U2D0CPE6M",
                "ts": "1503768086.000022"
            },
            {
                "user": "U2D0CPE6M",
                "ts": "1503768113.000043"
            },
            {
                "user": "U2D01HAA2",
                "ts": "1503784114.000007"
            }
        ],
        "unread_count": 4,
        "ts": "1503759423.000074"
    },
    {
        "type": "message",
        "user": "U2UPVPNTB",
        "text": "Thoughts\/predictions on whether it'll be meaningfully distinct from (and an improvement on) DC?",
        "edited": {
            "user": "U2UPVPNTB",
            "ts": "1503765090.000000"
        },
        "thread_ts": "1503759423.000074",
        "parent_user_id": "U2D0CPE6M",
        "ts": "1503765078.000007"
    },
    {
        "type": "message",
        "user": "U2D0CPE6M",
        "text": "I don't expect it to look anything like DC.  Would have to think more to operationalize \/ come up with more predictions.",
        "thread_ts": "1503759423.000074",
        "parent_user_id": "U2D0CPE6M",
        "ts": "1503768086.000022"
    },
    {
        "type": "message",
        "user": "U2D0CPE6M",
        "text": "It sort of looks like a software project.",
        "thread_ts": "1503759423.000074",
        "parent_user_id": "U2D0CPE6M",
        "ts": "1503768113.000043"
    },
    {
        "type": "message",
        "user": "U2D01HAA2",
        "text": "I believe that Tetlock is aware of DC, via Lawrence Chan",
        "thread_ts": "1503759423.000074",
        "parent_user_id": "U2D0CPE6M",
        "ts": "1503784114.000007"
    }
]