[
    {
        "user": "U2D0CPE6M",
        "text": "<@U2D0CPE6M> has joined the channel",
        "type": "message",
        "subtype": "channel_join",
        "ts": "1484865538.000002"
    },
    {
        "user": "U2GK97M1A",
        "inviter": "U2D0CPE6M",
        "text": "<@U2GK97M1A> has joined the channel",
        "type": "message",
        "subtype": "channel_join",
        "ts": "1484865538.000003"
    },
    {
        "user": "U2D0K9866",
        "inviter": "U2D0CPE6M",
        "text": "<@U2D0K9866> has joined the channel",
        "type": "message",
        "subtype": "channel_join",
        "ts": "1484865538.000004"
    },
    {
        "user": "U2D01HAA2",
        "inviter": "U2D0CPE6M",
        "text": "<@U2D01HAA2> has joined the channel",
        "type": "message",
        "subtype": "channel_join",
        "ts": "1484865538.000005"
    },
    {
        "user": "U2CU0JFFD",
        "inviter": "U2D0CPE6M",
        "text": "<@U2CU0JFFD> has joined the channel",
        "type": "message",
        "subtype": "channel_join",
        "ts": "1484865538.000006"
    },
    {
        "user": "U2D026HHN",
        "inviter": "U2D0CPE6M",
        "text": "<@U2D026HHN> has joined the channel",
        "type": "message",
        "subtype": "channel_join",
        "ts": "1484865538.000007"
    },
    {
        "user": "U2J7GJ50Q",
        "inviter": "U2D0CPE6M",
        "text": "<@U2J7GJ50Q> has joined the channel",
        "type": "message",
        "subtype": "channel_join",
        "ts": "1484865538.000008"
    },
    {
        "user": "U2D08CYRK",
        "inviter": "U2D0CPE6M",
        "text": "<@U2D08CYRK> has joined the channel",
        "type": "message",
        "subtype": "channel_join",
        "ts": "1484865538.000009"
    },
    {
        "user": "U3K49B8H0",
        "inviter": "U2D0CPE6M",
        "text": "<@U3K49B8H0> has joined the channel",
        "type": "message",
        "subtype": "channel_join",
        "ts": "1484865539.000010"
    },
    {
        "user": "U2D0C4SH5",
        "inviter": "U2D0CPE6M",
        "text": "<@U2D0C4SH5> has joined the channel",
        "type": "message",
        "subtype": "channel_join",
        "ts": "1484865539.000011"
    },
    {
        "user": "U2CU0HV7D",
        "inviter": "U2D0CPE6M",
        "text": "<@U2CU0HV7D> has joined the channel",
        "type": "message",
        "subtype": "channel_join",
        "ts": "1484865539.000012"
    },
    {
        "user": "U2D01HLT0",
        "inviter": "U2D0CPE6M",
        "text": "<@U2D01HLT0> has joined the channel",
        "type": "message",
        "subtype": "channel_join",
        "ts": "1484865539.000013"
    },
    {
        "user": "U2UPVPNTB",
        "inviter": "U2D0CPE6M",
        "text": "<@U2UPVPNTB> has joined the channel",
        "type": "message",
        "subtype": "channel_join",
        "ts": "1484865539.000014"
    },
    {
        "user": "U2CU0JCGK",
        "inviter": "U2D0CPE6M",
        "text": "<@U2CU0JCGK> has joined the channel",
        "type": "message",
        "subtype": "channel_join",
        "ts": "1484865539.000015"
    },
    {
        "type": "message",
        "user": "U2D0CPE6M",
        "text": "Update: On changes in Cost Effectiveness ratings of AMF:\n&gt;At that point, we estimated that nets were ~10x as cost-effective as cash transfers, and now we estimate that they are ~4x as cost-effective as cash transfers. This change was partially driven by *changes in GiveWell staff’s judgments on the tradeoff between saving lives of children under five and improving lives* (through increased income and consumption) in our model, and partially driven by *AMF beginning to fund bed net distributions in countries with lower malaria burdens* than Malawi or DRC.",
        "edited": {
            "user": "U2D0CPE6M",
            "ts": "1484865668.000000"
        },
        "ts": "1484865630.000016"
    },
    {
        "type": "message",
        "user": "U2D01HLT0",
        "text": "Robin Hanson told me that ea is just a signaling game that young people use in pursuit of sex and romance",
        "ts": "1484865726.000018"
    },
    {
        "type": "message",
        "user": "U2CU0JCGK",
        "text": "maybe that's what he's using it for",
        "ts": "1484865751.000019",
        "reactions": [
            {
                "name": "fire",
                "users": [
                    "U2D01HLT0",
                    "U2D08CYRK",
                    "U2CU0HV7D"
                ],
                "count": 3
            }
        ]
    },
    {
        "type": "message",
        "user": "U2D0CPE6M",
        "text": "Fun fact: Holden thinks 85% of value provided by AMF comes from development effects.  8% from decreasing over-5 mortality, and 7% under-5 mortality.",
        "edited": {
            "user": "U2D0CPE6M",
            "ts": "1484865803.000000"
        },
        "ts": "1484865781.000020"
    },
    {
        "type": "message",
        "user": "U2UPVPNTB",
        "text": "Robin Hanson is married, presumably happily",
        "ts": "1484865788.000021"
    },
    {
        "type": "message",
        "user": "U2CU0JCGK",
        "text": "Robin Hanson apparently promotes marriage and cheating. like actually.",
        "ts": "1484865809.000023",
        "reactions": [
            {
                "name": "question",
                "users": [
                    "U2UPVPNTB"
                ],
                "count": 1
            }
        ]
    },
    {
        "type": "message",
        "user": "U2UPVPNTB",
        "text": "Source?",
        "ts": "1484865818.000024"
    },
    {
        "type": "message",
        "user": "U2CU0JCGK",
        "text": "i'll try",
        "ts": "1484865835.000025"
    },
    {
        "type": "message",
        "user": "U2D0CPE6M",
        "text": "Me?",
        "ts": "1484865835.000026"
    },
    {
        "type": "message",
        "user": "U2UPVPNTB",
        "text": "Nah, the claim that Hanson promotes cheating",
        "ts": "1484865847.000027"
    },
    {
        "type": "message",
        "user": "U2UPVPNTB",
        "text": "clearly I should make a \"source?\" emoji",
        "ts": "1484865861.000028"
    },
    {
        "type": "message",
        "user": "U2D0CPE6M",
        "text": "Ugh get out of the EA channel",
        "ts": "1484865866.000029",
        "reactions": [
            {
                "name": "ok",
                "users": [
                    "U2D01HLT0"
                ],
                "count": 1
            }
        ]
    },
    {
        "type": "message",
        "user": "U2UPVPNTB",
        "text": "or just recruit the question mark",
        "ts": "1484865867.000030"
    },
    {
        "type": "message",
        "user": "U2D0CPE6M",
        "text": "(kurt don't leave me :cry: )",
        "ts": "1484865929.000031",
        "reactions": [
            {
                "name": "linked_paperclips",
                "users": [
                    "U2D01HLT0",
                    "U2D0CPE6M",
                    "U2CU0JCGK"
                ],
                "count": 3
            }
        ]
    },
    {
        "type": "message",
        "user": "U2D0CPE6M",
        "text": "&gt;We made three Incubation Grants to New Incentives for its conditional cash transfer program aimed at preventing mother-to-child transmission (PMTCT) of HIV and encouraging pregnant women to deliver in health facilities (e.g., rather than at home). We decided not to recommend New Incentives’ PMTCT and facility delivery program as a 2016 top charity due to insufficient evidence supporting the program, although we were impressed by the organization’s staff. We wrote about this decision at length in this blog post.\n\n&gt;*With our encouragement, New Incentives shifted its focus to a new program, conditional cash transfers to incentivize immunizations in Nigeria*. We’re planning to follow its work on this program as a potential future top charity, although we do not consider it likely to become a GiveWell-recommended charity in 2017.",
        "edited": {
            "user": "U2D0CPE6M",
            "ts": "1484875213.000000"
        },
        "ts": "1484875190.000032"
    },
    {
        "type": "message",
        "user": "U2D0CPE6M",
        "text": "&gt;Charity Science: Health was *founded by members of the effective altruism community with the explicit goal of creating a GiveWell top charity*. Charity Science: Health plans to send SMS text reminders for vaccinations due to the strong evidence base they see for this program in increasing immunization rates. Good Ventures made a grant of $200,000 to support the first year of the organization’s work in India.",
        "edited": {
            "user": "U2D0CPE6M",
            "ts": "1484875305.000000"
        },
        "ts": "1484875286.000034"
    },
    {
        "type": "message",
        "user": "U2D0CPE6M",
        "text": "v cool imo",
        "ts": "1484875309.000036"
    },
    {
        "type": "message",
        "user": "U2D08CYRK",
        "text": "Old School Holden:\n\n<http:\/\/blog.givewell.org\/2007\/04\/03\/charity-the-video-game-thats-real\/>",
        "attachments": [
            {
                "service_name": "The GiveWell Blog",
                "title": "Charity: The video game that's real - The GiveWell Blog",
                "title_link": "http:\/\/blog.givewell.org\/2007\/04\/03\/charity-the-video-game-thats-real\/",
                "text": "“How does helping people make you feel?” That’s what I’ve been asked, and my answer isn’t familiar from any publications on marketing or fundraising that I know of. When I was younger, I loved playing video games. Single-player video games, without anyone watching. I didn’t get anything for my virtual accomplishments – not appreciation, or... Read More",
                "fallback": "The GiveWell Blog: Charity: The video game that's real - The GiveWell Blog",
                "thumb_url": "http:\/\/blog.givewell.org\/images\/blog%202007%2004%2003.jpg",
                "ts": 1175615093,
                "from_url": "http:\/\/blog.givewell.org\/2007\/04\/03\/charity-the-video-game-thats-real\/",
                "thumb_width": 377,
                "thumb_height": 344,
                "service_icon": "http:\/\/blog.givewell.org\/favicon.ico",
                "id": 1
            }
        ],
        "ts": "1484890517.000037"
    }
]