[
    {
        "type": "message",
        "user": "U2D0CPE6M",
        "text": "<http:\/\/effective-altruism.com\/ea\/17o\/some_thoughts_on_public_discourse\/>",
        "attachments": [
            {
                "title": " Some Thoughts on Public Discourse - Effective Altruism Forum ",
                "title_link": "http:\/\/effective-altruism.com\/ea\/17o\/some_thoughts_on_public_discourse\/",
                "text": "Thanks to Ben Hoffman and several of my coworkers for reviewing a draft of this. It seems to me that there have been some disagreements lately in the effective",
                "fallback": " Some Thoughts on Public Discourse - Effective Altruism Forum ",
                "from_url": "http:\/\/effective-altruism.com\/ea\/17o\/some_thoughts_on_public_discourse\/",
                "service_name": "effective-altruism.com",
                "id": 1
            }
        ],
        "ts": "1487891188.000002"
    },
    {
        "type": "message",
        "user": "U2D0CPE6M",
        "text": "^ Holden on why he values public discourse less than he used to, and how best to get Open Phil to engage with your criticism.",
        "ts": "1487891370.000004"
    }
]