[
    {
        "type": "message",
        "user": "U2D0CPE6M",
        "text": "<http:\/\/www.openphilanthropy.org\/blog\/technical-and-philosophical-questions-might-affect-our-grantmaking#top>",
        "ts": "1488504136.000002",
        "reactions": [
            {
                "name": "heart",
                "users": [
                    "U2D08CYRK",
                    "U2D0K9866"
                ],
                "count": 2
            }
        ]
    },
    {
        "type": "message",
        "user": "U2D0CPE6M",
        "text": "^ Luke on some questions that Open Phil would like to explore or would like others in the community to explore.",
        "ts": "1488504168.000003"
    }
]