[
    {
        "type": "message",
        "user": "U2D0K9866",
        "text": "<http:\/\/www.nature.com\/news\/gene-drives-thwarted-by-emergence-of-resistant-organisms-1.21397>",
        "attachments": [
            {
                "service_name": "Nature News &amp; Comment",
                "title": "Gene drives thwarted by emergence of resistant organisms",
                "title_link": "http:\/\/www.nature.com\/news\/gene-drives-thwarted-by-emergence-of-resistant-organisms-1.21397",
                "text": "Until this obstacle is overcome, the technology is unlikely to succeed in the wild.",
                "fallback": "Nature News &amp; Comment: Gene drives thwarted by emergence of resistant organisms",
                "image_url": "http:\/\/www.nature.com\/polopoly_fs\/7.42037.1485875619!\/image\/GettyImages-543392278web.jpg_gen\/derivatives\/nature_homepage\/GettyImages-543392278web.jpg",
                "from_url": "http:\/\/www.nature.com\/news\/gene-drives-thwarted-by-emergence-of-resistant-organisms-1.21397",
                "image_width": 360,
                "image_height": 200,
                "image_bytes": 24903,
                "service_icon": "http:\/\/www.nature.com\/favicon.ico",
                "id": 1
            }
        ],
        "ts": "1485925192.000002"
    }
]