[
    {
        "type": "message",
        "user": "U2D0CPE6M",
        "text": "<http:\/\/lesswrong.com\/lw\/ox4\/effective_altruism_is_selfrecommending\/>",
        "attachments": [
            {
                "title": " Effective altruism is self-recommending - Less Wrong ",
                "title_link": "http:\/\/lesswrong.com\/lw\/ox4\/effective_altruism_is_selfrecommending\/",
                "text": "A parent I know reports (some details anonymized): Recently we bought my 3-year-old daughter a &amp;quot;behavior chart,&amp;quot; in which she can earn stickers for achievement",
                "fallback": " Effective altruism is self-recommending - Less Wrong ",
                "from_url": "http:\/\/lesswrong.com\/lw\/ox4\/effective_altruism_is_selfrecommending\/",
                "service_name": "lesswrong.com",
                "id": 1
            }
        ],
        "ts": "1495134408.554537"
    },
    {
        "type": "message",
        "user": "U2D0CPE6M",
        "text": "Long but really good",
        "ts": "1495134418.557922"
    },
    {
        "type": "message",
        "user": "U2D0CPE6M",
        "text": "My current favorite overview of problems in EA\/Givewell\/OPP",
        "ts": "1495134476.578438"
    },
    {
        "type": "message",
        "user": "U2D0CPE6M",
        "text": "(I don't know whether I buy the ponzi scheme analogy) (EDIT: Hmm, maybe I do)",
        "edited": {
            "user": "U2D0CPE6M",
            "ts": "1495134978.000000"
        },
        "ts": "1495134618.627585"
    },
    {
        "type": "message",
        "user": "U2D0CPE6M",
        "text": "From the bottom: \n```Summary\n\n1. Good programs don't need to distort the story people tell about them, while bad programs do.\n2. Moral confidence games – treating past promises and trust as a track record to justify more trust – are an example of the kind of distortion mentioned in (1), that benefits bad programs more than good ones.\n3. The Open Philanthropy Project's Open AI grant represents a shift from evaluating other programs' effectiveness, to assuming its own effectiveness.\n4. EA Funds represents a shift from EA evaluating programs' effectiveness, to assuming EA's effectiveness.\n5. A shift from evaluating other programs' effectiveness, to assuming one's own effectiveness, is an example of the kind of \"moral confidence game\" mentioned in (2).\n6. EA ought to focus on scope-limited projects, so that it can directly make the case for those particular projects instead of relying on EA identity as a reason to support an EA organization.\n7. EA organizations ought to entrust more responsibility to outsiders who seem to be doing good things but don't overtly identify as EA, instead of trying to keep it all in the family.```",
        "edited": {
            "user": "U2D0CPE6M",
            "ts": "1495134925.000000"
        },
        "ts": "1495134882.717581"
    },
    {
        "type": "message",
        "user": "U2D0CPE6M",
        "text": "(does not replace reading or skimming the essay)",
        "ts": "1495134937.736493"
    }
]