[
    {
        "type": "message",
        "user": "U2D0CPE6M",
        "text": "<http:\/\/www.openphilanthropy.org\/focus\/global-catastrophic-risks\/potential-risks-advanced-artificial-intelligence\/future-humanity-institute-general-support>",
        "ts": "1488843416.000002"
    },
    {
        "type": "message",
        "user": "U2D0CPE6M",
        "text": "1.9 million for FHI",
        "ts": "1488843437.000003",
        "reactions": [
            {
                "name": "heart",
                "users": [
                    "U2D0K9866"
                ],
                "count": 1
            }
        ]
    }
]