[
    {
        "type": "message",
        "user": "U2D0K9866",
        "text": "400k is a fair bit considering the paltry budgets of some cooler stuff ",
        "ts": "1486153597.000003"
    },
    {
        "type": "message",
        "user": "U2D0CPE6M",
        "text": "Yeah, that's fair.",
        "ts": "1486154541.000004"
    },
    {
        "type": "message",
        "user": "U2D0CPE6M",
        "text": "Only 8% of donors reported that their donations would have otherwise gone to support organizations in developed countries.  I imagine that the number is higher for people who found the site through lesswrong, but I'm not sure how much higher.",
        "ts": "1486154614.000005"
    },
    {
        "type": "message",
        "user": "U2D0CPE6M",
        "text": "I'm going to ask them whether they can pass me the data, or check that number for me.",
        "ts": "1486154633.000006"
    },
    {
        "type": "message",
        "user": "U2D0CPE6M",
        "text": "The true number could be much higher than 400k :confused:",
        "ts": "1486155541.000007"
    },
    {
        "type": "message",
        "user": "U2D0CPE6M",
        "text": "Oh, other interesting fact: of the 40 million dollars moved by Givewell, not counting grants by Good Ventures, over half was from donors who gave over $1 million.",
        "ts": "1486155751.000008"
    },
    {
        "type": "message",
        "user": "U2CU0HV7D",
        "text": "Power laws",
        "ts": "1486157908.000009"
    }
]