[
    {
        "type": "message",
        "user": "U2D0CPE6M",
        "text": "<http:\/\/www.openphilanthropy.org\/focus\/scientific-research\/miscellaneous\/target-malaria-general-support>\n\nOpen Phil just gave 17 mil to an org working on gene drives, and another million in a related grant for the cryopreservation and reanimation of mosquito larvae",
        "ts": "1495048732.216610",
        "reactions": [
            {
                "name": "+1",
                "users": [
                    "U2D0C4SH5",
                    "U2D0K9866",
                    "U2UPVPNTB",
                    "U2D026HHN"
                ],
                "count": 4
            }
        ]
    }
]