[
    {
        "type": "message",
        "user": "U2D0CPE6M",
        "text": "<http:\/\/blog.givewell.org\/2017\/01\/04\/how-thin-the-reed-generalizing-from-worms-at-work\/>",
        "attachments": [
            {
                "service_name": "The GiveWell Blog",
                "title": "How thin the reed? Generalizing from \"Worms at Work\" - The GiveWell Blog",
                "title_link": "http:\/\/blog.givewell.org\/2017\/01\/04\/how-thin-the-reed-generalizing-from-worms-at-work\/",
                "text": "Hookworm (AJC1\/flickr) My last post explains why I largely trust the most famous school-based deworming experiment, in particular the report in Worms at Work about its long-term benefits. That post also gives background on the deworming debate, so please read it first. In this post, I’ll talk about the problem of generalization. If deworming in southern Busia... Read More",
                "fallback": "The GiveWell Blog: How thin the reed? Generalizing from \"Worms at Work\" - The GiveWell Blog",
                "thumb_url": "http:\/\/blog.givewell.org\/wp-content\/uploads\/2016\/12\/2535649627_9f68101e2c_o.jpg",
                "ts": 1483540663,
                "from_url": "http:\/\/blog.givewell.org\/2017\/01\/04\/how-thin-the-reed-generalizing-from-worms-at-work\/",
                "thumb_width": 240,
                "thumb_height": 240,
                "service_icon": "http:\/\/blog.givewell.org\/favicon.ico",
                "id": 1
            }
        ],
        "ts": "1486090457.000002"
    },
    {
        "type": "message",
        "user": "U2D0CPE6M",
        "text": "data science!",
        "ts": "1486090462.000004"
    },
    {
        "type": "message",
        "subtype": "file_share",
        "text": "<@U2D0CPE6M> shared a file: <https:\/\/theeventhorizon.slack.com\/files\/U2D0CPE6M\/F40G21WLV\/givewell_metrics_report_2015.pdf|GiveWell Metrics Report 2015.pdf>",
        "file": {
            "id": "F40G21WLV",
            "created": 1486092851,
            "timestamp": 1486092851,
            "name": "GiveWell Metrics Report 2015.pdf",
            "title": "GiveWell Metrics Report 2015.pdf",
            "mimetype": "application\/pdf",
            "filetype": "pdf",
            "pretty_type": "PDF",
            "user": "U2D0CPE6M",
            "editable": false,
            "size": 970040,
            "mode": "external",
            "is_external": true,
            "external_type": "gdrive",
            "is_public": true,
            "public_url_shared": false,
            "display_as_bot": false,
            "username": "",
            "url_private": "https:\/\/drive.google.com\/file\/d\/0B8ompSd8S_anakRyR0p4bkNsRWM\/view",
            "permalink": "https:\/\/theeventhorizon.slack.com\/files\/U2D0CPE6M\/F40G21WLV\/givewell_metrics_report_2015.pdf",
            "channels": [],
            "groups": [],
            "ims": [],
            "comments_count": 0,
            "has_rich_preview": false
        },
        "user": "U2D0CPE6M",
        "upload": false,
        "display_as_bot": false,
        "username": "quincy",
        "bot_id": null,
        "ts": "1486092850.000006"
    },
    {
        "type": "message",
        "user": "U2D0CPE6M",
        "text": "My impression is that Givewell is not significantly shifting money away from cooler stuff.",
        "ts": "1486092928.000008"
    },
    {
        "type": "message",
        "user": "U2D0CPE6M",
        "text": "Though 400k was donated by people who found Givewell through LessWrong.",
        "ts": "1486092957.000009"
    },
    {
        "type": "message",
        "user": "U2D0CPE6M",
        "text": "See pages 10-13 for more info",
        "ts": "1486093023.000010"
    },
    {
        "type": "message",
        "user": "U2D0CPE6M",
        "text": "Open Phil gave 32k to AI Impacts (<http:\/\/www.openphilanthropy.org\/focus\/global-catastrophic-risks\/potential-risks-advanced-artificial-intelligence\/ai-impacts-general-support>)",
        "ts": "1486093325.000011"
    },
    {
        "type": "message",
        "user": "U2D0CPE6M",
        "text": "(granted in December but just publicized now, I guess)",
        "ts": "1486093353.000012"
    }
]