[
    {
        "type": "message",
        "user": "U2D0CPE6M",
        "text": "<http:\/\/effective-altruism.com\/ea\/174\/introducing_the_ea_funds\/>",
        "attachments": [
            {
                "title": " Introducing the EA Funds - Effective Altruism Forum ",
                "title_link": "http:\/\/effective-altruism.com\/ea\/174\/introducing_the_ea_funds\/",
                "text": "This post introduces a new project that CEA is working on, which we’re calling the Effective Altruism Funds. Some details about this idea are below. We’d really",
                "fallback": " Introducing the EA Funds - Effective Altruism Forum ",
                "from_url": "http:\/\/effective-altruism.com\/ea\/174\/introducing_the_ea_funds\/",
                "service_name": "effective-altruism.com",
                "id": 1
            }
        ],
        "ts": "1487094555.000002"
    }
]