[
    {
        "type": "message",
        "user": "U2D0CPE6M",
        "text": "\"Mentioned to my manager something that I'd be really excited to work on but that I didn't think the org was interested in; he was really supportive and interested and open to the idea of me working on it in the medium future if we both thought it was a good idea. Most of all he was excited about my excitement, more so than I'd expected. \n\n(This is now the second time this has happened, so probably I should just update to be more willing to raise this kind of thing)\"",
        "edited": {
            "user": "U2D0CPE6M",
            "ts": "1490928069.000000"
        },
        "ts": "1490928050.819146"
    },
    {
        "type": "message",
        "user": "U2D0CPE6M",
        "text": "- Helen",
        "ts": "1490928055.819703"
    },
    {
        "type": "message",
        "user": "U2D08CYRK",
        "text": "nice! wonder what it was",
        "ts": "1490928191.835243"
    }
]