[
    {
        "type": "message",
        "user": "U2D0CPE6M",
        "text": "<http:\/\/www.openphilanthropy.org\/focus\/global-catastrophic-risks\/potential-risks-advanced-artificial-intelligence\/openai-general-support>",
        "ts": "1490996118.197523"
    },
    {
        "type": "message",
        "user": "U2D0CPE6M",
        "text": "30 million to open ai",
        "ts": "1490996125.199075"
    },
    {
        "type": "message",
        "user": "U2D0CPE6M",
        "text": "....",
        "ts": "1490996127.199662"
    },
    {
        "type": "message",
        "user": "U2UPVPNTB",
        "text": "#helping",
        "ts": "1490996175.210359"
    },
    {
        "type": "message",
        "user": "U2D0CPE6M",
        "text": "Hmm, actually... Reading the grant, I'm a bit more optimistic.",
        "ts": "1490996243.225349"
    },
    {
        "type": "message",
        "user": "U2D0CPE6M",
        "text": "\"Holden plans to visit OpenAI roughly once a week for all-hands and other meetings. Preliminarily, he expects to generally be an advocate for:\n\nEncouraging work on alignment research, to the extent that there is promising work to be done.\nIntensive analysis of potential future policy challenges with respect to AI (we expect to publish more on this topic in the future).\nFocusing on high-quality basic research.\nWe also believe we are well-positioned to help improve connections between OpenAI and groups in the risk-focused AI community, such as the Future of Humanity Institute (FHI) (which is also an Open Philanthropy grantee).\"",
        "ts": "1490996275.232512"
    },
    {
        "type": "message",
        "user": "U2UPVPNTB",
        "text": "Right, Holden being on the board and being there seems strong",
        "ts": "1490996293.236158",
        "reactions": [
            {
                "name": "+1",
                "users": [
                    "U2D0K9866"
                ],
                "count": 1
            }
        ]
    },
    {
        "type": "message",
        "user": "U2D0CPE6M",
        "text": "Key questions for follow-up will include:\n\nHas our partnership resulted in concrete differences in OpenAI’s activities and\/or changes in our thinking?\nDoes OpenAI still seem to be one of the few leading AI research groups, in terms of talent and likelihood of making progress toward transformative AI?\nHow well-aligned are we with OpenAI’s leadership on key issues relating to potential risks from advanced AI?",
        "ts": "1490996302.238191"
    },
    {
        "type": "message",
        "user": "U2D0CPE6M",
        "text": "lol: OpenAI researchers Dario Amodei and Paul Christiano are both technical advisors to Open Philanthropy and live in the same house as Holden. In addition, Holden is engaged to Dario’s sister Daniela.",
        "ts": "1490996315.241132"
    },
    {
        "type": "message",
        "user": "U2D0CPE6M",
        "text": "We think this cause will be disproportionately important if it turns out that transformative AI is developed sooner than expected (within 20 years, or perhaps even sooner). And if that happens, we think it’s fairly likely that OpenAI will be an extraordinarily important organization, with far more influence over how things play out than organizations that focus exclusively on risk reduction and do not advance the state of the art.",
        "ts": "1490996330.244389"
    },
    {
        "type": "message",
        "user": "U2UPVPNTB",
        "text": "I think that's actually less in the way of ties than the MIRI announcement?",
        "ts": "1490996343.247253"
    },
    {
        "type": "message",
        "user": "U2D0CPE6M",
        "text": "But engaged!",
        "ts": "1490996356.249959"
    },
    {
        "type": "message",
        "user": "U2UPVPNTB",
        "text": "marrying to give :stuck_out_tongue:",
        "ts": "1490996376.254324",
        "reactions": [
            {
                "name": "heart",
                "users": [
                    "U2D0CPE6M",
                    "U2D0K9866",
                    "U3K49B8H0"
                ],
                "count": 3
            }
        ]
    },
    {
        "type": "message",
        "user": "U2D0CPE6M",
        "text": "\"When OpenAI launched, it characterized the nature of the risks - and the most appropriate strategies for reducing them - in a way that we disagreed with. In particular, *it emphasized the importance of distributing AI broadly; our current view is that this may turn out to be a promising strategy for reducing potential risks, but that the opposite may also turn out to be true* (for example, if it ends up being important for institutions to keep some major breakthroughs secure to prevent misuse and\/or to prevent accidents). *Since then, OpenAI has put out more recent content consistent with the latter view*, and we are no longer aware of any clear disagreements. However, it does seem that our starting assumptions and biases on this topic are likely to be different from those of OpenAI’s leadership, and we won’t be surprised if there are disagreements in the future.\"",
        "ts": "1490996897.367043"
    },
    {
        "type": "message",
        "user": "U2UPVPNTB",
        "text": "also <@U2D0CPE6M> thanks for pointing this out, we just spent the last ~20 minutes talking about it and Rob just tweeted about it",
        "ts": "1490998921.766177"
    },
    {
        "type": "message",
        "user": "U2D01HAA2",
        "text": "New FHI safety paper, \"On the Impossibility of Supersized Machines\" <https:\/\/philpapers.org\/archive\/GAROTI-3.pdf>",
        "ts": "1491021785.677561",
        "reactions": [
            {
                "name": "laughing",
                "users": [
                    "U2D0K9866"
                ],
                "count": 1
            }
        ]
    }
]