[
    {
        "type": "message",
        "user": "U2D0CPE6M",
        "text": "Some givewell fermi estimates on prioritization among “normal person” causes: <https:\/\/docs.google.com\/document\/d\/1DTl4TYaTPMAtwQTju9PZmxKhZTCh6nmi-Vh8cnSgYak\/edit#heading=h.4wt6yp864jcq>",
        "ts": "1486803962.000002"
    },
    {
        "type": "message",
        "subtype": "file_share",
        "text": "<@U2D0CPE6M> shared a file: <https:\/\/theeventhorizon.slack.com\/files\/U2D0CPE6M\/F43EUR0L8\/alexander_s_back_of_the_envelope____importance____calculations|Alexander's back of the envelope “importance” calculations>",
        "file": {
            "id": "F43EUR0L8",
            "created": 1486803964,
            "timestamp": 1486803964,
            "name": "Alexander's back of the envelope “importance” calculations",
            "title": "Alexander's back of the envelope “importance” calculations",
            "mimetype": "application\/vnd.google-apps.document",
            "filetype": "gdoc",
            "pretty_type": "GDocs Document",
            "user": "U2D0CPE6M",
            "editable": false,
            "size": 35835,
            "mode": "external",
            "is_external": true,
            "external_type": "gdrive",
            "is_public": true,
            "public_url_shared": false,
            "display_as_bot": false,
            "username": "",
            "url_private": "https:\/\/docs.google.com\/document\/d\/1DTl4TYaTPMAtwQTju9PZmxKhZTCh6nmi-Vh8cnSgYak\/edit#heading=h.4wt6yp864jcq",
            "thumb_64": "https:\/\/slack.com\/img\/files\/gdoc_64.v.png",
            "thumb_360": "https:\/\/a.slack-edge.com\/b008f\/img\/files\/gdraw_360.png",
            "thumb_360_w": 360,
            "thumb_360_h": 167,
            "permalink": "https:\/\/theeventhorizon.slack.com\/files\/U2D0CPE6M\/F43EUR0L8\/alexander_s_back_of_the_envelope____importance____calculations",
            "channels": [],
            "groups": [],
            "ims": [],
            "comments_count": 0,
            "has_rich_preview": false
        },
        "user": "U2D0CPE6M",
        "upload": false,
        "display_as_bot": false,
        "username": "quincy",
        "bot_id": null,
        "ts": "1486803963.000003"
    },
    {
        "type": "message",
        "user": "U2CU0HV7D",
        "text": "Can you send that to the normal person slack",
        "ts": "1486804393.000004"
    },
    {
        "type": "message",
        "user": "U2CU0HV7D",
        "text": "Just kidding, that's super cool and I've wanted to make it for a long time",
        "ts": "1486804478.000005"
    },
    {
        "type": "message",
        "user": "U2D0CPE6M",
        "text": "Very good post on the challenges givewell faces, the strengths and weaknesses of its recommendations, and general thoughts on altruism: <http:\/\/blog.givewell.org\/2013\/12\/10\/obstacles-to-giving-as-consumption\/>",
        "attachments": [
            {
                "service_name": "The GiveWell Blog",
                "title": "Obstacles to \"giving as consumption\" - The GiveWell Blog",
                "title_link": "http:\/\/blog.givewell.org\/2013\/12\/10\/obstacles-to-giving-as-consumption\/",
                "text": "GiveWell’s traditional work (the work behind our current top charities) and our work on GiveWell Labs reflect two very different visions of giving. The first, giving as consumption, sees giving as analogous to making a purchase. For every $X one spends, one gets some desirable outcome (such as a life saved), and the goal is... Read More",
                "fallback": "The GiveWell Blog: Obstacles to \"giving as consumption\" - The GiveWell Blog",
                "thumb_url": "http:\/\/www.givewell.org\/files\/images\/givewell_fb_logo.jpg",
                "ts": 1386686580,
                "from_url": "http:\/\/blog.givewell.org\/2013\/12\/10\/obstacles-to-giving-as-consumption\/",
                "thumb_width": 1200,
                "thumb_height": 630,
                "service_icon": "http:\/\/blog.givewell.org\/favicon.ico",
                "id": 1
            }
        ],
        "ts": "1486805517.000006"
    }
]