[
    {
        "user": "U3K49B8H0",
        "text": "<@U3K49B8H0> has joined the channel",
        "type": "message",
        "subtype": "channel_join",
        "ts": "1499895246.909873"
    },
    {
        "user": "U2D026HHN",
        "inviter": "U3K49B8H0",
        "text": "<@U2D026HHN> has joined the channel",
        "type": "message",
        "subtype": "channel_join",
        "ts": "1499895246.910147"
    },
    {
        "user": "U2D01HLT0",
        "inviter": "U3K49B8H0",
        "text": "<@U2D01HLT0> has joined the channel",
        "type": "message",
        "subtype": "channel_join",
        "ts": "1499895246.910183"
    },
    {
        "user": "U2D0C4SH5",
        "inviter": "U3K49B8H0",
        "text": "<@U2D0C4SH5> has joined the channel",
        "type": "message",
        "subtype": "channel_join",
        "ts": "1499895246.910205"
    },
    {
        "user": "U4F57EN2F",
        "inviter": "U3K49B8H0",
        "text": "<@U4F57EN2F> has joined the channel",
        "type": "message",
        "subtype": "channel_join",
        "ts": "1499895247.910232"
    },
    {
        "user": "U2CU0JCGK",
        "inviter": "U3K49B8H0",
        "text": "<@U2CU0JCGK> has joined the channel",
        "type": "message",
        "subtype": "channel_join",
        "ts": "1499895247.910264"
    },
    {
        "user": "U5EPK7WET",
        "inviter": "U3K49B8H0",
        "text": "<@U5EPK7WET> has joined the channel",
        "type": "message",
        "subtype": "channel_join",
        "ts": "1499895247.910298"
    },
    {
        "user": "U66RE79JS",
        "inviter": "U3K49B8H0",
        "text": "<@U66RE79JS> has joined the channel",
        "type": "message",
        "subtype": "channel_join",
        "ts": "1499895247.910340"
    },
    {
        "user": "U648CNV1C",
        "inviter": "U3K49B8H0",
        "text": "<@U648CNV1C> has joined the channel",
        "type": "message",
        "subtype": "channel_join",
        "ts": "1499895247.910367"
    },
    {
        "user": "U5ZV6L94G",
        "inviter": "U3K49B8H0",
        "text": "<@U5ZV6L94G> has joined the channel",
        "type": "message",
        "subtype": "channel_join",
        "ts": "1499895247.910397"
    },
    {
        "user": "U5JAER38Q",
        "inviter": "U3K49B8H0",
        "text": "<@U5JAER38Q> has joined the channel",
        "type": "message",
        "subtype": "channel_join",
        "ts": "1499895247.910428"
    },
    {
        "user": "U614WV9NC",
        "inviter": "U3K49B8H0",
        "text": "<@U614WV9NC> has joined the channel",
        "type": "message",
        "subtype": "channel_join",
        "ts": "1499895247.910457"
    },
    {
        "user": "U5ZSLKXPB",
        "inviter": "U3K49B8H0",
        "text": "<@U5ZSLKXPB> has joined the channel",
        "type": "message",
        "subtype": "channel_join",
        "ts": "1499895247.910496"
    },
    {
        "user": "U2J7GJ50Q",
        "inviter": "U3K49B8H0",
        "text": "<@U2J7GJ50Q> has joined the channel",
        "type": "message",
        "subtype": "channel_join",
        "ts": "1499895247.910533"
    },
    {
        "user": "U2GK97M1A",
        "inviter": "U3K49B8H0",
        "text": "<@U2GK97M1A> has joined the channel",
        "type": "message",
        "subtype": "channel_join",
        "ts": "1499895247.910559"
    },
    {
        "type": "message",
        "user": "U2D0C4SH5",
        "text": ":+1:",
        "thread_ts": "1499895277.924327",
        "reply_count": 1,
        "replies": [
            {
                "user": "U3K49B8H0",
                "ts": "1499895329.948526"
            }
        ],
        "unread_count": 1,
        "ts": "1499895277.924327"
    },
    {
        "type": "message",
        "user": "U3K49B8H0",
        "text": "<!channel> Yo! Today is Dima's birthday! Who would like to throw a party tonight??",
        "ts": "1499895285.927677",
        "reactions": [
            {
                "name": "violin",
                "users": [
                    "U3K49B8H0"
                ],
                "count": 1
            }
        ]
    },
    {
        "type": "message",
        "user": "U3K49B8H0",
        "text": "is Eric or Vaniver away?",
        "thread_ts": "1499895277.924327",
        "parent_user_id": "U2D0C4SH5",
        "ts": "1499895329.948526"
    },
    {
        "type": "message",
        "user": "U614WV9NC",
        "text": "Isn't there a consciousness report reading thing tonight?",
        "thread_ts": "1499895983.230519",
        "reply_count": 2,
        "replies": [
            {
                "user": "U3K49B8H0",
                "ts": "1499896316.366662"
            },
            {
                "user": "U2D026HHN",
                "ts": "1499897539.836597"
            }
        ],
        "unread_count": 2,
        "ts": "1499895983.230519",
        "reactions": [
            {
                "name": "thinking_face",
                "users": [
                    "U3K49B8H0"
                ],
                "count": 1
            }
        ]
    },
    {
        "type": "message",
        "user": "U614WV9NC",
        "text": "Not sure whether dima was planning to be at it",
        "ts": "1499895989.232886"
    },
    {
        "type": "message",
        "user": "U3K49B8H0",
        "text": "I can't seem to find wind of such a thing; know where we might find out whether it's happening?",
        "thread_ts": "1499895983.230519",
        "parent_user_id": "U614WV9NC",
        "ts": "1499896316.366662"
    },
    {
        "type": "message",
        "user": "U2D026HHN",
        "text": "Rox is reading through Luke's report on consciousness today at 7 and invited people from EH to join, not sure how long it'll be <@U5ZV6L94G> ",
        "thread_ts": "1499895983.230519",
        "parent_user_id": "U614WV9NC",
        "ts": "1499897539.836597"
    },
    {
        "type": "message",
        "user": "U2D026HHN",
        "text": "Im down! Won't be home until 1030 though ",
        "ts": "1499897565.845357"
    },
    {
        "type": "message",
        "user": "U2GK97M1A",
        "text": "Also, <@U3K49B8H0>, you didn’t make this channel private",
        "ts": "1499897669.881124",
        "reactions": [
            {
                "name": "sweat_smile",
                "users": [
                    "U3K49B8H0"
                ],
                "count": 1
            }
        ]
    },
    {
        "user": "U3K49B8H0",
        "old_name": "dima-birthday-party",
        "name": "obfuscation-penguin",
        "text": "<@U3K49B8H0> has renamed the channel from \"dima-birthday-party\" to \"obfuscation-penguin\"",
        "type": "message",
        "subtype": "channel_name",
        "ts": "1499898545.172759"
    },
    {
        "user": "U3K49B8H0",
        "text": "<@U3K49B8H0> archived the channel",
        "type": "message",
        "subtype": "channel_archive",
        "ts": "1499898552.175000"
    }
]