[
    {
        "user": "U2D08CYRK",
        "text": "<@U2D08CYRK> has joined the channel",
        "type": "message",
        "subtype": "channel_join",
        "ts": "1476734241.000002"
    },
    {
        "user": "U29QA5RU3",
        "inviter": "U2D08CYRK",
        "text": "<@U29QA5RU3> has joined the channel",
        "type": "message",
        "subtype": "channel_join",
        "ts": "1476734418.000003"
    },
    {
        "user": "U2D01HLT0",
        "inviter": "U2D08CYRK",
        "text": "<@U2D01HLT0> has joined the channel",
        "type": "message",
        "subtype": "channel_join",
        "ts": "1476734418.000004"
    },
    {
        "user": "U2D0CPE6M",
        "inviter": "U2D08CYRK",
        "text": "<@U2D0CPE6M> has joined the channel",
        "type": "message",
        "subtype": "channel_join",
        "ts": "1476734418.000005"
    },
    {
        "user": "U2D026HHN",
        "inviter": "U2D08CYRK",
        "text": "<@U2D026HHN> has joined the channel",
        "type": "message",
        "subtype": "channel_join",
        "ts": "1476734418.000006"
    },
    {
        "user": "U2D0K9866",
        "inviter": "U2D08CYRK",
        "text": "<@U2D0K9866> has joined the channel",
        "type": "message",
        "subtype": "channel_join",
        "ts": "1476734418.000007"
    },
    {
        "type": "message",
        "user": "U2D08CYRK",
        "text": "My closet hanger rod broke. $100 to whoever fixes it \/ gets me a new one",
        "ts": "1476734428.000008"
    },
    {
        "type": "message",
        "user": "U2D08CYRK",
        "text": "(cost of new rod comes out of the $100)",
        "ts": "1476734462.000009"
    },
    {
        "type": "message",
        "user": "U2D08CYRK",
        "text": "*This job has been completed by <@U2D01HLT0>*",
        "ts": "1476766093.000002"
    },
    {
        "user": "U2CU0HV7D",
        "text": "<@U2CU0HV7D> has joined the channel",
        "type": "message",
        "subtype": "channel_join",
        "ts": "1476767648.000003"
    }
]