[
    {
        "type": "message",
        "user": "U2D0K9866",
        "text": "A) I plan to manually sort through the database of articles about AI x-risk to get a better sense for the distribution and frequency of the different types of risk skeptic arguments. I'd love to get a better handle on the reasons people aren't concerned about this. I haven't finished figuring out the methodology, and may not until next week, but when I do I'm willing to pay $15\/hour for up to ten hours to anyone willing to help me do this. I know that's not much, but I do think this is actually important work to be done - RAZ and CFAR, for example, were initially designed primarily to help combat the kind of reasoning errors that lead people to not take AI risk seriously, but afaict our current collective estimates of the content and frequency of such reasoning errors is based entirely on anecdata. I think it would be helpful to quantify it. \n\nB) I plan to continue tutoring for 1 day\/week for at least six months, since afaict it's the highest-paying epically flexible part-time work I'm qualified to do. Now that I'm doing it this infrequently, there are fewer reasons for me to teach through an intermediary; the primary remaining reason is that I'm able to teach reading but not math, and most students want help with both. It occurred to me that I live with many people who are 1) excellent at math 2) broke and 3) looking for part-time work. If anyone is interested teaming up with me on this to teach students one day\/week, I think we could probably earn ~$50-60\/hour. I've done this enough now that I have a pretty good sense of what my partner(s) would need in terms of materials and so on. This is pretty easy work - since students spend most of the time taking tests, I'm typically able to read for at least half the time I'm working. I figure we could invite students over to the 2f desks. Lmk if you're interested.",
        "ts": "1480964389.000002"
    },
    {
        "type": "message",
        "user": "U2D01HLT0",
        "text": "B) tepidly interested",
        "ts": "1480965145.000003"
    },
    {
        "type": "message",
        "user": "U2D026HHN",
        "text": "Highly interested in both ",
        "ts": "1480968437.000004"
    },
    {
        "type": "message",
        "user": "U2D0K9866",
        "text": "<@U2D026HHN>: great! Will lyk next week when I figure out more ",
        "ts": "1480973279.000005"
    },
    {
        "type": "message",
        "user": "U2CU0HV7D",
        "text": "I did a fair amount of cataloging the first thing back when I was writing a persuasive piece on AI in college and trying to debunk all the fallacies, so I might be able to add ideas to that (and would also volunteer 10+ hours)",
        "ts": "1480979886.000006"
    }
]