[
    {
        "type": "message",
        "subtype": "file_share",
        "text": "<@U2D0K9866> uploaded a file: <https:\/\/theeventhorizon.slack.com\/files\/U2D0K9866\/F663CH18C\/screen_shot_2017-07-09_at_3.32.55_pm.jpg|Screen Shot 2017-07-09 at 3.32.55 PM.jpg>",
        "file": {
            "id": "F663CH18C",
            "created": 1499639595,
            "timestamp": 1499639595,
            "name": "Screen Shot 2017-07-09 at 3.32.55 PM.jpg",
            "title": "Screen Shot 2017-07-09 at 3.32.55 PM.jpg",
            "mimetype": "image\/jpeg",
            "filetype": "jpg",
            "pretty_type": "JPEG",
            "user": "U2D0K9866",
            "editable": false,
            "size": 190806,
            "mode": "hosted",
            "is_external": false,
            "external_type": "",
            "is_public": true,
            "public_url_shared": false,
            "display_as_bot": false,
            "username": "",
            "url_private": "https:\/\/files.slack.com\/files-pri\/T29RXEZQV-F663CH18C\/screen_shot_2017-07-09_at_3.32.55_pm.jpg?t=xoxe-77881509845-278458240181-277799076385-f7aff9668b2352bc9174110ca96b42af",
            "url_private_download": "https:\/\/files.slack.com\/files-pri\/T29RXEZQV-F663CH18C\/download\/screen_shot_2017-07-09_at_3.32.55_pm.jpg?t=xoxe-77881509845-278458240181-277799076385-f7aff9668b2352bc9174110ca96b42af",
            "thumb_64": "https:\/\/files.slack.com\/files-tmb\/T29RXEZQV-F663CH18C-3d649929f2\/screen_shot_2017-07-09_at_3.32.55_pm_64.jpg?t=xoxe-77881509845-278458240181-277799076385-f7aff9668b2352bc9174110ca96b42af",
            "thumb_80": "https:\/\/files.slack.com\/files-tmb\/T29RXEZQV-F663CH18C-3d649929f2\/screen_shot_2017-07-09_at_3.32.55_pm_80.jpg?t=xoxe-77881509845-278458240181-277799076385-f7aff9668b2352bc9174110ca96b42af",
            "thumb_360": "https:\/\/files.slack.com\/files-tmb\/T29RXEZQV-F663CH18C-3d649929f2\/screen_shot_2017-07-09_at_3.32.55_pm_360.jpg?t=xoxe-77881509845-278458240181-277799076385-f7aff9668b2352bc9174110ca96b42af",
            "thumb_360_w": 360,
            "thumb_360_h": 298,
            "thumb_480": "https:\/\/files.slack.com\/files-tmb\/T29RXEZQV-F663CH18C-3d649929f2\/screen_shot_2017-07-09_at_3.32.55_pm_480.jpg?t=xoxe-77881509845-278458240181-277799076385-f7aff9668b2352bc9174110ca96b42af",
            "thumb_480_w": 480,
            "thumb_480_h": 397,
            "thumb_160": "https:\/\/files.slack.com\/files-tmb\/T29RXEZQV-F663CH18C-3d649929f2\/screen_shot_2017-07-09_at_3.32.55_pm_160.jpg?t=xoxe-77881509845-278458240181-277799076385-f7aff9668b2352bc9174110ca96b42af",
            "thumb_720": "https:\/\/files.slack.com\/files-tmb\/T29RXEZQV-F663CH18C-3d649929f2\/screen_shot_2017-07-09_at_3.32.55_pm_720.jpg?t=xoxe-77881509845-278458240181-277799076385-f7aff9668b2352bc9174110ca96b42af",
            "thumb_720_w": 720,
            "thumb_720_h": 595,
            "thumb_800": "https:\/\/files.slack.com\/files-tmb\/T29RXEZQV-F663CH18C-3d649929f2\/screen_shot_2017-07-09_at_3.32.55_pm_800.jpg?t=xoxe-77881509845-278458240181-277799076385-f7aff9668b2352bc9174110ca96b42af",
            "thumb_800_w": 800,
            "thumb_800_h": 661,
            "thumb_960": "https:\/\/files.slack.com\/files-tmb\/T29RXEZQV-F663CH18C-3d649929f2\/screen_shot_2017-07-09_at_3.32.55_pm_960.jpg?t=xoxe-77881509845-278458240181-277799076385-f7aff9668b2352bc9174110ca96b42af",
            "thumb_960_w": 960,
            "thumb_960_h": 793,
            "thumb_1024": "https:\/\/files.slack.com\/files-tmb\/T29RXEZQV-F663CH18C-3d649929f2\/screen_shot_2017-07-09_at_3.32.55_pm_1024.jpg?t=xoxe-77881509845-278458240181-277799076385-f7aff9668b2352bc9174110ca96b42af",
            "thumb_1024_w": 1024,
            "thumb_1024_h": 846,
            "image_exif_rotation": 1,
            "original_w": 1072,
            "original_h": 886,
            "permalink": "https:\/\/theeventhorizon.slack.com\/files\/U2D0K9866\/F663CH18C\/screen_shot_2017-07-09_at_3.32.55_pm.jpg",
            "permalink_public": "https:\/\/slack-files.com\/T29RXEZQV-F663CH18C-75fd600593",
            "channels": [],
            "groups": [],
            "ims": [],
            "comments_count": 0
        },
        "user": "U2D0K9866",
        "upload": true,
        "display_as_bot": false,
        "username": "adam",
        "bot_id": null,
        "ts": "1499639598.581377"
    }
]