[
    {
        "type": "message",
        "user": "U2D0K9866",
        "text": "anti-antibiotic resistance org seeks dev <http:\/\/www.accurx.com\/join-our-team>",
        "attachments": [
            {
                "title": "accuRx",
                "title_link": "http:\/\/www.accurx.com\/join-our-team",
                "text": "Eliminating inappropriate antibiotic use through technology.",
                "fallback": "accuRx",
                "thumb_url": "https:\/\/res.cloudinary.com\/hrscywv4p\/image\/upload\/c_limit,h_630,w_1200\/v1\/818604\/Screen_Shot_2016-09-03_at_10.54.40_liabjy.png",
                "from_url": "http:\/\/www.accurx.com\/join-our-team",
                "thumb_width": 772,
                "thumb_height": 630,
                "service_icon": "http:\/\/www.accurx.com\/favicon.ico",
                "service_name": "accurx.com",
                "id": 1
            }
        ],
        "ts": "1487465264.000002"
    }
]