[
    {
        "type": "message",
        "user": "U2D026HHN",
        "text": "my friend pointed me to this: <http:\/\/www.greylock.com\/greylock-u\/>",
        "ts": "1492970517.517647"
    },
    {
        "type": "message",
        "user": "U2D026HHN",
        "text": "connects software engineers\/data scientists with companies looking for those roles. Really simple application process.",
        "ts": "1492970547.519881",
        "reactions": [
            {
                "name": "gear",
                "users": [
                    "U2D01HLT0"
                ],
                "count": 1
            },
            {
                "name": "cool",
                "users": [
                    "U2D01HLT0"
                ],
                "count": 1
            }
        ]
    }
]