[
    {
        "type": "message",
        "user": "U2CU0HV7D",
        "text": "Sewing shut a hole in my jeans, not sure how long that takes but willing to pay reasonable amounts",
        "ts": "1509139262.000178"
    },
    {
        "type": "message",
        "user": "U2D026HHN",
        "text": "at long last!",
        "ts": "1509139779.000075",
        "reactions": [
            {
                "name": "disappointed",
                "users": [
                    "U2CU0HV7D"
                ],
                "count": 1
            }
        ]
    }
]