[
    {
        "type": "message",
        "user": "U2D01HLT0",
        "text": "CFAR says to try things, so I make an offer of labor: $2 for 10 minutes of me doing rapid-fire idea generation aimed at a problem of your choice. Price will rise to $4 if\/when I am hired to do this a 6th time (I’m currently at 2 times).",
        "edited": {
            "user": "U2D01HLT0",
            "ts": "1507749880.000000"
        },
        "thread_ts": "1507681251.000260",
        "reply_count": 1,
        "replies": [
            {
                "user": "U2J7GJ50Q",
                "ts": "1508945863.000562"
            }
        ],
        "unread_count": 1,
        "ts": "1507681251.000260",
        "reactions": [
            {
                "name": "+1",
                "users": [
                    "U2D0CPE6M"
                ],
                "count": 1
            }
        ]
    },
    {
        "text": "*spank me*",
        "type": "message",
        "subtype": "slackbot_response",
        "user": "USLACKBOT",
        "ts": "1507681251.000280"
    },
    {
        "type": "message",
        "user": "U2CU0HV7D",
        "text": "Order: 20 minutes on weird trends that might be actionable for investing (e.g. Twitter makes pithy phrasing more desirable, which makes companies with shorter names more profitable; or continued deforestation decreases the amount of atmospheric oxygen leading to reduced productivity in the countries offending worst)",
        "thread_ts": "1507681880.000194",
        "reply_count": 1,
        "replies": [
            {
                "user": "U2D01HLT0",
                "ts": "1507683189.000089"
            }
        ],
        "unread_count": 1,
        "ts": "1507681880.000194"
    },
    {
        "type": "message",
        "user": "U2D01HLT0",
        "text": "Sold. Will deliver tonight.",
        "thread_ts": "1507681880.000194",
        "parent_user_id": "U2CU0HV7D",
        "ts": "1507683189.000089"
    }
]