[
    {
        "type": "message",
        "user": "U2D0C4SH5",
        "text": "Lumenator job sold to Ben for -100$ ! :slightly_smiling_face:",
        "edited": {
            "user": "U2D0C4SH5",
            "ts": "1507970288.000000"
        },
        "ts": "1507970271.000027"
    },
    {
        "type": "message",
        "user": "U2CU0HV7D",
        "text": "Uh hey Ben can you do some jobs for me for -$100? At that price I have... a lot",
        "thread_ts": "1507970531.000035",
        "reply_count": 3,
        "replies": [
            {
                "user": "U2D0C4SH5",
                "ts": "1507970831.000001"
            },
            {
                "user": "U2CU0HV7D",
                "ts": "1508006336.000047"
            },
            {
                "user": "U2J7GJ50Q",
                "ts": "1508025057.000015"
            }
        ],
        "unread_count": 3,
        "ts": "1507970531.000035"
    },
    {
        "type": "message",
        "user": "U2D0C4SH5",
        "text": "lol. So, is this stated incorrectly? I have a job I'm selling, and the person who buys it gets 100$...",
        "thread_ts": "1507970531.000035",
        "parent_user_id": "U2CU0HV7D",
        "ts": "1507970831.000001"
    },
    {
        "type": "message",
        "user": "U2CU0HV7D",
        "text": "Your phrasing is correct, it just *sounds* very exploitable",
        "thread_ts": "1507970531.000035",
        "parent_user_id": "U2CU0HV7D",
        "ts": "1508006336.000047"
    },
    {
        "type": "message",
        "user": "U2J7GJ50Q",
        "text": "I will give you $100 to buy the job of you giving me $200",
        "thread_ts": "1507970531.000035",
        "parent_user_id": "U2CU0HV7D",
        "ts": "1508025057.000015"
    }
]