[
    {
        "user": "U2D0C4SH5",
        "text": "<@U2D0C4SH5> has joined the channel",
        "type": "message",
        "subtype": "channel_join",
        "ts": "1507566894.000493"
    },
    {
        "type": "message",
        "user": "U2D0C4SH5",
        "text": "Hey Y'all,\nThis year I'm going to get ahead of SAD. I want this in my room and I don't want to do any work for it. Bid in PM please if you want to take this task. I predict others in the community would pay for someone to do this, so if you're looking for extra cash in the next few months... \n<https:\/\/arbital.com\/p\/lumenators\/>",
        "attachments": [
            {
                "title": "How to build your own Lumenator",
                "title_link": "https:\/\/arbital.com\/p\/lumenators\/",
                "text": "Treating Seasonal Affective Disorder using MOAR LIGHT can sometimes solve what dinky little lightboxes can't.",
                "fallback": "How to build your own Lumenator",
                "from_url": "https:\/\/arbital.com\/p\/lumenators\/",
                "service_icon": "https:\/\/arbital.com\/static\/images\/arbital-icon-120.png",
                "service_name": "arbital.com",
                "id": 1
            }
        ],
        "thread_ts": "1507567878.000186",
        "reply_count": 0,
        "replies": [],
        "ts": "1507567878.000186"
    },
    {
        "type": "message",
        "user": "U2J7GJ50Q",
        "text": "<@U2D0K9866> is the great lamp maker and light bringer",
        "ts": "1507584389.000215"
    },
    {
        "type": "message",
        "user": "U78M53HH7",
        "text": "It's pretty trivial to order the 25 light strand from amazon + 16 cold and 9 warm led bulbs.. unfortunately you'll end up with a bunch of extra bulbs, which adds to the cost. ~$90 for totally enough light",
        "ts": "1507584815.000210"
    },
    {
        "type": "message",
        "user": "U78M53HH7",
        "text": "10 lights is probably enough for a bedroom, while a living room would need more like 30",
        "ts": "1507584861.000461"
    }
]