[
    {
        "type": "message",
        "user": "U2D0CPE6M",
        "text": "<https:\/\/www.effectivealtruism.org\/grants\/>",
        "attachments": [
            {
                "service_name": "Effective Altruism",
                "title": "Effective Altruism Grants - Effective Altruism",
                "title_link": "https:\/\/www.effectivealtruism.org\/grants\/",
                "text": "Effective Altruism Grants aims to provide grants of up to £100,000 (~$130,000) to help individuals work on promising projects.",
                "fallback": "Effective Altruism: Effective Altruism Grants - Effective Altruism",
                "thumb_url": "https:\/\/www.effectivealtruism.org\/images\/social\/ea-og-image-120x120.png",
                "from_url": "https:\/\/www.effectivealtruism.org\/grants\/",
                "thumb_width": 120,
                "thumb_height": 120,
                "service_icon": "https:\/\/www.effectivealtruism.org\/favicon.ico",
                "id": 1
            }
        ],
        "ts": "1496508594.880805"
    }
]