[
    {
        "type": "message",
        "user": "U2CU0JCGK",
        "text": "i used to use beeminder for git commits",
        "ts": "1492807104.906438"
    },
    {
        "type": "message",
        "user": "U2CU0JCGK",
        "text": "one per day",
        "ts": "1492807114.909325"
    },
    {
        "type": "message",
        "user": "U2CU0JCGK",
        "text": "i eventually ended up adding an extra space to a comment at 11:57pm far too often",
        "ts": "1492807138.916282"
    },
    {
        "type": "message",
        "user": "U2CU0JCGK",
        "text": "but you may not have that problem",
        "ts": "1492807145.918489"
    }
]