[
    {
        "type": "message",
        "user": "U2D01HLT0",
        "text": "yeeeeee <https:\/\/intelligence.org\/2017\/04\/30\/software-engineer-internship-staff-openings\/>",
        "attachments": [
            {
                "service_name": "Machine Intelligence Research Institute",
                "title": "Software Engineer Internship \/ Staff Openings - Machine Intelligence Research Institute",
                "title_link": "https:\/\/intelligence.org\/2017\/04\/30\/software-engineer-internship-staff-openings\/",
                "text": "The Machine Intelligence Research Institute is looking for highly capable software engineers to directly support our AI alignment research efforts, with a focus on projects related to machine learning. We’re seeking engineers with strong programming skills who are passionate about MIRI’s mission and looking for challenging and intellectually engaging work. While our goal is to... Read more »",
                "fallback": "Machine Intelligence Research Institute: Software Engineer Internship \/ Staff Openings - Machine Intelligence Research Institute",
                "image_url": "https:\/\/intelligence.org\/files\/mirilogofb.jpg",
                "ts": 1493550254,
                "from_url": "https:\/\/intelligence.org\/2017\/04\/30\/software-engineer-internship-staff-openings\/",
                "image_width": 476,
                "image_height": 250,
                "image_bytes": 1077065,
                "service_icon": "https:\/\/intelligence.org\/files\/miri_icon_114px.png",
                "id": 1
            }
        ],
        "ts": "1493600494.019859",
        "reactions": [
            {
                "name": "tada",
                "users": [
                    "U2D08CYRK"
                ],
                "count": 1
            }
        ]
    },
    {
        "type": "message",
        "user": "U2D01HLT0",
        "text": "^ <@U2D0CPE6M> <@U2D026HHN> <@U2CU0JCGK>",
        "ts": "1493600766.042365"
    }
]