[
    {
        "type": "message",
        "user": "U2D0K9866",
        "text": "<http:\/\/bluedot.global\/>",
        "thread_ts": "1489000164.000002",
        "reply_count": 2,
        "replies": [
            {
                "user": "U2D0CPE6M",
                "ts": "1489001062.000003"
            },
            {
                "user": "U2D0K9866",
                "ts": "1489017582.000005"
            }
        ],
        "unread_count": 2,
        "ts": "1489000164.000002"
    },
    {
        "type": "message",
        "user": "U2D0CPE6M",
        "text": "adam: how do you find all of these jobs?",
        "thread_ts": "1489000164.000002",
        "parent_user_id": "U2D0K9866",
        "ts": "1489001062.000003",
        "reactions": [
            {
                "name": "+1",
                "users": [
                    "U2D08CYRK"
                ],
                "count": 1
            }
        ]
    },
    {
        "type": "message",
        "user": "U2D0K9866",
        "text": "spent a few hours optimizing my facebook feed to co opt its addictiveness to my advantage, the 80\/20 is the effective altruism job postings group though",
        "thread_ts": "1489000164.000002",
        "parent_user_id": "U2D0K9866",
        "ts": "1489017582.000005",
        "reactions": [
            {
                "name": "heart",
                "users": [
                    "U2D08CYRK"
                ],
                "count": 1
            }
        ]
    }
]