[
    {
        "type": "message",
        "subtype": "file_share",
        "text": "<@U2D0K9866> uploaded a file: <https:\/\/theeventhorizon.slack.com\/files\/U2D0K9866\/F42K48SGG\/image_uploaded_from_ios.jpg|Image uploaded from iOS>",
        "file": {
            "id": "F42K48SGG",
            "created": 1486658741,
            "timestamp": 1486658741,
            "name": "Image uploaded from iOS.jpg",
            "title": "Image uploaded from iOS",
            "mimetype": "image\/jpeg",
            "filetype": "jpg",
            "pretty_type": "JPEG",
            "user": "U2D0K9866",
            "editable": false,
            "size": 648480,
            "mode": "hosted",
            "is_external": false,
            "external_type": "",
            "is_public": true,
            "public_url_shared": false,
            "display_as_bot": false,
            "username": "",
            "url_private": "https:\/\/files.slack.com\/files-pri\/T29RXEZQV-F42K48SGG\/image_uploaded_from_ios.jpg?t=xoxe-77881509845-278458240181-277799076385-f7aff9668b2352bc9174110ca96b42af",
            "url_private_download": "https:\/\/files.slack.com\/files-pri\/T29RXEZQV-F42K48SGG\/download\/image_uploaded_from_ios.jpg?t=xoxe-77881509845-278458240181-277799076385-f7aff9668b2352bc9174110ca96b42af",
            "thumb_64": "https:\/\/files.slack.com\/files-tmb\/T29RXEZQV-F42K48SGG-939f231017\/image_uploaded_from_ios_64.jpg?t=xoxe-77881509845-278458240181-277799076385-f7aff9668b2352bc9174110ca96b42af",
            "thumb_80": "https:\/\/files.slack.com\/files-tmb\/T29RXEZQV-F42K48SGG-939f231017\/image_uploaded_from_ios_80.jpg?t=xoxe-77881509845-278458240181-277799076385-f7aff9668b2352bc9174110ca96b42af",
            "thumb_360": "https:\/\/files.slack.com\/files-tmb\/T29RXEZQV-F42K48SGG-939f231017\/image_uploaded_from_ios_360.jpg?t=xoxe-77881509845-278458240181-277799076385-f7aff9668b2352bc9174110ca96b42af",
            "thumb_360_w": 203,
            "thumb_360_h": 360,
            "thumb_480": "https:\/\/files.slack.com\/files-tmb\/T29RXEZQV-F42K48SGG-939f231017\/image_uploaded_from_ios_480.jpg?t=xoxe-77881509845-278458240181-277799076385-f7aff9668b2352bc9174110ca96b42af",
            "thumb_480_w": 270,
            "thumb_480_h": 480,
            "thumb_160": "https:\/\/files.slack.com\/files-tmb\/T29RXEZQV-F42K48SGG-939f231017\/image_uploaded_from_ios_160.jpg?t=xoxe-77881509845-278458240181-277799076385-f7aff9668b2352bc9174110ca96b42af",
            "thumb_720": "https:\/\/files.slack.com\/files-tmb\/T29RXEZQV-F42K48SGG-939f231017\/image_uploaded_from_ios_720.jpg?t=xoxe-77881509845-278458240181-277799076385-f7aff9668b2352bc9174110ca96b42af",
            "thumb_720_w": 405,
            "thumb_720_h": 720,
            "thumb_960": "https:\/\/files.slack.com\/files-tmb\/T29RXEZQV-F42K48SGG-939f231017\/image_uploaded_from_ios_960.jpg?t=xoxe-77881509845-278458240181-277799076385-f7aff9668b2352bc9174110ca96b42af",
            "thumb_960_w": 540,
            "thumb_960_h": 960,
            "thumb_1024": "https:\/\/files.slack.com\/files-tmb\/T29RXEZQV-F42K48SGG-939f231017\/image_uploaded_from_ios_1024.jpg?t=xoxe-77881509845-278458240181-277799076385-f7aff9668b2352bc9174110ca96b42af",
            "thumb_1024_w": 576,
            "thumb_1024_h": 1024,
            "image_exif_rotation": 1,
            "original_w": 1242,
            "original_h": 2208,
            "permalink": "https:\/\/theeventhorizon.slack.com\/files\/U2D0K9866\/F42K48SGG\/image_uploaded_from_ios.jpg",
            "permalink_public": "https:\/\/slack-files.com\/T29RXEZQV-F42K48SGG-678e95c3bc",
            "channels": [],
            "groups": [],
            "ims": [],
            "comments_count": 0
        },
        "user": "U2D0K9866",
        "upload": true,
        "display_as_bot": false,
        "username": "adam",
        "bot_id": null,
        "upload_reply_to": "9A22C5D0-40CC-4F4D-A389-F73187023C53",
        "ts": "1486658744.000002"
    },
    {
        "type": "message",
        "user": "U2D01HLT0",
        "text": "charge your phone",
        "ts": "1486669818.000002"
    },
    {
        "type": "message",
        "user": "U2D026HHN",
        "text": "Hahah that was what I walked away with too ",
        "ts": "1486669866.000003"
    }
]