[
    {
        "type": "message",
        "subtype": "file_share",
        "text": "<@U2D0K9866> uploaded a file: <https:\/\/theeventhorizon.slack.com\/files\/U2D0K9866\/F59G7908K\/screenshot_20170505-154526.png|Screenshot_20170505-154526.png>",
        "file": {
            "id": "F59G7908K",
            "created": 1494024372,
            "timestamp": 1494024372,
            "name": "Screenshot_20170505-154526.png",
            "title": "Screenshot_20170505-154526.png",
            "mimetype": "image\/png",
            "filetype": "png",
            "pretty_type": "PNG",
            "user": "U2D0K9866",
            "editable": false,
            "size": 377465,
            "mode": "hosted",
            "is_external": false,
            "external_type": "",
            "is_public": true,
            "public_url_shared": false,
            "display_as_bot": false,
            "username": "",
            "url_private": "https:\/\/files.slack.com\/files-pri\/T29RXEZQV-F59G7908K\/screenshot_20170505-154526.png?t=xoxe-77881509845-278458240181-277799076385-f7aff9668b2352bc9174110ca96b42af",
            "url_private_download": "https:\/\/files.slack.com\/files-pri\/T29RXEZQV-F59G7908K\/download\/screenshot_20170505-154526.png?t=xoxe-77881509845-278458240181-277799076385-f7aff9668b2352bc9174110ca96b42af",
            "thumb_64": "https:\/\/files.slack.com\/files-tmb\/T29RXEZQV-F59G7908K-66449cf1f0\/screenshot_20170505-154526_64.png?t=xoxe-77881509845-278458240181-277799076385-f7aff9668b2352bc9174110ca96b42af",
            "thumb_80": "https:\/\/files.slack.com\/files-tmb\/T29RXEZQV-F59G7908K-66449cf1f0\/screenshot_20170505-154526_80.png?t=xoxe-77881509845-278458240181-277799076385-f7aff9668b2352bc9174110ca96b42af",
            "thumb_360": "https:\/\/files.slack.com\/files-tmb\/T29RXEZQV-F59G7908K-66449cf1f0\/screenshot_20170505-154526_360.png?t=xoxe-77881509845-278458240181-277799076385-f7aff9668b2352bc9174110ca96b42af",
            "thumb_360_w": 203,
            "thumb_360_h": 360,
            "thumb_480": "https:\/\/files.slack.com\/files-tmb\/T29RXEZQV-F59G7908K-66449cf1f0\/screenshot_20170505-154526_480.png?t=xoxe-77881509845-278458240181-277799076385-f7aff9668b2352bc9174110ca96b42af",
            "thumb_480_w": 270,
            "thumb_480_h": 480,
            "thumb_160": "https:\/\/files.slack.com\/files-tmb\/T29RXEZQV-F59G7908K-66449cf1f0\/screenshot_20170505-154526_160.png?t=xoxe-77881509845-278458240181-277799076385-f7aff9668b2352bc9174110ca96b42af",
            "thumb_720": "https:\/\/files.slack.com\/files-tmb\/T29RXEZQV-F59G7908K-66449cf1f0\/screenshot_20170505-154526_720.png?t=xoxe-77881509845-278458240181-277799076385-f7aff9668b2352bc9174110ca96b42af",
            "thumb_720_w": 405,
            "thumb_720_h": 720,
            "thumb_800": "https:\/\/files.slack.com\/files-tmb\/T29RXEZQV-F59G7908K-66449cf1f0\/screenshot_20170505-154526_800.png?t=xoxe-77881509845-278458240181-277799076385-f7aff9668b2352bc9174110ca96b42af",
            "thumb_800_w": 800,
            "thumb_800_h": 1422,
            "thumb_960": "https:\/\/files.slack.com\/files-tmb\/T29RXEZQV-F59G7908K-66449cf1f0\/screenshot_20170505-154526_960.png?t=xoxe-77881509845-278458240181-277799076385-f7aff9668b2352bc9174110ca96b42af",
            "thumb_960_w": 540,
            "thumb_960_h": 960,
            "thumb_1024": "https:\/\/files.slack.com\/files-tmb\/T29RXEZQV-F59G7908K-66449cf1f0\/screenshot_20170505-154526_1024.png?t=xoxe-77881509845-278458240181-277799076385-f7aff9668b2352bc9174110ca96b42af",
            "thumb_1024_w": 576,
            "thumb_1024_h": 1024,
            "image_exif_rotation": 1,
            "original_w": 1440,
            "original_h": 2560,
            "permalink": "https:\/\/theeventhorizon.slack.com\/files\/U2D0K9866\/F59G7908K\/screenshot_20170505-154526.png",
            "permalink_public": "https:\/\/slack-files.com\/T29RXEZQV-F59G7908K-dc6e022fe3",
            "channels": [],
            "groups": [],
            "ims": [],
            "comments_count": 0,
            "reactions": [
                {
                    "name": "+1",
                    "users": [
                        "U2D0CPE6M"
                    ],
                    "count": 1
                }
            ]
        },
        "user": "U2D0K9866",
        "upload": true,
        "display_as_bot": false,
        "username": "adam",
        "bot_id": null,
        "ts": "1494024378.875332"
    },
    {
        "type": "message",
        "user": "U2D01HLT0",
        "text": "“$20-$50\/hour” ???",
        "ts": "1494048536.682485"
    },
    {
        "type": "message",
        "user": "U2D01HLT0",
        "text": "Does anyone want to refer me to Ben Todd?",
        "ts": "1494048644.687161"
    },
    {
        "type": "message",
        "user": "U2D01HLT0",
        "text": "And who knows ben todd that I might also know?",
        "ts": "1494049967.743495"
    }
]