[
    {
        "type": "message",
        "user": "U2D026HHN",
        "text": "<https:\/\/deepmind.com\/careers\/470199\/>",
        "ts": "1488674293.000002"
    },
    {
        "type": "message",
        "user": "U2D026HHN",
        "text": "Appears to be a 'regular ' software job",
        "edited": {
            "user": "U2D026HHN",
            "ts": "1488674362.000000"
        },
        "ts": "1488674336.000003"
    },
    {
        "type": "message",
        "user": "U2CU0JCGK",
        "text": "wow yeah that looks thoroughly ordinary",
        "ts": "1488674377.000007"
    },
    {
        "type": "message",
        "user": "U2D026HHN",
        "text": "also, EH tries capabilities? <https:\/\/openai.com\/requests-for-research\/>",
        "attachments": [
            {
                "service_name": "OpenAI",
                "title": "Requests for Research",
                "title_link": "https:\/\/openai.com\/requests-for-research\/",
                "text": "OpenAI is a non-profit artificial intelligence research company.",
                "fallback": "OpenAI: Requests for Research",
                "thumb_url": "https:\/\/openai.com\/assets\/social-8a6bde705feb6c4073a948e6aa1fd346bb34d02677d4a699c9f173f7060b57b1.jpg",
                "from_url": "https:\/\/openai.com\/requests-for-research\/",
                "thumb_width": 1400,
                "thumb_height": 700,
                "service_icon": "https:\/\/openai.com\/assets\/favicon-b52807aa8dda8e2badc657cccbdd1d44f388941a3c10522ba682098881d7c4ed.png",
                "id": 1
            }
        ],
        "ts": "1488674525.000008"
    },
    {
        "type": "message",
        "user": "U2CU0JCGK",
        "text": "hmm",
        "ts": "1488674794.000010"
    },
    {
        "type": "message",
        "user": "U2CU0JCGK",
        "text": "google compute engine has GPUs now",
        "ts": "1488674805.000011"
    },
    {
        "type": "message",
        "user": "U2CU0JCGK",
        "text": "wouldn't even have to buy them",
        "ts": "1488674815.000012"
    },
    {
        "type": "message",
        "user": "U2CU0JCGK",
        "text": "buy one*",
        "ts": "1488674818.000013"
    }
]