[
    {
        "type": "message",
        "user": "U2D0K9866",
        "text": "icymi <http:\/\/www.givewell.org\/about\/jobs\/conversation-notes-writer>",
        "attachments": [
            {
                "service_name": "GiveWell",
                "title": "Conversation Notes Writer",
                "title_link": "http:\/\/www.givewell.org\/about\/jobs\/conversation-notes-writer",
                "text": "Location: Conversation Notes Writers will set their own locations for work. International applicants are welcome to apply. Compensation: $24\/hour Hours: The hours for this job are flexible and the position will be paid on an hourly basis. We expect a minimum of 25 hours per week. Timeline: There is no deadline for applying. Please note that, recently, we have hired only 5% of applicants as Conversation Notes Writers. Job description",
                "fallback": "GiveWell: Conversation Notes Writer",
                "thumb_url": "http:\/\/files.givewell.org\/files\/images\/givewell_fb_logo_v2.jpg",
                "from_url": "http:\/\/www.givewell.org\/about\/jobs\/conversation-notes-writer",
                "thumb_width": 1200,
                "thumb_height": 630,
                "service_icon": "http:\/\/www.givewell.org\/sites\/all\/themes\/gw_basic\/favicon.ico",
                "id": 1
            }
        ],
        "ts": "1488246450.000002"
    }
]