[
    {
        "type": "message",
        "user": "U2D0CPE6M",
        "text": "Elizabeth is happy to be your reference :)",
        "ts": "1494091761.043442"
    },
    {
        "type": "message",
        "user": "U2D0CPE6M",
        "text": "<@U2D01HLT0> ^",
        "edited": {
            "user": "U2D0CPE6M",
            "ts": "1494091776.000000"
        },
        "ts": "1494091767.043882"
    },
    {
        "text": "smells like teen spirit",
        "type": "message",
        "subtype": "slackbot_response",
        "user": "USLACKBOT",
        "ts": "1494091767.043894"
    },
    {
        "type": "message",
        "user": "U2D0CPE6M",
        "text": "<@U2D01HLT0> Ben messaged me about the position since Elizabeth tagged me.  I hope it is okay that I said that you would also be a good candidate and have the advantage of having a car (I just realized I should have asked).",
        "ts": "1494108963.098808"
    },
    {
        "text": "smells like teen spirit",
        "type": "message",
        "subtype": "slackbot_response",
        "user": "USLACKBOT",
        "ts": "1494108963.098810"
    },
    {
        "type": "message",
        "user": "U2D0CPE6M",
        "text": "<@U2D01HLT0>, he says he'd like to hear from you :)",
        "ts": "1494110673.186147"
    },
    {
        "text": "smells like teen spirit",
        "type": "message",
        "subtype": "slackbot_response",
        "user": "USLACKBOT",
        "ts": "1494110674.186155"
    }
]