[
    {
        "type": "message",
        "user": "U2D01HLT0",
        "text": "I wanted to have all of these in the same place, and maybe others might find it useful:\n<https:\/\/adzerk.com\/blog\/2015\/11\/getting-your-first-programming-job-not-as-hard-as-you-think\/>\n<http:\/\/lesswrong.com\/lw\/hd1\/maximizing_your_donations_via_a_job\/>\n<http:\/\/haseebq.com\/how-to-break-into-tech-job-hunting-and-interviews\/>",
        "attachments": [
            {
                "title": "Getting Your First Programming Job: Not as Hard as You Think | Build Your Own Native Ad Server",
                "title_link": "https:\/\/adzerk.com\/blog\/2015\/11\/getting-your-first-programming-job-not-as-hard-as-you-think\/",
                "text": "Adzerk's APIs can power your native ad infrastructure",
                "fallback": "Getting Your First Programming Job: Not as Hard as You Think | Build Your Own Native Ad Server",
                "from_url": "https:\/\/adzerk.com\/blog\/2015\/11\/getting-your-first-programming-job-not-as-hard-as-you-think\/",
                "service_icon": "https:\/\/adzerk.com\/assets\/images\/logos\/adzerk-favicon-144.png",
                "service_name": "adzerk.com",
                "id": 1
            },
            {
                "title": " Maximizing Your Donations via a Job - Less Wrong ",
                "title_link": "http:\/\/lesswrong.com\/lw\/hd1\/maximizing_your_donations_via_a_job\/",
                "text": "In November of 2012 I set a goal for myself: find the most x-risk reducing role I can fill. At first I thought it would be by working directly with MIRI, but af",
                "fallback": " Maximizing Your Donations via a Job - Less Wrong ",
                "from_url": "http:\/\/lesswrong.com\/lw\/hd1\/maximizing_your_donations_via_a_job\/",
                "service_name": "lesswrong.com",
                "id": 2
            },
            {
                "title": "How to Break Into the Tech Industry — a Guide to Job Hunting and Tech Interviews | Haseeb Qureshi",
                "title_link": "http:\/\/haseebq.com\/how-to-break-into-tech-job-hunting-and-interviews\/",
                "text": "I recently completed a job search for my first role as a software engineer. Despite being an English major and former professional poker player, I was able to",
                "fallback": "How to Break Into the Tech Industry — a Guide to Job Hunting and Tech Interviews | Haseeb Qureshi",
                "from_url": "http:\/\/haseebq.com\/how-to-break-into-tech-job-hunting-and-interviews\/",
                "service_icon": "http:\/\/haseebq.com\/wordpress\/wp-content\/themes\/salamonster\/images\/favicon.ico",
                "service_name": "haseebq.com",
                "id": 3
            }
        ],
        "ts": "1492726031.917764",
        "reactions": [
            {
                "name": "+1",
                "users": [
                    "U2D0CPE6M",
                    "U2D026HHN"
                ],
                "count": 2
            }
        ]
    },
    {
        "type": "message",
        "user": "U2D01HLT0",
        "text": "Also, <https:\/\/adzerk.com\/blog\/2015\/02\/github-streaking-for-fun-and-profit\/> sounds like a good idea, so I’m doing it. \nFeel encouraged to look at my GH thereby incentivizing me to not be sloppy: <https:\/\/github.com\/LoadingScreen\/algorithm_problems>",
        "attachments": [
            {
                "title": "GitHub Streaking for Fun and Profit | Build Your Own Native Ad Server",
                "title_link": "https:\/\/adzerk.com\/blog\/2015\/02\/github-streaking-for-fun-and-profit\/",
                "text": "Adzerk's APIs can power your native ad infrastructure",
                "fallback": "GitHub Streaking for Fun and Profit | Build Your Own Native Ad Server",
                "from_url": "https:\/\/adzerk.com\/blog\/2015\/02\/github-streaking-for-fun-and-profit\/",
                "service_icon": "https:\/\/adzerk.com\/assets\/images\/logos\/adzerk-favicon-144.png",
                "service_name": "adzerk.com",
                "id": 1
            },
            {
                "service_name": "GitHub",
                "title": "LoadingScreen\/algorithm_problems",
                "title_link": "https:\/\/github.com\/LoadingScreen\/algorithm_problems",
                "text": "algorithm_problems - self-explanatory",
                "fallback": "GitHub: LoadingScreen\/algorithm_problems",
                "from_url": "https:\/\/github.com\/LoadingScreen\/algorithm_problems",
                "thumb_url": "https:\/\/avatars1.githubusercontent.com\/u\/8086296?v=3&s=400",
                "thumb_width": 250,
                "thumb_height": 250,
                "service_icon": "https:\/\/a.slack-edge.com\/bfaba\/img\/unfurl_icons\/github.png",
                "id": 2
            }
        ],
        "ts": "1492730873.925110"
    }
]