[
    {
        "type": "message",
        "subtype": "file_share",
        "text": "<@U2D0K9866> shared a file: <https:\/\/theeventhorizon.slack.com\/files\/U2D0K9866\/F5B5RMEV7\/high-impact-looking_tech_orgs|High-impact-looking tech orgs>",
        "file": {
            "id": "F5B5RMEV7",
            "created": 1494452316,
            "timestamp": 1494452316,
            "name": "High-impact-looking tech orgs",
            "title": "High-impact-looking tech orgs",
            "mimetype": "application\/vnd.google-apps.spreadsheet",
            "filetype": "gsheet",
            "pretty_type": "GDocs Spreadsheet",
            "user": "U2D0K9866",
            "editable": false,
            "size": 176913,
            "mode": "external",
            "is_external": true,
            "external_type": "gdrive",
            "is_public": true,
            "public_url_shared": false,
            "display_as_bot": false,
            "username": "",
            "url_private": "https:\/\/docs.google.com\/spreadsheets\/d\/1ecr4NikKJBqtMjaLThGZ5srHzzDYU85DWEC_RnaqJgc\/edit#gid=0",
            "thumb_64": "https:\/\/slack.com\/img\/files\/gsheet_64.v.png",
            "thumb_360": "https:\/\/a.slack-edge.com\/b008f\/img\/files\/gsheet_360.png",
            "thumb_360_w": 360,
            "thumb_360_h": 167,
            "permalink": "https:\/\/theeventhorizon.slack.com\/files\/U2D0K9866\/F5B5RMEV7\/high-impact-looking_tech_orgs",
            "channels": [],
            "groups": [],
            "ims": [],
            "comments_count": 0,
            "has_rich_preview": false
        },
        "user": "U2D0K9866",
        "upload": false,
        "display_as_bot": false,
        "username": "adam",
        "bot_id": null,
        "ts": "1494452316.246968"
    }
]