[
    {
        "type": "message",
        "user": "U2D0K9866",
        "text": "<https:\/\/jobs.lever.co\/openai\/76308360-d506-42e7-9d5f-91a85cfc7f3c>",
        "attachments": [
            {
                "title": "OpenAI - Recruiting Coordinator",
                "title_link": "https:\/\/jobs.lever.co\/openai\/76308360-d506-42e7-9d5f-91a85cfc7f3c",
                "text": "OpenAI's mission is to build human level AI while ensuring that its benefits are distributed as widely and evenly as possible. We're seeking a recruiting coordinator to help build the team that's going to make this happen. As recruiting coordinator, you'll schedule and organize interviews, plan a new hire's first day, help with contracting and visas for new employees, and work on making OpenAI a great place to work. OpenAI is a young organization, and you'll constantly be facing new challenges. Regardless of what arises, our world-class team of researchers and engineers will provide the support and resources to help you succeed.  If you're self-motivated, detail-oriented, and excited about AI, we want to talk to you. Prior recruiting experience is not required.",
                "fallback": "OpenAI - Recruiting Coordinator",
                "thumb_url": "https:\/\/lever-client-logos.s3.amazonaws.com\/84963f7c-5208-4789-813f-59b515174479-1455730425339.png",
                "fields": [
                    {
                        "title": "Location",
                        "value": "San Francisco",
                        "short": true
                    },
                    {
                        "title": "Team",
                        "value": "Operations",
                        "short": true
                    }
                ],
                "from_url": "https:\/\/jobs.lever.co\/openai\/76308360-d506-42e7-9d5f-91a85cfc7f3c",
                "thumb_width": 406,
                "thumb_height": 148,
                "service_icon": "https:\/\/jobs.lever.co\/favicon.ico",
                "service_name": "jobs.lever.co",
                "id": 1
            }
        ],
        "ts": "1485937079.000002",
        "reactions": [
            {
                "name": "ok_hand",
                "users": [
                    "U2D0CPE6M"
                ],
                "count": 1
            }
        ]
    },
    {
        "type": "message",
        "user": "U2D01HLT0",
        "text": "Of all the consequential jobs at openAI...",
        "ts": "1486002006.000002",
        "reactions": [
            {
                "name": "ok_hand",
                "users": [
                    "U2D0K9866"
                ],
                "count": 1
            }
        ]
    }
]