[
    {
        "type": "message",
        "user": "U2D026HHN",
        "text": "<https:\/\/www.bayesimpact.org\/careers>",
        "attachments": [
            {
                "title": "Bayes Impact | Data for good",
                "title_link": "https:\/\/www.bayesimpact.org\/careers",
                "text": "Bayes Impact is a Y Combinator-backed non-profit that builds operational solutions to the world's biggest challenges using data science. We're a full-time team of engineers and data scientists who dedicate our lives to work full-time on important challenges, one algorithm at a time.",
                "fallback": "Bayes Impact | Data for good",
                "image_url": "http:\/\/www.bayesimpact.org\/images\/logo_sq.png",
                "from_url": "https:\/\/www.bayesimpact.org\/careers",
                "image_width": 250,
                "image_height": 250,
                "image_bytes": 19747,
                "service_icon": "https:\/\/www.bayesimpact.org\/favicon.ico",
                "service_name": "bayesimpact.org",
                "id": 1
            }
        ],
        "ts": "1494816746.506636"
    },
    {
        "type": "message",
        "user": "U2D0CPE6M",
        "text": "Dat name tho",
        "ts": "1494820915.924258"
    },
    {
        "type": "message",
        "user": "U2D08CYRK",
        "text": "My college friend used to be their CTO! <https:\/\/www.linkedin.com\/in\/wetchler\/>",
        "ts": "1494822806.112584"
    }
]