[
    {
        "type": "message",
        "user": "U2D01HLT0",
        "text": "a repo of companies that don’t make it super hard to apply: <https:\/\/github.com\/j-delaney\/easy-application>",
        "attachments": [
            {
                "service_name": "GitHub",
                "title": "j-delaney\/easy-application",
                "title_link": "https:\/\/github.com\/j-delaney\/easy-application",
                "text": "easy-application - 400 software engineering companies that are easy to apply to",
                "fallback": "GitHub: j-delaney\/easy-application",
                "from_url": "https:\/\/github.com\/j-delaney\/easy-application",
                "thumb_url": "https:\/\/avatars2.githubusercontent.com\/u\/3589480?v=3&s=400",
                "thumb_width": 250,
                "thumb_height": 250,
                "service_icon": "https:\/\/a.slack-edge.com\/bfaba\/img\/unfurl_icons\/github.png",
                "id": 1
            }
        ],
        "ts": "1494383663.399533",
        "reactions": [
            {
                "name": "+1",
                "users": [
                    "U2CU0HV7D",
                    "U2D026HHN",
                    "U2D0CPE6M"
                ],
                "count": 3
            }
        ]
    }
]