[
    {
        "type": "message",
        "user": "U2D01HLT0",
        "text": "Everyone should apply to that.",
        "ts": "1488316588.000002"
    },
    {
        "type": "message",
        "user": "U2D0K9866",
        "text": "fyi they're insanely stringent about standards ",
        "ts": "1488319950.000002"
    },
    {
        "type": "message",
        "user": "U2D026HHN",
        "text": "Any more\/insider info relevant to their standards?",
        "ts": "1488320427.000003"
    },
    {
        "type": "message",
        "user": "U2D0K9866",
        "text": "No unfortunately ",
        "ts": "1488322868.000004"
    },
    {
        "type": "message",
        "user": "U2D01HLT0",
        "text": "Standards of what?",
        "ts": "1488325831.000002"
    },
    {
        "type": "message",
        "user": "U2D01HLT0",
        "text": "Applicants or notes?",
        "ts": "1488325848.000003"
    },
    {
        "type": "message",
        "user": "U2D0K9866",
        "text": "Notes, I think. They're just really particular about how they're done",
        "ts": "1488331742.000004"
    }
]