[
    {
        "type": "message",
        "user": "U2D0CPE6M",
        "text": "$1-$1 Quincy - Aysja on whether Dode told The Pin the identity of Emily's killer.  Resolved in Quincy's favor (he didn't).",
        "ts": "1496563235.205351",
        "reactions": [
            {
                "name": "smile",
                "users": [
                    "U2D026HHN",
                    "U3K49B8H0"
                ],
                "count": 2
            }
        ]
    },
    {
        "type": "message",
        "user": "U2D026HHN",
        "text": "<!channel> we have an updated bet",
        "ts": "1496564021.238651"
    },
    {
        "text": "more right",
        "type": "message",
        "subtype": "slackbot_response",
        "user": "USLACKBOT",
        "ts": "1496564021.238657"
    },
    {
        "type": "message",
        "user": "U2D026HHN",
        "text": "<https:\/\/www.youtube.com\/watch?v=-Xka2DTsRO4>",
        "attachments": [
            {
                "service_name": "YouTube",
                "service_url": "https:\/\/www.youtube.com\/",
                "title": "How to pronounce puerile",
                "title_link": "https:\/\/www.youtube.com\/watch?v=-Xka2DTsRO4",
                "author_name": "Oxford Dictionaries",
                "author_link": "https:\/\/www.youtube.com\/user\/OxfordDictionaries",
                "thumb_url": "https:\/\/i.ytimg.com\/vi\/-Xka2DTsRO4\/hqdefault.jpg",
                "thumb_width": 480,
                "thumb_height": 360,
                "fallback": "YouTube Video: How to pronounce puerile",
                "video_html": "<iframe width=\"400\" height=\"225\" src=\"https:\/\/www.youtube.com\/embed\/-Xka2DTsRO4?feature=oembed&autoplay=1&iv_load_policy=3\" frameborder=\"0\" allowfullscreen><\/iframe>",
                "video_html_width": 400,
                "video_html_height": 225,
                "from_url": "https:\/\/www.youtube.com\/watch?v=-Xka2DTsRO4",
                "service_icon": "https:\/\/a.slack-edge.com\/2089\/img\/unfurl_icons\/youtube.png",
                "id": 1
            }
        ],
        "ts": "1496564022.238676",
        "reactions": [
            {
                "name": "laughing",
                "users": [
                    "U3K49B8H0"
                ],
                "count": 1
            }
        ]
    },
    {
        "type": "message",
        "user": "U2D026HHN",
        "text": "Quincy claims victory <@U2D01HLT0> do you agree?",
        "ts": "1496564046.239568"
    },
    {
        "text": "smells like teen spirit",
        "type": "message",
        "subtype": "slackbot_response",
        "user": "USLACKBOT",
        "ts": "1496564046.239575"
    },
    {
        "type": "message",
        "user": "U2D01HLT0",
        "text": "Yes, that's decisive",
        "ts": "1496594713.749447"
    },
    {
        "type": "message",
        "user": "U2D08CYRK",
        "text": "Whoa, did not know about that first pronunciation option",
        "ts": "1496608211.567370"
    }
]