[
    {
        "type": "message",
        "user": "U2D0CPE6M",
        "text": "$1:$2 Quincy-Elizabeth on whether seasons (summer, winter, etc.) are capitalized or not.\n\nResolved in Elizabeth's​ favor.",
        "ts": "1497068130.658294"
    },
    {
        "type": "message",
        "user": "U2GK97M1A",
        "text": "was this ever resolved? if not, will it be a public event?",
        "thread_ts": "1495524485.681989",
        "parent_user_id": "U2D0CPE6M",
        "ts": "1497068806.691646"
    }
]