[
    {
        "type": "message",
        "user": "U2D0K9866",
        "text": "whoa! didn't know that, really cool",
        "ts": "1493593465.117059"
    },
    {
        "type": "message",
        "user": "U2D0CPE6M",
        "text": "I think it's quickly-dividing, not fast-growing",
        "ts": "1493595418.226445",
        "reactions": [
            {
                "name": "+1",
                "users": [
                    "U2D0K9866"
                ],
                "count": 1
            }
        ]
    }
]