[
    {
        "type": "message",
        "user": "U2D08CYRK",
        "text": "Is it just that Grace is a much more common Asian American name than Claire?\n\nAnd that Grace and Claire have very similar sounds in them. (Isn’t ‘G’ just a voiced ‘C’?)",
        "thread_ts": "1503455150.000143",
        "parent_user_id": "U2D01HLT0",
        "ts": "1503618029.000295"
    },
    {
        "type": "message",
        "user": "U2D01HLT0",
        "text": "It apparently doesn’t happen with other names.",
        "thread_ts": "1503455150.000143",
        "parent_user_id": "U2D01HLT0",
        "ts": "1503618590.000140"
    }
]