[
    {
        "type": "message",
        "user": "U2UPVPNTB",
        "text": "aysjaj: That this isn't true is one of the reasons why the gene drive of only having sons is promising from a PR perspective; you won't have anyone bitten by GM mosquitoes, just fruit.",
        "thread_ts": "1497502289.611326",
        "parent_user_id": "U2D026HHN",
        "ts": "1497549613.928432"
    },
    {
        "type": "message",
        "user": "U2D026HHN",
        "text": "Mmm yeah makes sense",
        "thread_ts": "1497502289.611326",
        "parent_user_id": "U2D026HHN",
        "ts": "1497550118.120834"
    }
]