[
    {
        "type": "message",
        "user": "U2D0K9866",
        "text": "bear in mind that it took ~7 months from the start of the clinton investigation before he got impeached",
        "ts": "1495277362.240368"
    },
    {
        "type": "message",
        "user": "U2CU0HV7D",
        "text": "<@U2D08CYRK> More than 16%, but yes",
        "ts": "1495305811.796917"
    },
    {
        "type": "message",
        "user": "U2CU0HV7D",
        "text": "I'm expecting that Trump would rather resign than be impeached, firstly, and that the Trump investigation has been going on for several months and now turned criminal. I do expect it will take at least a few months to get actual impeachment, but also expect it to be comparatively expedited if it's a genuine security hazard impeachment and not one for political embarrassment, as I think Clinton's was",
        "ts": "1495306034.809295"
    },
    {
        "type": "message",
        "user": "U2UPVPNTB",
        "text": "eh, there's basically not a legal basis for impeachment on the grounds of 'genuine security hazard'",
        "ts": "1495308677.955799"
    },
    {
        "type": "message",
        "user": "U2UPVPNTB",
        "text": "like, Trump can declassify things at will, so it's going to be impossible to slam him for sharing classified information",
        "ts": "1495308697.956903"
    },
    {
        "type": "message",
        "user": "U2J7GJ50Q",
        "text": "Removing the president from office requires a 2\/3rds majority vote in the Senate after the entire impeachment proceedings process. Considering the facts that the efforts of members of congress weren't good enough to stop him from getting elected and that the much more organized seeming republican party under Clinton was still unable to remove Clinton from office, it seems like the chance of Trump getting removed from office would be quite small.\n\nThe senate right now is 48 Democrats and 52 Republicans. If every Democrat votes for removal, then you still need 18 Republicans voting for it. That's possible, but really a big number of Republicans to ask to defect against a President of their own party who has a solid reputation of playing Tit-for-Tat.\n\nI don't think Trump would leave office due to fear of impeachment proceedings. He gets sued all the time for things he actually did substantial wrong for. Things like that don't seem to have phased him in the past and probably won't in the future due to experieince + egomania.\n\n<https:\/\/en.wikipedia.org\/wiki\/Legal_affairs_of_Donald_Trump>\n&gt; \"An analysis by USA Today published in June 2016 found that over the previous three decades, Trump and his businesses have been involved in 3,500 legal cases in U.S. federal courts and state court\"\nGetting sued is like a normal Tuesday for this guy. (like, literally. he's 70 so that's like being sued every 7.3 days of his life until now)",
        "edited": {
            "user": "U2J7GJ50Q",
            "ts": "1495322202.000000"
        },
        "ts": "1495320786.543817"
    },
    {
        "type": "message",
        "user": "U2D08CYRK",
        "text": "&gt; like, literally. he’s 70 so that’s like being sued every 7.3 days of his life until now\n\nLol",
        "ts": "1495330288.926124",
        "reactions": [
            {
                "name": "laughing",
                "users": [
                    "U2D026HHN",
                    "U3K49B8H0",
                    "U2CU0HV7D",
                    "U2D0K9866"
                ],
                "count": 4
            }
        ]
    }
]