[
    {
        "type": "message",
        "user": "U2D01HLT0",
        "text": "$1:$1 Quincy-kurt on the pronunciation of the word _puerile_\nResolved as both incorrect",
        "edited": {
            "user": "U2D01HLT0",
            "ts": "1496523777.000000"
        },
        "ts": "1496523718.552079",
        "reactions": [
            {
                "name": "joy",
                "users": [
                    "U2D026HHN"
                ],
                "count": 1
            },
            {
                "name": "grin",
                "users": [
                    "U3K49B8H0"
                ],
                "count": 1
            }
        ]
    },
    {
        "text": "smells like teen spirit",
        "type": "message",
        "subtype": "slackbot_response",
        "user": "USLACKBOT",
        "ts": "1496523718.552086"
    },
    {
        "type": "message",
        "user": "U2D0K9866",
        "text": "I have no idea how to pronounce this word ",
        "attachments": [
            {
                "fallback": "[June 3rd, 2017 2:01 PM] kurt: $1:$1 Quincy-kurt on the pronunciation of the word _puerile_\nResolved as both incorrect",
                "ts": "1496523718.552079",
                "author_subname": "kurt",
                "channel_id": "C4KJTLX41",
                "channel_name": "bets",
                "is_msg_unfurl": true,
                "text": "$1:$1 Quincy-kurt on the pronunciation of the word _puerile_\nResolved as both incorrect",
                "author_name": "kurt brown",
                "author_link": "https:\/\/theeventhorizon.slack.com\/team\/kurt",
                "author_icon": "https:\/\/avatars.slack-edge.com\/2016-09-22\/83043309095_3273ba7e40b72c15b0a1_48.jpg",
                "mrkdwn_in": [
                    "text"
                ],
                "color": "D0D0D0",
                "from_url": "https:\/\/theeventhorizon.slack.com\/archives\/C4KJTLX41\/p1496523718552079",
                "is_share": true,
                "footer": "Posted in #bets"
            }
        ],
        "ts": "1496536078.155182"
    },
    {
        "type": "message",
        "user": "U2D0CPE6M",
        "text": "$1-$2 Quincy - Aysja on whether Ben will say that the benefits to adding butter to coffee are mostly about the butter or mostly about the interaction between the butter and coffee.  Resolved in Quincy's favor. (It's about the butter.)",
        "ts": "1496551557.779245",
        "reactions": [
            {
                "name": "stuck_out_tongue",
                "users": [
                    "U3K49B8H0"
                ],
                "count": 1
            }
        ]
    }
]