[
    {
        "type": "message",
        "user": "U2D026HHN",
        "text": "$1:$2 Aysja's mom-Aysja on whether male mosquitoes also draw blood. resolved in aysja's moms favor.",
        "thread_ts": "1497502289.611326",
        "reply_count": 2,
        "replies": [
            {
                "user": "U2UPVPNTB",
                "ts": "1497549613.928432"
            },
            {
                "user": "U2D026HHN",
                "ts": "1497550118.120834"
            }
        ],
        "unread_count": 2,
        "ts": "1497502289.611326"
    }
]