[
    {
        "type": "message",
        "user": "U2D0CPE6M",
        "text": "$1:$2 Quincy-Aysja on whether Quincy is a good boyfriend. Resolved in Quincy's favor.",
        "edited": {
            "user": "U2D0CPE6M",
            "ts": "1505260255.000000"
        },
        "thread_ts": "1505256383.000102",
        "reply_count": 3,
        "replies": [
            {
                "user": "U2D0C4SH5",
                "ts": "1505259238.000305"
            },
            {
                "user": "U2D08CYRK",
                "ts": "1505312875.000368"
            },
            {
                "user": "U2D0CPE6M",
                "ts": "1505328354.000411"
            }
        ],
        "unread_count": 3,
        "ts": "1505256383.000102"
    },
    {
        "type": "message",
        "user": "U2D0C4SH5",
        "text": "Cute",
        "thread_ts": "1505256383.000102",
        "parent_user_id": "U2D0CPE6M",
        "ts": "1505259238.000305"
    }
]