[
    {
        "type": "message",
        "user": "U2D0CPE6M",
        "text": "$10:$1, Quincy - Aysja on who will win a race.",
        "thread_ts": "1495524485.681989",
        "reply_count": 1,
        "replies": [
            {
                "user": "U2GK97M1A",
                "ts": "1497068806.691646"
            }
        ],
        "unread_count": 1,
        "ts": "1495524485.681989"
    },
    {
        "type": "message",
        "user": "U2D026HHN",
        "text": " Who will win in a race along the straight length of a standard track 2\/3***",
        "ts": "1495526139.047074"
    },
    {
        "type": "message",
        "user": "U2D026HHN",
        "text": "$1\/$4 Aysja - Quincy on whether blowing air on a stomach is called a raspberry ",
        "ts": "1495526260.074617"
    },
    {
        "type": "message",
        "user": "U2D026HHN",
        "text": "Resolved in quincys favor (it is called a raspberry)",
        "ts": "1495526320.088639",
        "reactions": [
            {
                "name": "joy",
                "users": [
                    "U3K49B8H0"
                ],
                "count": 1
            }
        ]
    }
]