[
    {
        "type": "message",
        "user": "U2D0CPE6M",
        "text": "Finally resolved.  Quincy's favor.",
        "attachments": [
            {
                "fallback": "[May 23rd, 2017 12:28 AM] quincy: $10:$1, Quincy - Aysja on who will win a race.",
                "ts": "1495524485.681989",
                "author_subname": "quincy",
                "channel_id": "C4KJTLX41",
                "channel_name": "bets",
                "is_msg_unfurl": true,
                "is_thread_root_unfurl": true,
                "text": "$10:$1, Quincy - Aysja on who will win a race.",
                "author_name": "adom hartell",
                "author_link": "https:\/\/theeventhorizon.slack.com\/team\/quincy",
                "author_icon": "https:\/\/avatars.slack-edge.com\/2017-07-15\/213470394564_eb8013e0772dd0a2cebc_48.png",
                "mrkdwn_in": [
                    "text"
                ],
                "color": "D0D0D0",
                "from_url": "https:\/\/theeventhorizon.slack.com\/archives\/C4KJTLX41\/p1495524485681989?thread_ts=1495524485681989&cid=C4KJTLX41",
                "is_share": true,
                "footer": "Thread in #bets"
            }
        ],
        "ts": "1502684762.042189",
        "reactions": [
            {
                "name": "disappointed_relieved",
                "users": [
                    "U2D0C4SH5"
                ],
                "count": 1
            },
            {
                "name": "sweat_smile",
                "users": [
                    "U3K49B8H0"
                ],
                "count": 1
            }
        ]
    }
]