[
    {
        "type": "message",
        "user": "U2D08CYRK",
        "text": "How was this assessed?",
        "thread_ts": "1505256383.000102",
        "parent_user_id": "U2D0CPE6M",
        "ts": "1505312875.000368"
    },
    {
        "type": "message",
        "user": "U2D0CPE6M",
        "text": "The actual bet was over whether I had failed to respond to texts for 48 hours.",
        "edited": {
            "user": "U2D0CPE6M",
            "ts": "1505348619.000000"
        },
        "thread_ts": "1505256383.000102",
        "parent_user_id": "U2D0CPE6M",
        "ts": "1505328354.000411"
    },
    {
        "type": "message",
        "user": "U2D01HLT0",
        "text": "$1:$1 Kurt-Elizabeth\nAn ICBM launched from North Korea can reach San Francisco in under 30 minutes.\nResolved in Elizabeth’s favor.",
        "thread_ts": "1505339777.000048",
        "reply_count": 3,
        "replies": [
            {
                "user": "U2D0C4SH5",
                "ts": "1505339890.000422"
            },
            {
                "user": "U2D026HHN",
                "ts": "1505341140.000044"
            },
            {
                "user": "U2D0K9866",
                "ts": "1505342741.000237"
            }
        ],
        "unread_count": 3,
        "ts": "1505339777.000048"
    },
    {
        "text": "smells like teen spirit",
        "type": "message",
        "subtype": "slackbot_response",
        "user": "USLACKBOT",
        "ts": "1505339777.000101"
    },
    {
        "type": "message",
        "user": "U2D0C4SH5",
        "text": "Experts believe it would take between 30-34 minutes",
        "thread_ts": "1505339777.000048",
        "parent_user_id": "U2D01HLT0",
        "ts": "1505339890.000422"
    },
    {
        "type": "message",
        "user": "U2D026HHN",
        "text": "wow, I had always though of it being much shorter.",
        "thread_ts": "1505339777.000048",
        "parent_user_id": "U2D01HLT0",
        "ts": "1505341140.000044"
    },
    {
        "type": "message",
        "user": "U2D0K9866",
        "text": "If this occurs, how would I find out? Word of mouth, some kind of alarm? ",
        "thread_ts": "1505339777.000048",
        "parent_user_id": "U2D01HLT0",
        "ts": "1505342741.000237"
    },
    {
        "type": "message",
        "user": "U2D0CPE6M",
        "text": "$1:$3 Quincy-Aysja on whether heritability of IQ is .5-ish.  Resolved in Aysja's favor.",
        "thread_ts": "1505345633.000072",
        "reply_count": 2,
        "replies": [
            {
                "user": "U2UPVPNTB",
                "ts": "1505345898.000188"
            },
            {
                "user": "U2D0CPE6M",
                "ts": "1505346002.000219"
            }
        ],
        "unread_count": 2,
        "ts": "1505345633.000072"
    },
    {
        "type": "message",
        "user": "U2UPVPNTB",
        "text": "Which estimate did you end up going with? (Also, basically, the question of which version of 'heritability' you're using)",
        "thread_ts": "1505345633.000072",
        "parent_user_id": "U2D0CPE6M",
        "ts": "1505345898.000188",
        "reactions": [
            {
                "name": "joy",
                "users": [
                    "U2D0CPE6M"
                ],
                "count": 1
            }
        ]
    },
    {
        "type": "message",
        "user": "U2D0CPE6M",
        "text": "$1:$2 Quincy-Aysja on whether heritability of other personality stuff is .5-ish.  Resolved in Aysja's favor.",
        "edited": {
            "user": "U2D0CPE6M",
            "ts": "1505345952.000000"
        },
        "ts": "1505345931.000282"
    },
    {
        "type": "message",
        "user": "U2D0CPE6M",
        "text": "I saw .6 to .75 somewhere on the internet and stopped searching.",
        "thread_ts": "1505345633.000072",
        "parent_user_id": "U2D0CPE6M",
        "ts": "1505346002.000219"
    },
    {
        "type": "message",
        "user": "U2D01HLT0",
        "text": "Unresolved out of Elizabeth's favor: experts disagree about whether NK -&gt; SF ICBM flight time is more or less than 30 minutes.",
        "ts": "1505364684.000130"
    }
]