[
    {
        "type": "message",
        "user": "U2D026HHN",
        "text": "Resolved in Quincy's favor ",
        "ts": "1495210854.123674"
    },
    {
        "type": "message",
        "user": "U2D026HHN",
        "text": "(Although he identified as vegan)",
        "ts": "1495210874.130601"
    },
    {
        "type": "message",
        "user": "U2CU0HV7D",
        "text": "Soliciting bets on Trump leaving office by July 15th, currently offering 6:1 odds against leaving where I take the leaving side. Predictit offers about 5:1 against him leaving by September 30",
        "ts": "1495233608.756238",
        "reactions": [
            {
                "name": "+1",
                "users": [
                    "U2D0CPE6M"
                ],
                "count": 1
            },
            {
                "name": "heart",
                "users": [
                    "U2D0CPE6M"
                ],
                "count": 1
            },
            {
                "name": "reminder_ribbon",
                "users": [
                    "U2D0CPE6M"
                ],
                "count": 1
            }
        ]
    },
    {
        "user": "U5EPK7WET",
        "text": "<@U5EPK7WET> has joined the channel",
        "type": "message",
        "subtype": "channel_join",
        "ts": "1495237271.234635"
    },
    {
        "type": "message",
        "user": "U2CU0HV7D",
        "text": "I just put about $70 down on various Trump-leaving office bets on Predictit at what I thought were amazing odds. If anyone agrees, you may want to get in today: odds haven't changed yet from the news the past day or two, I think the market hasn't caught up",
        "ts": "1495237664.276552"
    },
    {
        "type": "message",
        "user": "U2CU0HV7D",
        "text": "Standard concern the market knows something I don't, obviously",
        "ts": "1495237691.279342"
    },
    {
        "type": "message",
        "user": "U2D08CYRK",
        "text": "<@U2CU0HV7D> Just to make sure I understand, you think it’s significantly more than 20% likely that Trump will leave office by September 30th?",
        "ts": "1495257705.432565"
    }
]