[
    {
        "type": "message",
        "user": "U2CU0HV7D",
        "text": "There's no incentive-path for MoCs to convince the electorate to vote for not-Trump, but the electorate can directly incentive MoCs to impeach him. And the Clinton comparison seems like a red herring given that impeachment is just a political maneuver and Clinton had like 60% approval while Trump is at 38, no?",
        "ts": "1495350014.602892"
    },
    {
        "type": "message",
        "user": "U2CU0HV7D",
        "text": "Trump settles all his lawsuits. Can't settle an impeachment",
        "ts": "1495350042.604373"
    },
    {
        "type": "message",
        "user": "U2CU0HV7D",
        "text": "<@U2UPVPNTB> My understanding of impeachment is that they would be able to get an easy obstruction of justice charge and from there it would be a popularity contest. I guess \"genuine security hazard\" would definitely take a backseat to \"politically untouchable\" so I should have said that. Do you still think this is wrong, or think that it wouldn't be expedited if they had the votes instead of the prolonged grandstanding against Clinton?",
        "ts": "1495350594.625649"
    }
]