[
    {
        "type": "message",
        "user": "U2D01HLT0",
        "text": "$1:$2 kurt-Claire\nClaire is confused at why people have accidentally called her Grace a lot throughout her life. I bet that I could significantly reduce this confusion in a few minutes. I could not--resolved in Claire's favor.",
        "thread_ts": "1503455150.000143",
        "reply_count": 4,
        "replies": [
            {
                "user": "U2D0C4SH5",
                "ts": "1503455278.000161"
            },
            {
                "user": "U2D0K9866",
                "ts": "1503475498.000294"
            },
            {
                "user": "U2D08CYRK",
                "ts": "1503618029.000295"
            },
            {
                "user": "U2D01HLT0",
                "ts": "1503618590.000140"
            }
        ],
        "unread_count": 4,
        "ts": "1503455150.000143"
    },
    {
        "text": "smells like teen spirit",
        "type": "message",
        "subtype": "slackbot_response",
        "user": "USLACKBOT",
        "ts": "1503455150.000154"
    },
    {
        "type": "message",
        "user": "U2D0C4SH5",
        "text": "I'll try to remember that Grace doesn't like bring called Claire. Sorry if I mess up! :\/",
        "thread_ts": "1503455150.000143",
        "parent_user_id": "U2D01HLT0",
        "ts": "1503455278.000161"
    }
]