[
    {
        "user": "U614WV9NC",
        "inviter": "U2D0CPE6M",
        "text": "<@U614WV9NC> has joined the channel",
        "type": "message",
        "subtype": "channel_join",
        "ts": "1506035838.000080"
    },
    {
        "user": "U5ZV6L94G",
        "inviter": "U2D0CPE6M",
        "text": "<@U5ZV6L94G> has joined the channel",
        "type": "message",
        "subtype": "channel_join",
        "ts": "1506035838.000099"
    },
    {
        "user": "U6Z19G1C7",
        "inviter": "U2D0CPE6M",
        "text": "<@U6Z19G1C7> has joined the channel",
        "type": "message",
        "subtype": "channel_join",
        "ts": "1506035838.000119"
    },
    {
        "user": "U5ZSLKXPB",
        "inviter": "U2D0CPE6M",
        "text": "<@U5ZSLKXPB> has joined the channel",
        "type": "message",
        "subtype": "channel_join",
        "ts": "1506035838.000144"
    }
]