[
    {
        "type": "message",
        "user": "U2D01HLT0",
        "text": "$1:$1 Bryan-kurt on whether \"The Troubles\" is the name of a potato famine or a political conflict.\nResolved in kurts favor.",
        "ts": "1496652736.812871"
    },
    {
        "text": "smells like teen spirit",
        "type": "message",
        "subtype": "slackbot_response",
        "user": "USLACKBOT",
        "ts": "1496652736.812898"
    },
    {
        "type": "message",
        "user": "U2D0CPE6M",
        "text": "To be clearer on the parameters of the bets we should write them as follows: if Aysja offers 3 to 1 odds on alternative A against Quincy on alternative B then it should read \"$3:$1 Aysja-Quincy on whether 'A' or 'B'\"",
        "ts": "1496664683.916215"
    },
    {
        "type": "message",
        "subtype": "pinned_item",
        "user": "U2D0CPE6M",
        "item_type": "C",
        "attachments": [
            {
                "fallback": "[June 5th, 2017 5:11 AM] quincy: To be clearer on the parameters of the bets we should write them as follows: if Aysja offers 3 to 1 odds on alternative A against Quincy on alternative B then it should read \"$3:$1 Aysja-Quincy on whether 'A' or 'B'\"",
                "ts": "1496664683.916215",
                "author_id": "U2D0CPE6M",
                "author_subname": "adom hartell",
                "channel_id": "C4KJTLX41",
                "channel_name": "bets",
                "is_msg_unfurl": true,
                "text": "To be clearer on the parameters of the bets we should write them as follows: if Aysja offers 3 to 1 odds on alternative A against Quincy on alternative B then it should read \"$3:$1 Aysja-Quincy on whether 'A' or 'B'\"",
                "author_name": "adom hartell",
                "author_link": "https:\/\/theeventhorizon.slack.com\/team\/U2D0CPE6M",
                "author_icon": "https:\/\/avatars.slack-edge.com\/2017-07-15\/213470394564_eb8013e0772dd0a2cebc_48.png",
                "mrkdwn_in": [
                    "text"
                ]
            }
        ],
        "text": "<@U2D0CPE6M> pinned a message to this channel.",
        "ts": "1496664693.918209"
    },
    {
        "type": "message",
        "user": "U2D0CPE6M",
        "text": "$3:$1 Quincy-Aysja on whether pupils will dilate separately when exposed to different amounts of light or they won't",
        "ts": "1496664806.938073"
    },
    {
        "type": "message",
        "user": "U2D0CPE6M",
        "text": "$1:$1 Quincy-Aysja on whether blood rushes to the skin when exposed to shower heat to distribute\/normalize heat throughout the body or if it is a repair mechanism",
        "ts": "1496665017.974610"
    },
    {
        "type": "message",
        "user": "U2D0CPE6M",
        "text": "pupil bet settled in Aysja's favor",
        "ts": "1496665362.037779"
    },
    {
        "type": "message",
        "user": "U2D0CPE6M",
        "text": "blood bet resolved in Quincy's favor (but it's fucked up)",
        "ts": "1496666227.204785"
    },
    {
        "type": "message",
        "user": "U3K49B8H0",
        "text": "You two are beautiful ",
        "ts": "1496689366.346333",
        "reactions": [
            {
                "name": "purple_heart",
                "users": [
                    "U2D026HHN",
                    "U2D08CYRK"
                ],
                "count": 2
            }
        ]
    }
]