[
    {
        "type": "message",
        "user": "U2D026HHN",
        "text": "$1:$1 Olivia - Phaedrus on whether Jeff Bezos net worth was above 55 million. Resolved in Olivias favor at 85 million.",
        "thread_ts": "1498250045.830252",
        "reply_count": 3,
        "replies": [
            {
                "user": "U2D08CYRK",
                "ts": "1498803173.609219"
            },
            {
                "user": "U2D026HHN",
                "ts": "1498806114.035722"
            },
            {
                "user": "U2D08CYRK",
                "ts": "1499118683.468686"
            }
        ],
        "unread_count": 3,
        "ts": "1498250045.830252"
    },
    {
        "type": "message",
        "user": "U2D026HHN",
        "text": "1:1 Aysja - Quincy on whether wasps would figure prominently in a wikipedia page on figs. Resolved in Aysja's favor",
        "thread_ts": "1498250089.842547",
        "reply_count": 1,
        "replies": [
            {
                "user": "U2D0CPE6M",
                "ts": "1498251440.216477"
            }
        ],
        "unread_count": 1,
        "ts": "1498250089.842547",
        "reactions": [
            {
                "name": "stuck_out_tongue_closed_eyes",
                "users": [
                    "U3K49B8H0"
                ],
                "count": 1
            }
        ]
    },
    {
        "type": "message",
        "user": "U2D0CPE6M",
        "text": "Not actually the bet, but close enough I guess.",
        "thread_ts": "1498250089.842547",
        "parent_user_id": "U2D026HHN",
        "ts": "1498251440.216477"
    },
    {
        "type": "message",
        "user": "U2J7GJ50Q",
        "text": "<@U2D026HHN> <@U2D0CPE6M> were either of you there for the conversation about that like 2 days ago?\nIs this another parallel EH conversation?",
        "ts": "1498264958.352965"
    },
    {
        "type": "message",
        "user": "U2D026HHN",
        "text": "I wasn't, weird.",
        "ts": "1498280232.173525"
    }
]