[
    {
        "type": "message",
        "user": "U2D0CPE6M",
        "text": "$1:$1 Quincy-Elizabeth on whether Jack is older than 27. \n\nResolved in Elizabeth's favor.",
        "edited": {
            "user": "U2D0CPE6M",
            "ts": "1509249946.000000"
        },
        "ts": "1509232871.000048"
    },
    {
        "type": "message",
        "user": "U2D0CPE6M",
        "text": "also $5 from Davis Kingsley. (1:1)",
        "thread_ts": "1508175601.000256",
        "parent_user_id": "U2D0CPE6M",
        "ts": "1509232991.000037"
    },
    {
        "type": "message",
        "user": "U2D026HHN",
        "text": "what if they were exactly 27??",
        "ts": "1509249885.000097"
    },
    {
        "type": "message",
        "user": "U2D0CPE6M",
        "text": "They are.  Updated bet statement is correct.",
        "edited": {
            "user": "U2D0CPE6M",
            "ts": "1509249965.000000"
        },
        "ts": "1509249950.000046"
    }
]