[
    {
        "user": "U2D0CPE6M",
        "text": "<@U2D0CPE6M> has joined the channel",
        "type": "message",
        "subtype": "channel_join",
        "ts": "1493073473.976930"
    },
    {
        "user": "U2D0CPE6M",
        "text": "<@U2D0CPE6M> un-archived the channel",
        "type": "message",
        "subtype": "channel_unarchive",
        "ts": "1493073474.976933"
    },
    {
        "user": "U2D026HHN",
        "inviter": "U2D0CPE6M",
        "text": "<@U2D026HHN> has joined the channel",
        "type": "message",
        "subtype": "channel_join",
        "ts": "1493073546.990206"
    },
    {
        "user": "U2D0K9866",
        "inviter": "U2D0CPE6M",
        "text": "<@U2D0K9866> has joined the channel",
        "type": "message",
        "subtype": "channel_join",
        "ts": "1493073546.990209"
    },
    {
        "user": "U2GK97M1A",
        "inviter": "U2D0CPE6M",
        "text": "<@U2GK97M1A> has joined the channel",
        "type": "message",
        "subtype": "channel_join",
        "ts": "1493073546.990214"
    },
    {
        "user": "U2J7GJ50Q",
        "inviter": "U2D0CPE6M",
        "text": "<@U2J7GJ50Q> has joined the channel",
        "type": "message",
        "subtype": "channel_join",
        "ts": "1493073546.990219"
    },
    {
        "user": "U2D01HLT0",
        "inviter": "U2D0CPE6M",
        "text": "<@U2D01HLT0> has joined the channel",
        "type": "message",
        "subtype": "channel_join",
        "ts": "1493073546.990222"
    },
    {
        "user": "U2CU0JFFD",
        "inviter": "U2D0CPE6M",
        "text": "<@U2CU0JFFD> has joined the channel",
        "type": "message",
        "subtype": "channel_join",
        "ts": "1493073546.990226"
    },
    {
        "user": "U2CU0HV7D",
        "inviter": "U2D0CPE6M",
        "text": "<@U2CU0HV7D> has joined the channel",
        "type": "message",
        "subtype": "channel_join",
        "ts": "1493073546.990232"
    },
    {
        "user": "U2D01HAA2",
        "inviter": "U2D0CPE6M",
        "text": "<@U2D01HAA2> has joined the channel",
        "type": "message",
        "subtype": "channel_join",
        "ts": "1493073546.990236"
    },
    {
        "user": "U2D08CYRK",
        "inviter": "U2D0CPE6M",
        "text": "<@U2D08CYRK> has joined the channel",
        "type": "message",
        "subtype": "channel_join",
        "ts": "1493073546.990240"
    },
    {
        "user": "U2D0C4SH5",
        "inviter": "U2D0CPE6M",
        "text": "<@U2D0C4SH5> has joined the channel",
        "type": "message",
        "subtype": "channel_join",
        "ts": "1493073546.990245"
    },
    {
        "user": "U2UPVPNTB",
        "inviter": "U2D0CPE6M",
        "text": "<@U2UPVPNTB> has joined the channel",
        "type": "message",
        "subtype": "channel_join",
        "ts": "1493073546.990256"
    },
    {
        "user": "U4F57EN2F",
        "inviter": "U2D0CPE6M",
        "text": "<@U4F57EN2F> has joined the channel",
        "type": "message",
        "subtype": "channel_join",
        "ts": "1493073546.990263"
    },
    {
        "user": "U3K49B8H0",
        "inviter": "U2D0CPE6M",
        "text": "<@U3K49B8H0> has joined the channel",
        "type": "message",
        "subtype": "channel_join",
        "ts": "1493073546.990266"
    },
    {
        "user": "U2CU0JCGK",
        "inviter": "U2D0CPE6M",
        "text": "<@U2CU0JCGK> has joined the channel",
        "type": "message",
        "subtype": "channel_join",
        "ts": "1493073546.990272"
    },
    {
        "type": "message",
        "user": "U2D0CPE6M",
        "text": "Elizabeth - Quincy, on whether Phaedrus' was so named at birth.  1:4 ($5:$20) odds.  Resolved in Elizabeth's favor.",
        "ts": "1493073673.013529"
    },
    {
        "type": "message",
        "user": "U2CU0HV7D",
        "text": "1 on birth, 4 on non-birth? Or other way?",
        "ts": "1493074731.200248"
    },
    {
        "type": "message",
        "user": "U2D0CPE6M",
        "text": "1 on birth, 4 on non-birth",
        "ts": "1493074777.208419"
    }
]