[
    {
        "type": "message",
        "user": "U2D01HLT0",
        "text": "$1:$1 Kurt-Phaedrus on whether NK had already gotten a missile over Japan back when Kurt was spoiling a nice ramen dinner with nuclear anxieties, to the response of rolling eyes.\nResolved in Phaedrus's favor.",
        "ts": "1506299427.000092"
    },
    {
        "user": "U74F3P9AN",
        "text": "<@U74F3P9AN> has joined the channel",
        "type": "message",
        "subtype": "channel_join",
        "ts": "1506309110.000028"
    }
]