[
    {
        "type": "message",
        "user": "U2D01HLT0",
        "text": "$1:$1 Kurt-Claire on Trader Joe's being more than a 10min walk from CFAR\nResolved in Claire's favor (6min)",
        "thread_ts": "1501469590.173460",
        "reply_count": 1,
        "replies": [
            {
                "user": "U3K49B8H0",
                "ts": "1501534669.159626"
            }
        ],
        "unread_count": 1,
        "ts": "1501469590.173460",
        "reactions": [
            {
                "name": "+1",
                "users": [
                    "U3K49B8H0"
                ],
                "count": 1
            }
        ]
    },
    {
        "text": "smells like teen spirit",
        "type": "message",
        "subtype": "slackbot_response",
        "user": "USLACKBOT",
        "ts": "1501469590.173466"
    }
]