[
    {
        "type": "message",
        "user": "U2D0CPE6M",
        "text": "$2:$2 Quincy-Elizabeth on whether \"transliteration\" has to do with the sounds of words or the meaning.\n\nResolved in Quincy's favor.",
        "thread_ts": "1508175601.000256",
        "reply_count": 1,
        "replies": [
            {
                "user": "U2D0CPE6M",
                "ts": "1509232991.000037"
            }
        ],
        "unread_count": 1,
        "ts": "1508175601.000256",
        "reactions": [
            {
                "name": "grinning",
                "users": [
                    "U2D08CYRK"
                ],
                "count": 1
            }
        ]
    }
]