[
    {
        "type": "message",
        "user": "U2D026HHN",
        "text": "$1:$1 Quincy - Aysja on Montreal having a higher percentage of English speakers than Paris ",
        "ts": "1496084037.359036"
    },
    {
        "type": "message",
        "user": "U2D026HHN",
        "text": "$1:$1 Quincy-Olivia on who authored Blindsight",
        "ts": "1496121151.178192"
    },
    {
        "type": "message",
        "user": "U2D026HHN",
        "text": "Resolved in Olivia's favor (written by Peter Watts)",
        "ts": "1496121176.180532"
    },
    {
        "type": "message",
        "user": "U2D026HHN",
        "text": "Montreal bet unresolved (for now)",
        "ts": "1496121235.186025"
    }
]