[
    {
        "type": "message",
        "user": "U2D0CPE6M",
        "text": "$1:$1 Quincy-Aysja on whether or not it's a bird.\n\nResolved in Quincy's favor.",
        "ts": "1502450087.084723",
        "reactions": [
            {
                "name": "laughing",
                "users": [
                    "U3K49B8H0",
                    "U2D026HHN"
                ],
                "count": 2
            }
        ]
    },
    {
        "type": "message",
        "user": "U2D026HHN",
        "text": "It was a more difficult category judgement than it sounds!! ",
        "ts": "1502474810.300334",
        "reactions": [
            {
                "name": "joy",
                "users": [
                    "U3K49B8H0"
                ],
                "count": 1
            }
        ]
    }
]