[
    {
        "type": "message",
        "user": "U2CU0JFFD",
        "text": "$1:$1 Ben Bryan on whether the compost bin was still there.",
        "ts": "1498756778.609589"
    },
    {
        "type": "message",
        "user": "U2CU0JFFD",
        "text": "Resolved in Bryan's favor: we still have a compost bin",
        "ts": "1498756792.614513"
    },
    {
        "type": "message",
        "user": "U2D0CPE6M",
        "text": "$1:$2 Quincy-Aysja on whether \"benignant\" is a word or not.  Resolved in Quincy's favor.",
        "ts": "1498785843.661058"
    },
    {
        "type": "message",
        "user": "U2D08CYRK",
        "text": "aysjaj: Billion, right?",
        "thread_ts": "1498250045.830252",
        "parent_user_id": "U2D026HHN",
        "ts": "1498803173.609219"
    }
]