[
    {
        "type": "message",
        "user": "U2D0CPE6M",
        "text": "$.50:$3.50 Quincy-Elizabeth on whether Quincy will complete the CFAR schedule or go to sleep and not do it.\n\nResolved in Quincy's favor.",
        "ts": "1507709468.000190",
        "reactions": [
            {
                "name": "smile",
                "users": [
                    "U2D026HHN"
                ],
                "count": 1
            }
        ]
    },
    {
        "text": "*spank me*",
        "type": "message",
        "subtype": "slackbot_response",
        "user": "USLACKBOT",
        "ts": "1507709468.000224"
    }
]