[
    {
        "type": "message",
        "user": "U2D01HLT0",
        "text": "$1:$1 Kurt - Elizabeth on whether a chocolate milk popsicle is more of a sugar bomb than a bowl of granola+milk, measured by ratio of sugar calories to (fat + protein) calories.\nResolved in Elizabeth's favor.",
        "ts": "1498332001.844589"
    },
    {
        "text": "smells like teen spirit",
        "type": "message",
        "subtype": "slackbot_response",
        "user": "USLACKBOT",
        "ts": "1498332001.844604"
    },
    {
        "type": "message",
        "user": "U2D0C4SH5",
        "text": "It's _less_ of a sugar bomb by calories and more by grams.",
        "ts": "1498332371.864670"
    }
]