[
    {
        "type": "message",
        "user": "U2D026HHN",
        "text": "$1:$1 Aysja-phaedrus on whether the range of caffeine content in black tea overlaps with the range of caffeine content in coffee. Resolved in phaedrus's favor  ",
        "ts": "1498949631.578940"
    },
    {
        "type": "message",
        "user": "U2D0CPE6M",
        "text": "In practice I would def expect it to overlap",
        "ts": "1498949729.588429"
    },
    {
        "type": "message",
        "user": "U2D026HHN",
        "text": "How do you mean?",
        "ts": "1498951680.752669"
    },
    {
        "type": "message",
        "user": "U2D0CPE6M",
        "text": "I doubt caffeine content is super consistent across cups of coffee (people use different amounts of beans \/ cup) or brands (maybe something about freshness\/type of bean?), or maybe even by bag.  \n\nI guess I would have lost the bet if you confirmed based on the last 2.  But the first thing still seems relevant, technically, in practice.",
        "edited": {
            "user": "U2D0CPE6M",
            "ts": "1498951852.000000"
        },
        "ts": "1498951829.760933"
    },
    {
        "type": "message",
        "user": "U2D026HHN",
        "text": "mm, we looked at ranges which I thought would account for that, but they're still very far apart. The high end on black tea was 48 and the low end on coffee was 95",
        "ts": "1498952613.825593",
        "reactions": [
            {
                "name": "+1",
                "users": [
                    "U3K49B8H0",
                    "U2D08CYRK"
                ],
                "count": 2
            }
        ]
    },
    {
        "type": "message",
        "user": "U2D0CPE6M",
        "text": "surprising",
        "ts": "1498955121.992786"
    }
]