[
    {
        "type": "message",
        "user": "U2D01HLT0",
        "text": "$3 : $1 Kurt-Phaedrus\n_James and the Giant Peach_ came out in 1996.\nResolved as true in Kurt's favor.",
        "ts": "1504590136.000065",
        "reactions": [
            {
                "name": "laughing",
                "users": [
                    "U3K49B8H0"
                ],
                "count": 1
            }
        ]
    },
    {
        "text": "smells like teen spirit",
        "type": "message",
        "subtype": "slackbot_response",
        "user": "USLACKBOT",
        "ts": "1504590136.000081"
    },
    {
        "type": "message",
        "user": "U2D026HHN",
        "text": "DAMN kurt. I'm surprised and intrigued by your confidence",
        "ts": "1504591944.000241"
    },
    {
        "text": "smells like teen spirit",
        "type": "message",
        "subtype": "slackbot_response",
        "user": "USLACKBOT",
        "ts": "1504591944.000257"
    }
]