[
    {
        "type": "message",
        "user": "U2D01HLT0",
        "text": "$5 : $5 Kurt - Oli\n“Call on Me” by Eric Prydz was released before 2008.\nResolved in Kurt’s favor",
        "ts": "1508819085.000136"
    },
    {
        "type": "message",
        "user": "U2D0CPE6M",
        "text": "Why do people make bets with Kurt about dates...?",
        "ts": "1508825894.000114",
        "reactions": [
            {
                "name": "heavy_plus_sign",
                "users": [
                    "U3K49B8H0"
                ],
                "count": 1
            }
        ]
    },
    {
        "type": "message",
        "user": "U614WV9NC",
        "text": "I was not aware that he had a particularly strong track record of winning bets about dates",
        "ts": "1508826125.000132"
    }
]