[
    {
        "type": "message",
        "user": "U2CU0HV7D",
        "text": "$1:$1 Quincy\/Connor on whether chemotherapy targets hair cells because they are fast-growing, like cancer cells",
        "thread_ts": "1493494111.721604",
        "reply_count": 1,
        "replies": [
            {
                "user": "U3K49B8H0",
                "ts": "1493494273.730804"
            }
        ],
        "unread_count": 1,
        "ts": "1493494111.721604"
    },
    {
        "type": "message",
        "user": "U3K49B8H0",
        "text": "flexman: Who is claiming positive?",
        "thread_ts": "1493494111.721604",
        "parent_user_id": "U2CU0HV7D",
        "ts": "1493494273.730804"
    },
    {
        "type": "message",
        "user": "U2CU0HV7D",
        "text": "Resolved in Quincy's favor: chemotherapies apparently target fast-growing cells",
        "edited": {
            "user": "U2CU0HV7D",
            "ts": "1493494309.000000"
        },
        "ts": "1493494275.730929"
    }
]