[
    {
        "type": "message",
        "user": "U2D026HHN",
        "text": "When they looked it up, it was 85, but I didn't closely inspect",
        "thread_ts": "1498250045.830252",
        "parent_user_id": "U2D026HHN",
        "ts": "1498806114.035722"
    },
    {
        "type": "message",
        "user": "U2J7GJ50Q",
        "text": "Bet Untaken by Olivia: $1000 1:1 bet that Bryan used to be a Buddha   (with Phoenix as judge of Budahood )",
        "edited": {
            "user": "U2J7GJ50Q",
            "ts": "1498810010.000000"
        },
        "ts": "1498809874.762315"
    },
    {
        "type": "message",
        "user": "U2J7GJ50Q",
        "text": "Bet Untaken by Kurt: $100 1:1 that Bryan used to be a whale photographer after he got kissed by a whale",
        "ts": "1498809900.767888"
    },
    {
        "text": "smells like teen spirit",
        "type": "message",
        "subtype": "slackbot_response",
        "user": "USLACKBOT",
        "ts": "1498809900.767921"
    }
]