[
    {
        "user": "U2D0CPE6M",
        "text": "<@U2D0CPE6M> has joined the channel",
        "type": "message",
        "subtype": "channel_join",
        "ts": "1489824891.353248"
    },
    {
        "user": "U2CU0HV7D",
        "inviter": "U2D0CPE6M",
        "text": "<@U2CU0HV7D> has joined the channel",
        "type": "message",
        "subtype": "channel_join",
        "ts": "1489824891.353268"
    },
    {
        "user": "U2D01HLT0",
        "inviter": "U2D0CPE6M",
        "text": "<@U2D01HLT0> has joined the channel",
        "type": "message",
        "subtype": "channel_join",
        "ts": "1489824891.353271"
    },
    {
        "user": "U2D08CYRK",
        "inviter": "U2D0CPE6M",
        "text": "<@U2D08CYRK> has joined the channel",
        "type": "message",
        "subtype": "channel_join",
        "ts": "1489824891.353274"
    },
    {
        "user": "U2UPVPNTB",
        "inviter": "U2D0CPE6M",
        "text": "<@U2UPVPNTB> has joined the channel",
        "type": "message",
        "subtype": "channel_join",
        "ts": "1489824891.353276"
    },
    {
        "user": "U3K49B8H0",
        "inviter": "U2D0CPE6M",
        "text": "<@U3K49B8H0> has joined the channel",
        "type": "message",
        "subtype": "channel_join",
        "ts": "1489824891.353277"
    },
    {
        "user": "U2D0C4SH5",
        "inviter": "U2D0CPE6M",
        "text": "<@U2D0C4SH5> has joined the channel",
        "type": "message",
        "subtype": "channel_join",
        "ts": "1489824891.353279"
    },
    {
        "user": "U2J7GJ50Q",
        "inviter": "U2D0CPE6M",
        "text": "<@U2J7GJ50Q> has joined the channel",
        "type": "message",
        "subtype": "channel_join",
        "ts": "1489824891.353280"
    },
    {
        "user": "U2D01HAA2",
        "inviter": "U2D0CPE6M",
        "text": "<@U2D01HAA2> has joined the channel",
        "type": "message",
        "subtype": "channel_join",
        "ts": "1489824891.353284"
    },
    {
        "user": "U2D026HHN",
        "inviter": "U2D0CPE6M",
        "text": "<@U2D026HHN> has joined the channel",
        "type": "message",
        "subtype": "channel_join",
        "ts": "1489824892.353292"
    },
    {
        "user": "U2CU0JCGK",
        "inviter": "U2D0CPE6M",
        "text": "<@U2CU0JCGK> has joined the channel",
        "type": "message",
        "subtype": "channel_join",
        "ts": "1489824892.353293"
    },
    {
        "user": "U2CU0JFFD",
        "inviter": "U2D0CPE6M",
        "text": "<@U2CU0JFFD> has joined the channel",
        "type": "message",
        "subtype": "channel_join",
        "ts": "1489824892.353294"
    },
    {
        "user": "U2D0K9866",
        "inviter": "U2D0CPE6M",
        "text": "<@U2D0K9866> has joined the channel",
        "type": "message",
        "subtype": "channel_join",
        "ts": "1489824892.353300"
    },
    {
        "user": "U2GK97M1A",
        "inviter": "U2D0CPE6M",
        "text": "<@U2GK97M1A> has joined the channel",
        "type": "message",
        "subtype": "channel_join",
        "ts": "1489824892.353305"
    },
    {
        "user": "U4F57EN2F",
        "inviter": "U2D0CPE6M",
        "text": "<@U4F57EN2F> has joined the channel",
        "type": "message",
        "subtype": "channel_join",
        "ts": "1489824892.353311"
    },
    {
        "user": "U4BCD5AQ7",
        "inviter": "U2D0CPE6M",
        "text": "<@U4BCD5AQ7> has joined the channel",
        "type": "message",
        "subtype": "channel_join",
        "ts": "1489824892.353312"
    }
]