[
    {
        "type": "message",
        "user": "U2D026HHN",
        "text": "$1:$1 Olivia Aysja on whether phaedrus majored in physics or not ",
        "ts": "1498713183.217234"
    },
    {
        "type": "message",
        "user": "U2D026HHN",
        "text": "Resolved in aysja's major ",
        "ts": "1498713247.224083"
    },
    {
        "type": "message",
        "user": "U2D026HHN",
        "text": "Favor ",
        "ts": "1498713248.224272"
    },
    {
        "type": "message",
        "user": "U2D026HHN",
        "text": "Lol",
        "ts": "1498713251.224519"
    }
]