[
    {
        "type": "message",
        "user": "U2D0CPE6M",
        "text": "$10:$1 Ben-Quincy on whether \"isle\" and \"island\" have the same etymological root.\n\nResolved in Quincy's favor.",
        "thread_ts": "1507632632.000009",
        "reply_count": 1,
        "replies": [
            {
                "user": "U2CU0HV7D",
                "ts": "1507652894.000447"
            }
        ],
        "unread_count": 1,
        "ts": "1507632632.000009",
        "reactions": [
            {
                "name": "open_mouth",
                "users": [
                    "U2D08CYRK",
                    "U2D026HHN"
                ],
                "count": 2
            }
        ]
    },
    {
        "type": "message",
        "user": "U2CU0HV7D",
        "text": "That is crazy weird. Glad to have some closure by the fact that island was modified by isle though. Hilarious that aisle also got mucked up with the isle root and others ",
        "thread_ts": "1507632632.000009",
        "parent_user_id": "U2D0CPE6M",
        "ts": "1507652894.000447",
        "reactions": [
            {
                "name": "+1",
                "users": [
                    "U2D0CPE6M"
                ],
                "count": 1
            }
        ]
    }
]