[
    {
        "type": "message",
        "user": "U2D08CYRK",
        "text": "&gt; $1:$1 Aysja Quincy on whether quitting apps on an iPhone 5s preserves battery life\n&gt; Resolved in Quincy’s favor\n\n<@U2D026HHN> Double-checking that I understand the bet statement format --- this means that quitting apps does *not* preserve battery life. Is that correct?",
        "ts": "1499367467.579634"
    },
    {
        "type": "message",
        "user": "U2D0CPE6M",
        "text": "Yup",
        "ts": "1499367489.591781"
    }
]